-- MySQL dump 10.13  Distrib 8.0.23, for Linux (x86_64)
--
-- Host: localhost    Database: vk
-- ------------------------------------------------------
-- Server version	8.0.23-0ubuntu0.20.04.1

/*!40101 SET @OLD_CHARACTER_SET_CLIENT=@@CHARACTER_SET_CLIENT */;
/*!40101 SET @OLD_CHARACTER_SET_RESULTS=@@CHARACTER_SET_RESULTS */;
/*!40101 SET @OLD_COLLATION_CONNECTION=@@COLLATION_CONNECTION */;
/*!50503 SET NAMES utf8mb4 */;
/*!40103 SET @OLD_TIME_ZONE=@@TIME_ZONE */;
/*!40103 SET TIME_ZONE='+00:00' */;
/*!40014 SET @OLD_UNIQUE_CHECKS=@@UNIQUE_CHECKS, UNIQUE_CHECKS=0 */;
/*!40014 SET @OLD_FOREIGN_KEY_CHECKS=@@FOREIGN_KEY_CHECKS, FOREIGN_KEY_CHECKS=0 */;
/*!40101 SET @OLD_SQL_MODE=@@SQL_MODE, SQL_MODE='NO_AUTO_VALUE_ON_ZERO' */;
/*!40111 SET @OLD_SQL_NOTES=@@SQL_NOTES, SQL_NOTES=0 */;

--
-- Table structure for table `communities`
--

DROP TABLE IF EXISTS `communities`;
/*!40101 SET @saved_cs_client     = @@character_set_client */;
/*!50503 SET character_set_client = utf8mb4 */;
CREATE TABLE `communities` (
  `id` int unsigned NOT NULL AUTO_INCREMENT COMMENT 'Идентификатор сроки',
  `name` varchar(150) CHARACTER SET utf8mb4 COLLATE utf8mb4_unicode_ci NOT NULL COMMENT 'Название группы',
  `created_at` datetime DEFAULT CURRENT_TIMESTAMP COMMENT 'Время создания строки',
  `updated_at` datetime DEFAULT CURRENT_TIMESTAMP ON UPDATE CURRENT_TIMESTAMP COMMENT 'Время обновления строки',
  PRIMARY KEY (`id`),
  UNIQUE KEY `name` (`name`)
) ENGINE=InnoDB AUTO_INCREMENT=101 DEFAULT CHARSET=utf8mb4 COLLATE=utf8mb4_unicode_ci COMMENT='Группы';
/*!40101 SET character_set_client = @saved_cs_client */;

--
-- Dumping data for table `communities`
--

LOCK TABLES `communities` WRITE;
/*!40000 ALTER TABLE `communities` DISABLE KEYS */;
INSERT INTO `communities` VALUES (1,'accusamus','2016-08-30 08:04:28','2021-04-21 14:48:03'),(2,'ad','2015-01-11 20:28:25','2021-04-21 14:48:03'),(3,'odio','2012-06-14 04:10:46','2021-04-21 14:48:03'),(4,'illo','2018-10-19 02:23:10','2021-04-21 14:48:03'),(5,'temporibus','2018-11-24 05:31:12','2021-04-21 14:48:03'),(6,'sed','2012-10-16 11:49:53','2021-04-21 14:48:03'),(7,'consequuntur','2015-10-11 13:09:58','2021-04-21 14:48:03'),(8,'ab','2018-03-19 06:11:55','2021-04-21 14:48:03'),(9,'assumenda','2018-06-18 15:39:26','2021-04-21 14:48:03'),(10,'voluptas','2018-02-20 23:47:30','2021-04-21 14:48:03'),(11,'eum','2020-10-17 09:52:00','2021-04-21 14:48:03'),(12,'aut','2015-07-30 16:32:43','2021-04-21 14:48:03'),(13,'dolore','2014-10-30 09:17:52','2021-04-21 14:48:03'),(14,'dolor','2018-07-11 21:20:20','2021-04-21 14:48:03'),(15,'numquam','2018-08-02 12:00:41','2021-04-21 14:48:03'),(16,'fugit','2013-06-27 07:18:34','2021-04-21 14:48:03'),(17,'mollitia','2019-01-28 19:30:04','2021-04-21 14:48:03'),(18,'enim','2019-07-31 00:33:52','2021-04-21 14:48:03'),(19,'a','2013-09-28 21:30:21','2021-04-21 14:48:03'),(20,'est','2014-06-24 06:44:00','2021-04-21 14:48:03'),(21,'voluptatibus','2017-07-08 20:25:38','2021-04-21 14:48:03'),(22,'blanditiis','2018-05-09 01:10:24','2021-04-21 14:48:03'),(23,'dolorum','2011-09-22 08:42:04','2021-04-21 14:48:03'),(24,'voluptate','2012-07-25 05:07:25','2021-04-21 14:48:03'),(25,'pariatur','2018-06-09 06:50:07','2021-04-21 14:48:03'),(26,'rerum','2018-07-25 11:16:14','2021-04-21 14:48:03'),(27,'voluptatem','2021-03-09 23:27:14','2021-04-21 14:48:03'),(28,'accusantium','2013-04-15 08:12:51','2021-04-21 14:48:03'),(29,'quia','2013-09-25 09:30:35','2021-04-21 14:48:03'),(30,'officiis','2014-08-31 00:18:24','2021-04-21 14:48:03');
/*!40000 ALTER TABLE `communities` ENABLE KEYS */;
UNLOCK TABLES;

--
-- Table structure for table `communities_users`
--

DROP TABLE IF EXISTS `communities_users`;
/*!40101 SET @saved_cs_client     = @@character_set_client */;
/*!50503 SET character_set_client = utf8mb4 */;
CREATE TABLE `communities_users` (
  `community_id` int unsigned NOT NULL COMMENT 'Ссылка на группу',
  `user_id` int unsigned NOT NULL COMMENT 'Ссылка на пользователя',
  `created_at` datetime DEFAULT CURRENT_TIMESTAMP COMMENT 'Время создания строки',
  PRIMARY KEY (`community_id`,`user_id`) COMMENT 'Составной первичный ключ'
) ENGINE=InnoDB DEFAULT CHARSET=utf8mb4 COLLATE=utf8mb4_unicode_ci COMMENT='Участники групп, связь между пользователями и группами';
/*!40101 SET character_set_client = @saved_cs_client */;

--
-- Dumping data for table `communities_users`
--

LOCK TABLES `communities_users` WRITE;
/*!40000 ALTER TABLE `communities_users` DISABLE KEYS */;
INSERT INTO `communities_users` VALUES (1,9,'2018-09-29 12:55:59'),(1,41,'2018-05-05 15:21:06'),(1,54,'2016-08-09 08:47:14'),(1,98,'2020-02-20 06:06:54'),(2,9,'2016-11-01 19:46:05'),(2,13,'2012-05-29 10:33:33'),(2,14,'2019-06-26 10:46:58'),(2,15,'2012-09-23 07:44:54'),(2,21,'2012-03-15 12:32:52'),(2,23,'2013-06-25 11:19:19'),(2,25,'2011-05-10 02:11:33'),(2,95,'2013-11-12 01:05:45'),(2,98,'2017-05-30 17:30:42'),(2,100,'2018-12-26 04:36:26'),(3,95,'2020-11-26 06:05:02'),(4,7,'2019-08-20 09:09:39'),(4,46,'2018-02-28 13:04:35'),(4,82,'2014-08-01 06:53:33'),(5,7,'2020-08-20 17:46:56'),(5,12,'2014-09-28 21:04:24'),(5,21,'2019-08-22 07:04:51'),(5,54,'2018-11-18 04:23:12'),(5,87,'2011-06-25 17:49:03'),(6,55,'2018-12-28 09:45:32'),(6,79,'2014-05-25 14:51:06'),(7,3,'2015-01-13 09:46:32'),(7,73,'2017-09-10 09:01:45'),(7,85,'2018-02-13 03:05:41'),(8,5,'2020-01-05 02:01:34'),(8,27,'2016-04-14 08:47:54'),(8,61,'2019-05-09 06:11:46'),(8,69,'2012-05-10 03:47:27'),(9,22,'2012-09-02 02:52:53'),(9,29,'2014-02-09 17:07:19'),(9,47,'2021-04-14 09:20:32'),(9,64,'2016-03-30 20:42:26'),(10,14,'2021-03-12 20:55:18'),(10,76,'2011-04-27 23:57:21'),(10,84,'2019-06-17 19:37:04'),(10,100,'2016-10-18 10:47:01'),(11,22,'2016-05-18 21:27:47'),(11,67,'2019-07-19 06:03:21'),(11,72,'2021-03-09 19:59:34'),(11,85,'2021-03-14 13:14:36'),(12,57,'2013-09-08 12:09:09'),(12,74,'2019-02-06 09:17:51'),(12,96,'2014-10-11 08:18:55'),(13,12,'2014-11-21 10:36:34'),(13,14,'2019-08-27 06:29:12'),(13,34,'2014-08-10 02:25:12'),(13,50,'2016-04-21 01:15:01'),(13,93,'2015-10-22 00:50:04'),(13,100,'2015-02-04 10:19:45'),(14,4,'2018-02-11 09:29:56'),(14,44,'2012-06-11 01:11:28'),(14,46,'2021-01-17 00:55:45'),(14,54,'2018-01-23 14:07:30'),(14,65,'2016-06-12 09:01:11'),(14,73,'2019-04-30 16:35:58'),(16,18,'2019-01-17 23:18:51'),(16,35,'2018-03-30 05:15:26'),(17,19,'2014-07-17 20:20:41'),(17,55,'2016-05-18 09:18:44'),(17,62,'2015-10-28 14:07:03'),(17,84,'2018-01-30 13:04:58'),(18,55,'2017-05-18 00:06:21'),(19,42,'2016-10-22 18:12:53'),(19,58,'2018-12-04 18:16:45'),(20,55,'2011-07-06 00:22:19'),(21,22,'2017-11-25 18:40:23'),(21,33,'2020-01-28 17:19:45'),(21,41,'2019-12-30 04:23:50'),(21,61,'2015-10-07 16:20:09'),(21,98,'2017-02-23 23:15:14'),(22,3,'2015-02-01 22:53:04'),(22,13,'2013-02-09 19:09:56'),(22,22,'2019-01-14 05:22:14'),(22,51,'2017-11-05 07:30:30'),(23,76,'2021-02-12 11:54:52'),(24,33,'2011-12-01 22:03:21'),(24,57,'2019-07-30 15:52:44'),(24,60,'2016-05-15 01:49:48'),(24,77,'2020-03-14 14:21:33'),(25,77,'2018-05-09 05:42:28'),(26,41,'2020-06-18 09:41:38'),(26,55,'2020-07-14 19:00:54'),(27,17,'2011-07-25 20:01:21'),(28,22,'2013-04-06 20:00:45'),(28,30,'2015-01-22 22:40:50'),(28,33,'2015-12-08 03:56:50'),(28,94,'2012-02-04 12:57:29'),(29,8,'2016-09-10 02:35:34'),(29,21,'2018-12-13 03:03:25'),(29,25,'2019-04-30 17:09:40'),(29,75,'2015-12-10 04:10:56'),(30,5,'2015-02-03 20:24:11'),(30,57,'2015-05-20 14:37:52'),(30,59,'2013-04-12 00:52:28'),(30,61,'2013-11-27 19:28:49'),(30,86,'2017-07-09 13:30:52');
/*!40000 ALTER TABLE `communities_users` ENABLE KEYS */;
UNLOCK TABLES;

--
-- Table structure for table `friendship`
--

DROP TABLE IF EXISTS `friendship`;
/*!40101 SET @saved_cs_client     = @@character_set_client */;
/*!50503 SET character_set_client = utf8mb4 */;
CREATE TABLE `friendship` (
  `user_id` int unsigned NOT NULL COMMENT 'Ссылка на инициатора дружеских отношений',
  `friend_id` int unsigned NOT NULL COMMENT 'Ссылка на получателя приглашения дружить',
  `friendship_status_id` int unsigned NOT NULL COMMENT 'Ссылка на статус (текущее состояние) отношений',
  `confirmed_at` datetime DEFAULT NULL COMMENT 'Время подтверждения приглашения',
  `created_at` datetime DEFAULT CURRENT_TIMESTAMP COMMENT 'Время создания строки',
  `updated_at` datetime DEFAULT CURRENT_TIMESTAMP ON UPDATE CURRENT_TIMESTAMP COMMENT 'Время обновления строки',
  PRIMARY KEY (`user_id`,`friend_id`) COMMENT 'Составной первичный ключ'
) ENGINE=InnoDB DEFAULT CHARSET=utf8mb4 COLLATE=utf8mb4_unicode_ci COMMENT='Таблица дружбы';
/*!40101 SET character_set_client = @saved_cs_client */;

--
-- Dumping data for table `friendship`
--

LOCK TABLES `friendship` WRITE;
/*!40000 ALTER TABLE `friendship` DISABLE KEYS */;
INSERT INTO `friendship` VALUES (1,16,1,'2021-04-21 14:05:19','2018-10-24 15:55:10','2021-04-21 14:13:59'),(1,55,1,'2021-04-21 14:05:19','2019-09-14 20:49:32','2021-04-21 14:13:59'),(3,57,2,'2021-04-21 14:05:19','2015-09-28 05:39:14','2021-04-21 14:13:59'),(4,18,1,'2021-04-21 14:05:19','2017-10-30 16:55:43','2021-04-21 14:13:59'),(4,62,3,'2020-07-16 12:40:31','2020-03-09 13:06:27','2021-04-21 14:13:59'),(4,83,1,'2021-04-21 14:05:19','2019-07-09 20:19:38','2021-04-21 14:13:59'),(6,56,1,'2021-04-21 14:05:19','2020-07-31 08:56:25','2021-04-21 14:13:59'),(8,57,3,'2017-10-21 12:45:15','2014-10-24 04:45:40','2021-04-21 14:13:59'),(8,86,1,'2021-04-21 14:05:19','2021-02-14 22:34:38','2021-04-21 14:13:59'),(10,62,3,'2021-04-21 14:05:19','2019-12-10 05:06:16','2021-04-21 14:13:59'),(10,78,1,'2021-04-21 14:05:19','2018-08-01 22:56:51','2021-04-21 14:13:59'),(11,12,3,'2021-03-27 08:57:41','2012-09-15 16:14:53','2021-04-21 14:13:59'),(11,38,2,'2021-04-21 14:05:19','2017-04-16 21:28:34','2021-04-21 14:13:59'),(13,83,1,'2021-04-21 14:05:19','2019-03-21 11:28:34','2021-04-21 14:13:59'),(14,21,2,'2021-04-21 14:05:19','2020-11-07 04:19:45','2021-04-21 14:13:59'),(16,86,2,'2017-06-19 22:21:19','2011-07-21 09:36:30','2021-04-21 14:13:59'),(18,10,3,'2021-04-21 14:05:19','2019-10-27 23:33:40','2021-04-21 14:13:59'),(19,58,1,'2021-04-21 14:05:19','2014-12-29 17:08:16','2021-04-21 14:13:59'),(19,94,2,'2021-04-21 14:05:19','2019-01-07 07:21:30','2021-04-21 14:13:59'),(22,69,1,'2021-03-05 08:03:52','2019-05-04 08:32:27','2021-04-21 14:13:59'),(25,99,1,'2021-04-21 14:05:19','2018-05-24 13:40:47','2021-04-21 14:13:59'),(26,80,1,'2021-04-21 14:05:19','2017-01-24 18:19:05','2021-04-21 14:13:59'),(28,31,1,'2018-04-01 06:01:38','2013-11-08 17:14:14','2021-04-21 14:13:59'),(28,60,2,'2015-11-15 23:40:19','2012-11-19 01:27:46','2021-04-21 14:13:59'),(28,100,1,'2021-04-21 14:05:19','2020-10-31 21:02:55','2021-04-21 14:13:59'),(29,83,3,'2020-04-08 00:42:15','2018-05-17 22:58:32','2021-04-21 14:13:59'),(31,15,3,'2018-11-07 07:26:42','2012-03-11 05:41:08','2021-04-21 14:13:59'),(31,96,2,'2021-04-21 14:05:19','2015-05-08 03:35:02','2021-04-21 14:13:59'),(33,89,3,'2020-01-12 22:08:08','2012-06-27 00:22:16','2021-04-21 14:13:59'),(40,93,2,'2021-04-21 14:05:19','2014-04-04 23:10:36','2021-04-21 14:13:59'),(43,44,3,'2021-04-21 14:05:19','2020-11-10 08:02:43','2021-04-21 14:13:59'),(44,16,2,'2021-04-21 14:05:19','2016-03-22 17:36:19','2021-04-21 14:13:59'),(44,52,2,'2021-04-21 14:05:19','2016-03-20 10:15:19','2021-04-21 14:13:59'),(44,79,1,'2021-04-21 14:05:19','2015-07-28 03:54:30','2021-04-21 14:13:59'),(44,96,2,'2020-04-15 08:19:10','2017-10-15 05:34:16','2021-04-21 14:13:59'),(45,58,1,'2021-04-21 14:05:19','2016-03-10 07:06:54','2021-04-21 14:13:59'),(46,27,3,'2021-04-21 14:05:19','2019-05-13 21:08:09','2021-04-21 14:13:59'),(46,43,2,'2013-12-07 02:30:44','2012-02-03 15:15:21','2021-04-21 14:13:59'),(47,54,2,'2021-04-21 14:05:19','2017-10-20 00:58:21','2021-04-21 14:13:59'),(47,88,3,'2021-04-21 14:05:19','2016-11-05 10:25:24','2021-04-21 14:13:59'),(50,6,1,'2019-05-22 15:26:12','2013-12-10 22:50:52','2021-04-21 14:13:59'),(50,35,2,'2015-05-02 07:35:17','2013-03-08 19:43:47','2021-04-21 14:13:59'),(51,25,1,'2020-04-04 18:08:19','2019-10-10 02:45:21','2021-04-21 14:13:59'),(52,86,2,'2021-04-21 14:05:19','2017-06-26 05:33:13','2021-04-21 14:13:59'),(55,95,3,'2021-04-21 14:05:19','2021-03-18 07:51:58','2021-04-21 14:13:59'),(56,9,3,'2021-04-21 14:05:19','2017-01-12 12:56:23','2021-04-21 14:13:59'),(56,35,2,'2017-11-29 01:49:04','2012-12-25 18:42:30','2021-04-21 14:13:59'),(57,32,3,'2017-08-05 07:50:13','2015-09-20 16:32:04','2021-04-21 14:13:59'),(58,24,1,'2021-04-21 14:05:19','2016-05-16 17:33:20','2021-04-21 14:13:59'),(59,79,1,'2021-04-21 14:05:19','2018-10-30 20:46:18','2021-04-21 14:13:59'),(60,36,3,'2021-04-21 14:05:19','2020-10-16 00:53:28','2021-04-21 14:13:59'),(61,33,1,'2020-01-04 16:17:09','2019-11-11 08:10:24','2021-04-21 14:13:59'),(62,47,1,'2021-04-21 14:05:19','2016-12-04 23:34:00','2021-04-21 14:13:59'),(62,59,3,'2020-09-20 19:12:25','2018-04-02 15:25:35','2021-04-21 14:13:59'),(62,73,3,'2017-03-29 18:28:04','2014-12-29 23:47:45','2021-04-21 14:13:59'),(62,74,2,'2019-02-08 01:03:37','2011-09-02 01:09:33','2021-04-21 14:13:59'),(63,36,1,'2021-04-21 14:05:19','2018-11-15 19:25:25','2021-04-21 14:13:59'),(67,89,3,'2021-04-21 14:05:19','2015-10-27 10:50:11','2021-04-21 14:13:59'),(71,63,3,'2021-04-21 14:05:19','2019-06-07 13:53:16','2021-04-21 14:13:59'),(71,94,1,'2012-10-26 15:33:51','2012-05-07 01:21:40','2021-04-21 14:13:59'),(72,85,2,'2019-11-15 22:35:12','2019-06-20 04:42:59','2021-04-21 14:13:59'),(73,15,1,'2017-06-07 00:20:06','2015-09-19 22:07:54','2021-04-21 14:13:59'),(74,2,3,'2020-09-02 23:41:29','2014-06-13 03:53:27','2021-04-21 14:13:59'),(74,17,3,'2015-10-23 23:33:39','2014-07-22 13:43:34','2021-04-21 14:13:59'),(74,46,2,'2017-01-31 21:21:48','2013-04-13 14:06:06','2021-04-21 14:13:59'),(75,27,2,'2021-04-21 14:05:19','2017-05-10 13:37:24','2021-04-21 14:13:59'),(76,20,2,'2021-04-21 14:05:19','2020-01-20 09:55:02','2021-04-21 14:13:59'),(77,12,1,'2021-04-21 14:05:19','2016-09-30 01:41:07','2021-04-21 14:13:59'),(77,35,3,'2021-03-05 09:50:14','2019-05-04 15:56:49','2021-04-21 14:13:59'),(78,60,2,'2021-04-21 14:05:19','2012-12-22 09:16:07','2021-04-21 14:13:59'),(78,77,3,'2021-04-21 14:05:19','2016-11-28 16:46:39','2021-04-21 14:13:59'),(79,37,3,'2021-04-21 14:05:19','2020-02-26 20:54:04','2021-04-21 14:13:59'),(80,4,2,'2021-04-21 14:05:19','2015-01-20 18:07:19','2021-04-21 14:13:59'),(80,44,1,'2021-04-21 14:05:19','2017-02-20 02:14:55','2021-04-21 14:13:59'),(80,68,2,'2015-05-04 16:56:30','2012-05-10 05:14:11','2021-04-21 14:13:59'),(80,81,3,'2021-04-21 14:05:19','2021-03-22 08:09:18','2021-04-21 14:13:59'),(80,90,1,'2013-08-15 14:01:01','2011-04-26 04:41:47','2021-04-21 14:13:59'),(81,26,1,'2021-04-21 14:05:19','2018-01-11 14:09:44','2021-04-21 14:13:59'),(81,83,3,'2018-11-30 07:27:26','2012-02-03 03:15:27','2021-04-21 14:13:59'),(82,21,3,'2018-12-10 05:22:35','2014-05-27 23:47:22','2021-04-21 14:13:59'),(82,26,2,'2021-04-21 14:05:19','2011-10-20 06:14:41','2021-04-21 14:13:59'),(84,76,1,'2015-01-24 21:13:14','2011-06-06 23:58:10','2021-04-21 14:13:59'),(85,70,3,'2021-04-21 14:05:19','2019-06-19 22:44:47','2021-04-21 14:13:59'),(85,100,2,'2016-03-28 01:13:02','2011-12-22 09:43:38','2021-04-21 14:13:59'),(87,29,2,'2021-03-05 07:07:43','2019-08-25 11:20:05','2021-04-21 14:13:59'),(87,58,1,'2021-04-21 14:05:19','2017-12-29 23:04:44','2021-04-21 14:13:59'),(87,84,1,'2020-11-10 10:57:20','2012-08-12 06:29:03','2021-04-21 14:13:59'),(88,50,1,'2020-01-19 21:40:52','2011-07-27 03:58:43','2021-04-21 14:13:59'),(89,51,1,'2017-12-05 09:52:40','2017-06-19 03:12:28','2021-04-21 14:13:59'),(89,59,3,'2021-04-21 14:05:19','2014-08-10 10:57:37','2021-04-21 14:13:59'),(90,17,2,'2018-01-26 09:46:01','2011-05-20 14:19:38','2021-04-21 14:13:59'),(92,51,3,'2021-04-21 14:05:19','2018-06-26 13:49:13','2021-04-21 14:13:59'),(94,38,3,'2021-04-21 14:05:19','2016-12-20 01:07:02','2021-04-21 14:13:59'),(96,47,1,'2021-01-16 16:13:31','2011-05-18 05:58:13','2021-04-21 14:13:59'),(96,97,3,'2021-04-21 14:05:19','2017-03-08 04:03:29','2021-04-21 14:15:01'),(97,19,2,'2015-10-13 14:46:29','2015-01-28 19:09:33','2021-04-21 14:13:59'),(98,8,2,'2021-04-21 14:05:19','2017-10-22 08:47:51','2021-04-21 14:13:59'),(98,78,1,'2017-08-06 14:37:34','2011-09-17 02:59:49','2021-04-21 14:13:59'),(98,81,3,'2021-04-21 14:05:19','2017-04-05 09:24:13','2021-04-21 14:13:59'),(99,91,2,'2021-04-21 14:05:19','2016-10-31 01:54:15','2021-04-21 14:13:59');
/*!40000 ALTER TABLE `friendship` ENABLE KEYS */;
UNLOCK TABLES;

--
-- Table structure for table `friendship_statuses`
--

DROP TABLE IF EXISTS `friendship_statuses`;
/*!40101 SET @saved_cs_client     = @@character_set_client */;
/*!50503 SET character_set_client = utf8mb4 */;
CREATE TABLE `friendship_statuses` (
  `id` int unsigned NOT NULL AUTO_INCREMENT COMMENT 'Идентификатор строки',
  `name` varchar(150) CHARACTER SET utf8mb4 COLLATE utf8mb4_unicode_ci NOT NULL COMMENT 'Название статуса',
  `created_at` datetime DEFAULT CURRENT_TIMESTAMP COMMENT 'Время создания строки',
  `updated_at` datetime DEFAULT CURRENT_TIMESTAMP ON UPDATE CURRENT_TIMESTAMP COMMENT 'Время обновления строки',
  PRIMARY KEY (`id`),
  UNIQUE KEY `name` (`name`)
) ENGINE=InnoDB AUTO_INCREMENT=4 DEFAULT CHARSET=utf8mb4 COLLATE=utf8mb4_unicode_ci COMMENT='Статусы дружбы';
/*!40101 SET character_set_client = @saved_cs_client */;

--
-- Dumping data for table `friendship_statuses`
--

LOCK TABLES `friendship_statuses` WRITE;
/*!40000 ALTER TABLE `friendship_statuses` DISABLE KEYS */;
INSERT INTO `friendship_statuses` VALUES (1,'Requested','2021-04-21 13:58:25','2021-04-21 13:58:25'),(2,'Confirmed','2021-04-21 13:58:25','2021-04-21 13:58:25'),(3,'Rejected','2021-04-21 13:58:25','2021-04-21 13:58:25');
/*!40000 ALTER TABLE `friendship_statuses` ENABLE KEYS */;
UNLOCK TABLES;

--
-- Table structure for table `media`
--

DROP TABLE IF EXISTS `media`;
/*!40101 SET @saved_cs_client     = @@character_set_client */;
/*!50503 SET character_set_client = utf8mb4 */;
CREATE TABLE `media` (
  `id` int unsigned NOT NULL AUTO_INCREMENT COMMENT 'Идентификатор строки',
  `user_id` int unsigned NOT NULL COMMENT 'Ссылка на пользователя, который загрузил файл',
  `filename` varchar(255) CHARACTER SET utf8mb4 COLLATE utf8mb4_unicode_ci NOT NULL COMMENT 'Путь к файлу',
  `size` int NOT NULL COMMENT 'Размер файла',
  `metadata` json DEFAULT NULL,
  `media_type_id` int unsigned NOT NULL COMMENT 'Ссылка на тип контента',
  `created_at` datetime DEFAULT CURRENT_TIMESTAMP COMMENT 'Время создания строки',
  `updated_at` datetime DEFAULT CURRENT_TIMESTAMP ON UPDATE CURRENT_TIMESTAMP COMMENT 'Время обновления строки',
  PRIMARY KEY (`id`),
  CONSTRAINT `media_chk_1` CHECK (json_valid(`metadata`))
) ENGINE=InnoDB AUTO_INCREMENT=101 DEFAULT CHARSET=utf8mb4 COLLATE=utf8mb4_unicode_ci COMMENT='Медиафайлы';
/*!40101 SET character_set_client = @saved_cs_client */;

--
-- Dumping data for table `media`
--

LOCK TABLES `media` WRITE;
/*!40000 ALTER TABLE `media` DISABLE KEYS */;
INSERT INTO `media` VALUES (1,85,'http://dropbox.net/vk/dolor.mp4',8745011,'{\"owner\": \"Armani Turner\"}',3,'2012-01-09 05:52:56','2021-04-21 15:13:52'),(2,9,'http://dropbox.net/vk/nesciunt.jpeg',1921412,'{\"owner\": \"Kenya Herzog\"}',1,'2011-06-04 15:33:42','2021-04-21 15:13:52'),(3,89,'http://dropbox.net/vk/et.png',32271,'{\"owner\": \"Stefan Zulauf\"}',3,'2012-07-13 16:22:13','2021-04-21 15:13:52'),(4,19,'http://dropbox.net/vk/voluptas.avi',264005,'{\"owner\": \"Quentin Kautzer\"}',3,'2017-11-10 05:58:12','2021-04-21 15:13:52'),(5,28,'http://dropbox.net/vk/ullam.png',462702,'{\"owner\": \"Kaycee Bednar\"}',3,'2021-03-18 23:41:41','2021-04-21 15:13:52'),(6,83,'http://dropbox.net/vk/totam.mp3',511494,'{\"owner\": \"Reyna Rau\"}',3,'2012-05-25 17:46:50','2021-04-21 15:13:52'),(7,30,'http://dropbox.net/vk/fugit.mp3',892412730,'{\"owner\": \"Myles Gerlach\"}',3,'2017-03-06 22:01:21','2021-04-21 15:13:52'),(8,99,'http://dropbox.net/vk/aut.jpeg',1428,'{\"owner\": \"Juliet Mosciski\"}',2,'2019-03-20 08:43:45','2021-04-21 15:13:52'),(9,6,'http://dropbox.net/vk/aliquam.avi',159365,'{\"owner\": \"Timmothy Johns\"}',3,'2020-07-21 18:39:10','2021-04-21 15:13:52'),(10,33,'http://dropbox.net/vk/rem.mp4',1972,'{\"owner\": \"Katherine Hudson\"}',3,'2012-02-28 14:28:52','2021-04-21 15:13:52'),(11,45,'http://dropbox.net/vk/eos.mp4',7469,'{\"owner\": \"Ivy Rutherford\"}',3,'2017-07-29 08:47:12','2021-04-21 15:13:52'),(12,25,'http://dropbox.net/vk/totam.jpeg',252345,'{\"owner\": \"Lance Flatley\"}',3,'2017-07-12 18:12:35','2021-04-21 15:13:52'),(13,91,'http://dropbox.net/vk/ut.png',773629,'{\"owner\": \"Kelsi Moore\"}',3,'2014-04-23 00:49:25','2021-04-21 15:13:52'),(14,79,'http://dropbox.net/vk/et.mp3',5522204,'{\"owner\": \"Gabrielle Leannon\"}',3,'2012-01-03 04:40:14','2021-04-21 15:13:52'),(15,23,'http://dropbox.net/vk/ipsam.mp3',2110060,'{\"owner\": \"Albin Gaylord\"}',3,'2013-11-13 07:31:58','2021-04-21 15:13:52'),(16,77,'http://dropbox.net/vk/deserunt.avi',4386705,'{\"owner\": \"Irma Hartmann\"}',1,'2017-11-14 05:52:42','2021-04-21 15:13:52'),(17,13,'http://dropbox.net/vk/beatae.mp3',287755256,'{\"owner\": \"Taurean Bode\"}',1,'2018-10-28 11:16:35','2021-04-21 15:13:52'),(18,36,'http://dropbox.net/vk/voluptatum.avi',101111,'{\"owner\": \"Karlee Lehner\"}',2,'2020-10-17 13:07:41','2021-04-21 15:13:52'),(19,41,'http://dropbox.net/vk/occaecati.avi',174670,'{\"owner\": \"Jammie Trantow\"}',1,'2021-02-05 23:30:21','2021-04-21 15:13:52'),(20,97,'http://dropbox.net/vk/porro.jpeg',6061,'{\"owner\": \"Edyth Erdman\"}',1,'2015-04-22 17:55:52','2021-04-21 15:13:52'),(21,62,'http://dropbox.net/vk/est.avi',87405513,'{\"owner\": \"Maryse Brakus\"}',2,'2018-03-11 17:54:53','2021-04-21 15:13:52'),(22,19,'http://dropbox.net/vk/neque.avi',560017,'{\"owner\": \"Quentin Kautzer\"}',2,'2018-09-10 00:22:48','2021-04-21 15:13:52'),(23,7,'http://dropbox.net/vk/exercitationem.mp3',25508577,'{\"owner\": \"Joana Gulgowski\"}',3,'2019-02-07 15:56:15','2021-04-21 15:13:52'),(24,76,'http://dropbox.net/vk/placeat.mp3',230523617,'{\"owner\": \"Corene Kovacek\"}',2,'2013-01-27 21:15:33','2021-04-21 15:13:52'),(25,61,'http://dropbox.net/vk/ducimus.avi',6034,'{\"owner\": \"Sarai Bernhard\"}',3,'2018-07-28 08:03:45','2021-04-21 15:13:52'),(26,76,'http://dropbox.net/vk/labore.mp4',266074,'{\"owner\": \"Corene Kovacek\"}',2,'2019-04-01 22:51:18','2021-04-21 15:13:52'),(27,96,'http://dropbox.net/vk/architecto.mp4',3700219,'{\"owner\": \"Gerardo Grant\"}',3,'2015-10-26 00:56:53','2021-04-21 15:13:52'),(28,54,'http://dropbox.net/vk/exercitationem.jpeg',578125163,'{\"owner\": \"Cortez Wiza\"}',1,'2015-07-20 14:13:04','2021-04-21 15:13:52'),(29,78,'http://dropbox.net/vk/perferendis.mp4',623407,'{\"owner\": \"Hazle Olson\"}',1,'2014-02-04 00:38:50','2021-04-21 15:13:52'),(30,28,'http://dropbox.net/vk/ipsum.mp3',677052,'{\"owner\": \"Kaycee Bednar\"}',3,'2015-01-24 12:22:10','2021-04-21 15:13:52'),(31,8,'http://dropbox.net/vk/porro.png',640320,'{\"owner\": \"Ezekiel Champlin\"}',2,'2015-01-19 10:07:04','2021-04-21 15:13:52'),(32,53,'http://dropbox.net/vk/deserunt.png',393380,'{\"owner\": \"Kurtis Pfannerstill\"}',3,'2017-12-27 12:19:20','2021-04-21 15:13:52'),(33,41,'http://dropbox.net/vk/sit.mp4',35939,'{\"owner\": \"Jammie Trantow\"}',3,'2012-05-05 07:21:02','2021-04-21 15:13:52'),(34,47,'http://dropbox.net/vk/iure.mp4',989558,'{\"owner\": \"Lelia Hettinger\"}',1,'2016-04-16 19:32:27','2021-04-21 15:13:52'),(35,10,'http://dropbox.net/vk/possimus.mp3',95335,'{\"owner\": \"Lora Zboncak\"}',1,'2012-05-10 16:53:23','2021-04-21 15:13:52'),(36,8,'http://dropbox.net/vk/exercitationem.mp3',1034887,'{\"owner\": \"Ezekiel Champlin\"}',2,'2019-04-05 06:44:35','2021-04-21 15:13:52'),(37,8,'http://dropbox.net/vk/nihil.jpeg',637817839,'{\"owner\": \"Ezekiel Champlin\"}',1,'2012-06-10 04:48:28','2021-04-21 15:13:52'),(38,18,'http://dropbox.net/vk/et.mp4',889724,'{\"owner\": \"Elyssa Balistreri\"}',3,'2021-03-24 19:51:02','2021-04-21 15:13:52'),(39,65,'http://dropbox.net/vk/molestiae.mp3',829970,'{\"owner\": \"Adrianna Kub\"}',1,'2016-04-14 16:50:52','2021-04-21 15:13:52'),(40,72,'http://dropbox.net/vk/perspiciatis.mp4',50434608,'{\"owner\": \"Immanuel Beatty\"}',2,'2016-03-05 03:10:38','2021-04-21 15:13:52'),(41,64,'http://dropbox.net/vk/est.png',5117501,'{\"owner\": \"Maxine Dickens\"}',1,'2014-11-08 03:07:34','2021-04-21 15:13:52'),(42,5,'http://dropbox.net/vk/nihil.jpeg',39698409,'{\"owner\": \"Jonatan Brekke\"}',2,'2020-04-11 09:05:06','2021-04-21 15:13:52'),(43,31,'http://dropbox.net/vk/fugiat.mp3',7321438,'{\"owner\": \"Nettie Ledner\"}',1,'2021-01-14 06:08:38','2021-04-21 15:13:52'),(44,38,'http://dropbox.net/vk/cupiditate.png',171180,'{\"owner\": \"Guiseppe Casper\"}',3,'2015-01-08 14:15:38','2021-04-21 15:13:52'),(45,97,'http://dropbox.net/vk/nemo.avi',355987,'{\"owner\": \"Edyth Erdman\"}',1,'2020-02-23 18:15:49','2021-04-21 15:13:52'),(46,69,'http://dropbox.net/vk/dolor.png',256398,'{\"owner\": \"Alessandra Gorczany\"}',1,'2016-06-14 05:11:00','2021-04-21 15:13:52'),(47,55,'http://dropbox.net/vk/odio.mp4',85591272,'{\"owner\": \"Shana Dach\"}',3,'2017-09-05 14:18:49','2021-04-21 15:13:52'),(48,67,'http://dropbox.net/vk/deserunt.png',204030,'{\"owner\": \"Jonathon Grady\"}',3,'2015-07-11 21:36:30','2021-04-21 15:13:52'),(49,68,'http://dropbox.net/vk/autem.jpeg',38861584,'{\"owner\": \"Kasey Bechtelar\"}',2,'2017-04-21 04:09:37','2021-04-21 15:13:52'),(50,41,'http://dropbox.net/vk/atque.avi',240955,'{\"owner\": \"Jammie Trantow\"}',3,'2018-03-11 22:47:51','2021-04-21 15:13:52'),(51,1,'http://dropbox.net/vk/rerum.png',394205,'{\"owner\": \"Ruth Emard\"}',1,'2015-08-09 09:04:17','2021-04-21 15:13:52'),(52,81,'http://dropbox.net/vk/qui.avi',582686,'{\"owner\": \"Raymundo Stehr\"}',1,'2017-10-31 17:46:11','2021-04-21 15:13:52'),(53,100,'http://dropbox.net/vk/velit.mp3',180568,'{\"owner\": \"Leanne Murphy\"}',2,'2016-07-27 11:03:37','2021-04-21 15:13:52'),(54,56,'http://dropbox.net/vk/eligendi.avi',66086,'{\"owner\": \"Lurline Medhurst\"}',1,'2013-04-04 03:46:58','2021-04-21 15:13:52'),(55,81,'http://dropbox.net/vk/voluptatum.png',144779,'{\"owner\": \"Raymundo Stehr\"}',1,'2020-05-06 15:06:25','2021-04-21 15:13:52'),(56,35,'http://dropbox.net/vk/et.avi',172194,'{\"owner\": \"Narciso Bednar\"}',2,'2017-10-26 14:50:46','2021-04-21 15:13:52'),(57,32,'http://dropbox.net/vk/atque.png',416557,'{\"owner\": \"Jonathon Crona\"}',3,'2016-05-05 11:11:55','2021-04-21 15:13:52'),(58,54,'http://dropbox.net/vk/impedit.png',416634,'{\"owner\": \"Cortez Wiza\"}',3,'2017-04-26 17:21:22','2021-04-21 15:13:52'),(59,76,'http://dropbox.net/vk/cupiditate.mp3',556588,'{\"owner\": \"Corene Kovacek\"}',1,'2016-12-16 10:17:46','2021-04-21 15:13:52'),(60,15,'http://dropbox.net/vk/illo.png',53092,'{\"owner\": \"Carmine Heller\"}',3,'2013-05-29 06:59:12','2021-04-21 15:13:52'),(61,45,'http://dropbox.net/vk/non.mp4',358617,'{\"owner\": \"Ivy Rutherford\"}',1,'2018-04-28 14:34:01','2021-04-21 15:13:52'),(62,83,'http://dropbox.net/vk/inventore.png',523039,'{\"owner\": \"Reyna Rau\"}',3,'2014-07-21 07:26:23','2021-04-21 15:13:52'),(63,77,'http://dropbox.net/vk/quam.png',2892,'{\"owner\": \"Irma Hartmann\"}',1,'2018-08-14 03:21:28','2021-04-21 15:13:52'),(64,35,'http://dropbox.net/vk/excepturi.png',935430,'{\"owner\": \"Narciso Bednar\"}',1,'2011-12-14 09:35:13','2021-04-21 15:13:52'),(65,43,'http://dropbox.net/vk/dolorem.mp4',31432,'{\"owner\": \"Julie Sawayn\"}',2,'2013-08-27 20:12:58','2021-04-21 15:13:52'),(66,11,'http://dropbox.net/vk/repudiandae.png',2284,'{\"owner\": \"Eric Carroll\"}',1,'2012-06-14 12:09:05','2021-04-21 15:13:52'),(67,26,'http://dropbox.net/vk/qui.mp3',98034,'{\"owner\": \"Aiyana Nitzsche\"}',1,'2019-12-10 03:17:48','2021-04-21 15:13:52'),(68,95,'http://dropbox.net/vk/officiis.mp4',681846,'{\"owner\": \"Wilfrid Nader\"}',1,'2013-10-21 10:22:31','2021-04-21 15:13:52'),(69,99,'http://dropbox.net/vk/explicabo.mp4',6206500,'{\"owner\": \"Juliet Mosciski\"}',2,'2020-11-29 09:09:06','2021-04-21 15:13:52'),(70,7,'http://dropbox.net/vk/nobis.jpeg',584903,'{\"owner\": \"Joana Gulgowski\"}',2,'2014-06-23 17:34:31','2021-04-21 15:13:52'),(71,37,'http://dropbox.net/vk/asperiores.avi',673879,'{\"owner\": \"Eliane Sawayn\"}',1,'2019-12-19 15:48:47','2021-04-21 15:13:52'),(72,65,'http://dropbox.net/vk/eum.mp3',65294,'{\"owner\": \"Adrianna Kub\"}',2,'2014-05-02 07:09:32','2021-04-21 15:13:52'),(73,14,'http://dropbox.net/vk/quae.mp4',294835,'{\"owner\": \"Mossie Daugherty\"}',2,'2013-02-06 00:10:19','2021-04-21 15:13:52'),(74,75,'http://dropbox.net/vk/placeat.mp3',427057153,'{\"owner\": \"Jaunita Senger\"}',2,'2019-09-19 07:18:42','2021-04-21 15:13:52'),(75,33,'http://dropbox.net/vk/pariatur.jpeg',2004772,'{\"owner\": \"Katherine Hudson\"}',2,'2014-08-12 15:22:18','2021-04-21 15:13:52'),(76,40,'http://dropbox.net/vk/sint.mp3',268294,'{\"owner\": \"Kadin Braun\"}',1,'2013-01-18 00:58:16','2021-04-21 15:13:52'),(77,1,'http://dropbox.net/vk/ipsa.avi',446963,'{\"owner\": \"Ruth Emard\"}',1,'2012-02-17 13:49:58','2021-04-21 15:13:52'),(78,84,'http://dropbox.net/vk/cumque.mp4',419933,'{\"owner\": \"Ferne Feest\"}',2,'2017-05-17 13:10:34','2021-04-21 15:13:52'),(79,15,'http://dropbox.net/vk/voluptatem.jpeg',7144,'{\"owner\": \"Carmine Heller\"}',2,'2018-08-09 17:35:26','2021-04-21 15:13:52'),(80,22,'http://dropbox.net/vk/ipsam.mp3',748778,'{\"owner\": \"Hertha Stoltenberg\"}',1,'2011-09-13 01:43:26','2021-04-21 15:13:52'),(81,63,'http://dropbox.net/vk/dolores.avi',56629595,'{\"owner\": \"Albin Kertzmann\"}',1,'2018-04-10 13:01:07','2021-04-21 15:13:52'),(82,52,'http://dropbox.net/vk/et.avi',7909,'{\"owner\": \"Kacie Berge\"}',2,'2018-08-18 21:51:42','2021-04-21 15:13:52'),(83,70,'http://dropbox.net/vk/debitis.jpeg',44844,'{\"owner\": \"Claudine Turcotte\"}',3,'2015-08-29 19:33:49','2021-04-21 15:13:52'),(84,93,'http://dropbox.net/vk/quis.jpeg',294141,'{\"owner\": \"Cruz Yost\"}',3,'2018-01-07 11:12:18','2021-04-21 15:13:52'),(85,53,'http://dropbox.net/vk/in.mp4',474090,'{\"owner\": \"Kurtis Pfannerstill\"}',3,'2018-08-27 05:19:18','2021-04-21 15:13:52'),(86,85,'http://dropbox.net/vk/exercitationem.avi',114118,'{\"owner\": \"Armani Turner\"}',3,'2015-08-22 17:53:12','2021-04-21 15:13:52'),(87,67,'http://dropbox.net/vk/vel.png',138321,'{\"owner\": \"Jonathon Grady\"}',1,'2012-11-16 11:44:16','2021-04-21 15:13:52'),(88,79,'http://dropbox.net/vk/corrupti.avi',455933,'{\"owner\": \"Gabrielle Leannon\"}',3,'2017-03-05 14:35:50','2021-04-21 15:13:52'),(89,94,'http://dropbox.net/vk/consequatur.avi',339249,'{\"owner\": \"Shaina Effertz\"}',1,'2017-07-01 02:18:15','2021-04-21 15:13:52'),(90,34,'http://dropbox.net/vk/non.jpeg',8783073,'{\"owner\": \"Ephraim Hansen\"}',3,'2015-03-25 06:15:20','2021-04-21 15:13:52'),(91,88,'http://dropbox.net/vk/id.mp3',271285,'{\"owner\": \"Demetrius Windler\"}',1,'2016-07-08 22:07:18','2021-04-21 15:13:52'),(92,36,'http://dropbox.net/vk/enim.jpeg',14281439,'{\"owner\": \"Karlee Lehner\"}',3,'2016-01-27 15:49:41','2021-04-21 15:13:52'),(93,16,'http://dropbox.net/vk/totam.mp4',38943669,'{\"owner\": \"Orlando Halvorson\"}',3,'2015-10-05 23:48:58','2021-04-21 15:13:52'),(94,71,'http://dropbox.net/vk/illum.png',328679,'{\"owner\": \"Skyla Fisher\"}',2,'2015-12-15 12:30:49','2021-04-21 15:13:52'),(95,7,'http://dropbox.net/vk/et.jpeg',5274144,'{\"owner\": \"Joana Gulgowski\"}',2,'2015-05-30 04:11:17','2021-04-21 15:13:52'),(96,23,'http://dropbox.net/vk/ea.mp3',77501,'{\"owner\": \"Albin Gaylord\"}',3,'2012-07-17 09:41:05','2021-04-21 15:13:52'),(97,91,'http://dropbox.net/vk/dolores.png',819541,'{\"owner\": \"Kelsi Moore\"}',1,'2011-10-17 17:13:22','2021-04-21 15:13:52'),(98,88,'http://dropbox.net/vk/tenetur.avi',9682243,'{\"owner\": \"Demetrius Windler\"}',1,'2019-01-11 16:12:19','2021-04-21 15:13:52'),(99,63,'http://dropbox.net/vk/dicta.mp3',45322,'{\"owner\": \"Albin Kertzmann\"}',1,'2015-04-16 01:19:49','2021-04-21 15:13:52'),(100,53,'http://dropbox.net/vk/rerum.mp4',101669,'{\"owner\": \"Kurtis Pfannerstill\"}',3,'2016-10-04 07:03:08','2021-04-21 15:13:52');
/*!40000 ALTER TABLE `media` ENABLE KEYS */;
UNLOCK TABLES;

--
-- Table structure for table `media_types`
--

DROP TABLE IF EXISTS `media_types`;
/*!40101 SET @saved_cs_client     = @@character_set_client */;
/*!50503 SET character_set_client = utf8mb4 */;
CREATE TABLE `media_types` (
  `id` int unsigned NOT NULL AUTO_INCREMENT COMMENT 'Идентификатор строки',
  `name` varchar(255) CHARACTER SET utf8mb4 COLLATE utf8mb4_unicode_ci NOT NULL COMMENT 'Название типа',
  `created_at` datetime DEFAULT CURRENT_TIMESTAMP COMMENT 'Время создания строки',
  `updated_at` datetime DEFAULT CURRENT_TIMESTAMP ON UPDATE CURRENT_TIMESTAMP COMMENT 'Время обновления строки',
  PRIMARY KEY (`id`),
  UNIQUE KEY `name` (`name`)
) ENGINE=InnoDB AUTO_INCREMENT=4 DEFAULT CHARSET=utf8mb4 COLLATE=utf8mb4_unicode_ci COMMENT='Типы медиафайлов';
/*!40101 SET character_set_client = @saved_cs_client */;

--
-- Dumping data for table `media_types`
--

LOCK TABLES `media_types` WRITE;
/*!40000 ALTER TABLE `media_types` DISABLE KEYS */;
INSERT INTO `media_types` VALUES (1,'video','2018-12-22 18:29:49','2021-04-21 15:09:13'),(2,' music','2017-05-31 09:51:16','2021-04-21 15:09:13'),(3,' image','2013-06-07 15:20:59','2021-04-07 09:54:51');
/*!40000 ALTER TABLE `media_types` ENABLE KEYS */;
UNLOCK TABLES;

--
-- Table structure for table `messages`
--

DROP TABLE IF EXISTS `messages`;
/*!40101 SET @saved_cs_client     = @@character_set_client */;
/*!50503 SET character_set_client = utf8mb4 */;
CREATE TABLE `messages` (
  `id` int unsigned NOT NULL AUTO_INCREMENT COMMENT 'Идентификатор строки',
  `from_user_id` int unsigned NOT NULL COMMENT 'Ссылка на отправителя сообщения',
  `to_user_id` int unsigned NOT NULL COMMENT 'Ссылка на получателя сообщения',
  `body` text CHARACTER SET utf8mb4 COLLATE utf8mb4_unicode_ci NOT NULL COMMENT 'Текст сообщения',
  `is_important` tinyint(1) DEFAULT NULL COMMENT 'Признак важности',
  `is_delivered` tinyint(1) DEFAULT NULL COMMENT 'Признак доставки',
  `created_at` datetime DEFAULT CURRENT_TIMESTAMP COMMENT 'Время создания строки',
  PRIMARY KEY (`id`)
) ENGINE=InnoDB AUTO_INCREMENT=101 DEFAULT CHARSET=utf8mb4 COLLATE=utf8mb4_unicode_ci COMMENT='Сообщения';
/*!40101 SET character_set_client = @saved_cs_client */;

--
-- Dumping data for table `messages`
--

LOCK TABLES `messages` WRITE;
/*!40000 ALTER TABLE `messages` DISABLE KEYS */;
INSERT INTO `messages` VALUES (1,78,84,'In exercitationem reiciendis repellat consequatur sed. Repellendus dolor vel commodi dolor. Repellat dolorem quis iusto fuga et quidem et.',0,0,'2015-02-04 13:16:13'),(2,86,77,'Nemo a ratione cum nulla molestiae et. Molestiae amet qui vitae voluptatibus aspernatur. Et accusantium est laudantium ea ut fugit eum. Tempora aliquid tenetur sed corrupti.',1,0,'2015-12-24 12:21:08'),(3,25,94,'Iste eaque dignissimos fuga molestiae. Quia laborum ratione animi itaque quia. Eligendi distinctio exercitationem accusantium aspernatur ut.',0,0,'2014-04-03 22:22:17'),(4,93,84,'Et est expedita quo. Ut ut iusto esse unde rerum recusandae. Accusamus eaque consequuntur aperiam.',0,0,'2016-10-26 10:26:25'),(5,42,56,'Consequatur dignissimos enim quia velit. Incidunt reiciendis aut non quaerat et qui eligendi impedit. Sequi ad et rerum eum voluptatem. Velit est labore nesciunt consequatur rerum.',1,1,'2013-01-28 20:24:38'),(6,52,91,'In eligendi quo voluptates rerum. Voluptas sunt voluptate est repellendus. Sint consequatur ut eaque.',0,0,'2013-09-21 15:09:36'),(7,1,31,'Soluta in et molestiae illum et ipsum voluptates. Dolorum natus voluptates ullam. Veniam est consectetur commodi molestiae aut impedit.',0,1,'2018-11-23 10:21:07'),(8,50,56,'Quidem ut eius ullam eum ut tenetur. Sapiente dolores totam voluptatem voluptatibus. Vel dolores praesentium inventore quia vel itaque quo. Ea rem quia magni neque.',0,0,'2018-10-26 01:23:12'),(9,29,78,'Ut voluptas id rerum voluptatibus. Eaque voluptatibus sit suscipit vitae totam aperiam consequatur explicabo. Dignissimos totam doloribus ipsam qui quae. Quia alias natus aut illo facilis voluptatem.',0,1,'2014-05-29 11:09:11'),(10,100,69,'Dolor consequatur id facilis consequatur. Temporibus autem ea quaerat cumque voluptate blanditiis occaecati. Corporis hic ipsa at sit sint et nihil nostrum.',0,0,'2013-12-06 11:22:00'),(11,43,9,'Exercitationem fuga et qui explicabo iusto adipisci aut similique. Repellendus iure consequatur error hic aut ad rem totam. Rerum ut aut deleniti repudiandae a.',1,0,'2015-08-05 21:39:24'),(12,14,43,'Recusandae quo sint voluptas vel. Beatae sit esse voluptas provident atque voluptas. Provident voluptates maxime ea rem eos consectetur.',1,0,'2016-11-29 12:31:36'),(13,74,40,'Nihil magni rerum sunt labore porro similique quas. Quam sed eos iure sunt quos. Accusamus nostrum necessitatibus quia omnis qui et. Et sunt quia quisquam provident aliquid vero.',1,0,'2016-03-28 20:58:23'),(14,76,60,'Earum ea dicta illo quos quas eos. Et voluptatibus sit similique voluptas vel. Ut quia et qui reiciendis incidunt. Et consequatur accusantium ea dolorem sequi omnis.',1,1,'2019-06-01 20:22:27'),(15,74,87,'Sunt nisi perspiciatis sunt distinctio sit id. Minus expedita reprehenderit non labore blanditiis. Adipisci iusto est molestiae.',0,1,'2016-10-19 12:43:51'),(16,12,98,'Sapiente fugit sit ut. Dolorum ut non magni et. Sequi vero rem consequuntur quidem quia laborum. Atque eum enim earum ex voluptatum velit vitae earum.',1,1,'2016-07-07 22:30:33'),(17,56,82,'Quae eum aspernatur perferendis veniam et. Veritatis expedita eveniet occaecati eveniet laboriosam. Voluptatem neque consequatur blanditiis autem.',1,0,'2015-09-27 19:44:28'),(18,45,77,'Repellat sed sapiente necessitatibus sit et voluptatem quod. Quia eaque aliquam autem mollitia itaque. Adipisci dolorem voluptas necessitatibus quibusdam ratione. Voluptatem delectus aut quia vitae temporibus et aut.',0,0,'2019-08-17 05:08:14'),(19,48,9,'Asperiores veniam soluta iste eligendi commodi recusandae praesentium. Eos quisquam sint a quia qui vel id. Accusamus illum non quibusdam eos adipisci non at velit.',0,1,'2016-06-15 09:21:28'),(20,100,74,'Quae dolore ab ducimus neque doloribus. Atque pariatur sapiente et labore modi officia autem maiores. Quia aut inventore est blanditiis.',1,0,'2019-12-09 16:24:19'),(21,70,29,'Velit ullam fuga commodi debitis aut. Reprehenderit facilis provident at provident fugit optio. Nisi tempore sapiente ut et magnam quidem sequi.',0,1,'2011-09-02 12:56:37'),(22,31,69,'Minus debitis id corporis vel. Voluptates exercitationem veritatis minima harum et eum praesentium illo. Maiores sed asperiores cum sint ut. Vel accusantium est repellat quis quis earum.',1,1,'2019-09-29 17:23:58'),(23,53,57,'In nemo ex iste quae et. Quam architecto et alias recusandae. Nihil ut quia tempora repellat non et.',0,1,'2020-05-15 13:29:51'),(24,24,51,'Sed sed ducimus eaque veritatis labore non id possimus. Ut pariatur occaecati est non eius in facilis. Ut ipsum repellat aut doloribus quasi incidunt officiis. Voluptatum consequatur quaerat dolores ut in.',1,0,'2013-04-18 05:15:58'),(25,82,54,'Sit at voluptates sit. Consectetur rerum accusantium ratione cumque aut. Velit quis velit nihil consequatur non voluptatem id.',1,1,'2016-06-16 10:37:20'),(26,26,67,'In atque beatae nihil eaque voluptas dolores. Eos rem debitis fuga dolores aut. Autem earum aperiam quo harum. Ea ullam qui quos doloribus explicabo aliquid.',0,0,'2020-07-17 20:12:08'),(27,57,85,'Deleniti accusamus rerum aut minima est voluptatem veritatis. Architecto sint architecto beatae non velit. Iusto eum natus omnis iste cupiditate fuga. Vitae quibusdam animi quia eum voluptas.',1,1,'2018-12-26 22:35:55'),(28,51,2,'Tenetur perspiciatis ipsa cumque dolor neque rerum quos. Eos nihil enim sed. Et et omnis accusamus ad. Ullam corrupti suscipit modi veritatis vel placeat omnis.',0,0,'2020-07-24 16:19:35'),(29,56,74,'Ad consequuntur voluptates consequatur pariatur et. Illum dicta asperiores quia labore. Magnam id consequuntur sit et minus perspiciatis ad.',1,0,'2011-05-13 19:34:32'),(30,99,76,'Autem sed id occaecati et laborum quo quis. Rerum et deserunt nobis odio consectetur velit aut. Sequi a doloremque est natus expedita earum.',0,1,'2018-05-14 15:56:02'),(31,80,73,'Cumque enim sit qui aperiam. Sunt eum perferendis commodi est. Officiis voluptatem delectus illum autem. Eum repellat voluptatem eos error et accusantium enim quia.',1,0,'2020-12-26 08:28:29'),(32,22,91,'Consectetur dolorem dicta qui facere voluptatem quos. Similique officiis et officiis officia est quaerat vel est. Omnis quia necessitatibus quis quod omnis. Eos ea rerum quo laudantium et beatae.',1,1,'2013-02-05 17:18:46'),(33,88,68,'Dolores omnis reiciendis voluptas eligendi ipsa error. Ab enim ducimus iure. Nisi eius adipisci ipsa aut. Nihil vero aut fuga nihil nam sed.',1,1,'2014-02-02 09:22:49'),(34,77,77,'Quaerat recusandae nesciunt atque. Velit velit iusto illo et.',1,0,'2020-10-25 07:44:30'),(35,55,44,'Ut officia unde laudantium nihil sit quos culpa. Vero in minima nostrum corrupti. Corrupti animi suscipit quo modi dignissimos. Et et sequi omnis eaque nisi non repellendus. Magni qui rerum quidem architecto enim.',1,0,'2015-11-21 01:00:30'),(36,53,34,'Aut velit tenetur nostrum possimus vel. Voluptas minima necessitatibus blanditiis in. Ut quo voluptatem nisi aut. Omnis laboriosam placeat et cupiditate assumenda.',1,0,'2014-07-10 07:52:53'),(37,10,47,'Atque id quo perferendis voluptates itaque dolorum omnis. Aut tempore debitis molestiae error quia. Soluta rerum minima soluta autem. Optio numquam eveniet alias saepe eos repellendus.',1,0,'2014-09-18 17:05:43'),(38,7,91,'Nemo et eum a. Voluptas ducimus ut et sint. Voluptatum veniam ut et veritatis non. Omnis nemo vero quas natus distinctio ullam. Sed dolores eius consequatur voluptate.',1,1,'2020-04-16 18:33:41'),(39,33,91,'Eius est iusto nobis distinctio ipsa tempora. Ducimus recusandae qui aperiam molestias et. Pariatur accusamus molestiae omnis rerum itaque accusantium.',0,0,'2015-04-21 03:58:32'),(40,58,17,'Quos possimus aliquid animi repudiandae ut voluptas fuga error. Ab eum eligendi iure ut nam. Veniam quia unde ipsum unde rerum.',0,0,'2015-12-29 21:37:18'),(41,10,97,'Aut distinctio non necessitatibus nemo ea vel fugit. Et similique autem et eum consequatur aut fugit. Est dolor magni sapiente et neque repudiandae.',1,0,'2018-02-28 11:45:17'),(42,55,83,'Veritatis repellat atque quo quod consectetur. Id debitis fugiat cumque distinctio quos eaque ea voluptatibus. Veniam dicta incidunt est et vel tempore. Enim iusto aut recusandae iusto.',0,0,'2011-06-21 14:11:18'),(43,51,7,'Sunt et voluptatibus reprehenderit ea dolor ipsam in. Consequatur suscipit id iusto qui adipisci in et. Omnis sed animi eum voluptatem magni.',0,1,'2014-03-27 07:03:39'),(44,79,76,'Libero qui ea ad minus. Deserunt illo quas provident ullam aut nobis. Asperiores nostrum tempore magni sit. Vel voluptatem dolore nam sint illo.',0,0,'2020-03-13 16:48:13'),(45,42,80,'Error non quibusdam explicabo et sed fugit. Eos ullam mollitia quod eos accusamus expedita iste omnis. Itaque sapiente ipsam enim et iusto ab totam. Delectus illo dignissimos nam mollitia et praesentium impedit.',1,1,'2018-12-30 02:40:31'),(46,73,27,'Est reprehenderit eos illum voluptates. Nihil voluptatem id quos in voluptatum dignissimos. Consequatur rerum aliquam in vel ut facilis blanditiis.',0,0,'2012-10-14 09:54:57'),(47,16,97,'Necessitatibus vero vitae omnis. Quia voluptas iure quas itaque ea ipsam possimus. Et et accusantium quaerat.',0,0,'2011-05-27 01:01:14'),(48,38,99,'Aut quia pariatur nihil at omnis deserunt. Quia necessitatibus aut veniam laudantium. Natus est nihil provident consequuntur vitae occaecati. Quidem voluptatem quam occaecati cumque earum modi sit.',0,1,'2017-10-07 00:24:13'),(49,81,5,'Quod culpa dolor inventore animi a ut voluptatum. At quia facilis minima omnis.',1,0,'2015-09-30 23:58:29'),(50,81,90,'Excepturi ut sint eaque autem id illo at. Nostrum magnam unde quam sequi aut iste. Voluptas natus temporibus eum vel rem ipsum excepturi. Explicabo et omnis totam aut ut ut.',1,1,'2017-12-16 00:52:51'),(51,8,69,'Id commodi voluptatem itaque voluptates placeat voluptas esse. Et dolorum tempore odio aliquid. Omnis et dolorem aut qui numquam ut quidem. Qui corporis animi alias et quis et nobis nisi.',1,0,'2013-07-13 19:30:32'),(52,20,95,'Quasi et esse aliquid est autem expedita sint rerum. Dolore numquam aliquam non. Est quis rerum ipsa dolore inventore accusamus. Quam corporis voluptate est iure sit eum natus optio.',0,1,'2016-01-04 12:53:03'),(53,12,74,'Voluptatem aperiam enim assumenda qui mollitia. At rerum qui quos dignissimos cupiditate itaque quia odit. Esse repellendus perspiciatis odio facilis sequi molestiae odio distinctio.',0,1,'2019-02-28 09:07:45'),(54,36,57,'Itaque doloribus quibusdam eveniet pariatur corporis occaecati molestiae. Neque ut rerum illo eos quia saepe. Cum nobis neque iste quisquam quia.',0,0,'2011-10-13 15:27:49'),(55,78,15,'Et sed nisi et illum modi. Voluptatem voluptas architecto consequatur et. Quibusdam voluptas occaecati odio omnis maiores.',0,0,'2012-08-03 06:37:39'),(56,44,73,'Dolorem quidem nostrum corporis. Consequatur minima officiis unde magni ut. Unde praesentium asperiores debitis pariatur. Repudiandae id voluptate laboriosam nulla quia quas.',0,0,'2011-04-29 00:06:48'),(57,35,52,'Ut aut possimus molestiae optio non molestiae aut. Quo harum veritatis incidunt est. Vitae vel illo ut. Cupiditate vero non sed. Soluta consequatur qui doloremque at.',0,1,'2019-09-02 00:53:35'),(58,54,16,'Et maiores consequatur facere quos tenetur quos. Commodi excepturi aut aut repudiandae et nulla. At asperiores quia veritatis. Repellat ullam nesciunt rerum reiciendis itaque. Suscipit id autem molestiae dolores quisquam.',1,1,'2020-02-04 09:33:40'),(59,18,43,'Est vel necessitatibus ut alias porro doloribus. Enim voluptatibus cum inventore rerum maxime. Sit et qui dolorem consequatur libero voluptatem sit. Ratione perferendis est accusamus et.',0,1,'2014-05-19 13:26:16'),(60,57,56,'Doloremque rerum delectus doloremque saepe. Asperiores inventore quod quisquam ea quos voluptatem. Dolorem dicta in enim repudiandae labore qui maiores facere.',0,0,'2014-09-14 17:05:28'),(61,11,85,'Architecto consequatur ea officia expedita enim. Dolores aut inventore ducimus. Ut omnis omnis temporibus omnis quo quasi. Eos rerum voluptatum id optio.',0,0,'2014-03-10 16:04:07'),(62,91,2,'Dolorum rem ut doloremque animi. Est beatae quo nam aut. Voluptatem autem qui rerum in saepe ut impedit accusamus. Fugiat et aut eaque et hic rerum a laborum. Facere culpa perspiciatis deleniti.',0,0,'2016-07-13 10:38:41'),(63,35,68,'Commodi voluptates eaque magni illum sint aut non. Et ratione dolor expedita aliquid aut et aperiam. Suscipit rerum ut numquam repellendus rem totam.',1,0,'2017-10-30 18:34:27'),(64,34,68,'Qui soluta ut aut qui qui sapiente. Ut eos at quos sit repellat molestiae et. A quisquam perferendis sit voluptatem. Quo enim beatae eos quisquam dicta qui aperiam iste.',1,1,'2015-08-23 20:01:11'),(65,35,72,'Consequatur natus consectetur omnis quasi. Quae omnis rerum quas magnam est et. At sint ullam fugiat.',1,1,'2018-08-05 22:26:00'),(66,53,49,'In aspernatur temporibus tenetur repudiandae earum aut. Omnis neque architecto voluptatibus distinctio expedita voluptatem ducimus. Enim totam minima fuga quia. Sit nobis recusandae aperiam eaque. Est provident vel veniam magnam.',1,0,'2021-02-21 09:50:56'),(67,84,72,'Perferendis et non porro iste eveniet quas ex tenetur. Eveniet facilis blanditiis est occaecati eaque dolor ipsum. Tempora enim iure magni eos quia possimus modi.',1,0,'2020-07-14 02:37:27'),(68,10,31,'Dolorem repudiandae eum voluptatem voluptatum. Consequatur ut nisi magnam et. Id pariatur saepe qui non maiores dolores et ut. Esse numquam voluptatibus quia velit in consequatur.',0,1,'2015-05-15 05:30:25'),(69,26,38,'Veritatis voluptatem dolor voluptatibus quia quia quis. Id itaque aut enim et. Optio illum et et debitis minima ex eaque qui.',1,0,'2020-07-05 01:22:44'),(70,10,35,'Molestiae temporibus et aut eum hic et eum et. Enim voluptatem accusamus qui inventore mollitia et quas. Sed voluptas nobis ut eaque.',1,1,'2016-05-29 13:02:52'),(71,43,12,'Possimus incidunt qui occaecati doloremque quae voluptatem sint. Soluta veniam harum est distinctio qui sit. Quasi qui quia laboriosam.',0,1,'2013-06-29 02:13:07'),(72,29,11,'Doloribus et est quis quis incidunt quibusdam rem id. Aut excepturi ut impedit maxime voluptas quisquam non.',0,1,'2021-03-04 15:12:37'),(73,67,99,'Natus et ab maiores quis. Rem vel et impedit nobis est blanditiis.',0,1,'2018-03-07 17:57:19'),(74,94,74,'Fuga est rerum vero earum omnis debitis. Soluta illum tempora excepturi voluptatum enim. Nostrum quo consequatur modi accusamus deleniti sed eos.',0,0,'2017-08-08 20:33:25'),(75,87,13,'Quia qui odio inventore dolorum voluptatum quas harum. Ea ducimus ducimus voluptatum et dolor. Molestiae voluptas distinctio cum necessitatibus numquam molestias voluptas.',1,0,'2019-06-21 04:33:32'),(76,5,82,'Ipsam nesciunt ex voluptatibus hic illum id ratione est. Libero corrupti architecto animi aut voluptatem ea. Optio soluta accusantium eligendi beatae expedita odio ut sed. Consequatur non accusamus illum deleniti voluptate deleniti.',0,1,'2013-02-25 17:42:23'),(77,96,34,'Facere et quas aut quae doloribus recusandae. Architecto omnis nisi nemo laboriosam porro. Ab qui itaque doloremque dignissimos.',0,0,'2016-10-08 18:24:19'),(78,82,9,'Iste eum earum sit adipisci sint. Officiis a minus libero repudiandae ex nihil quia cumque. Est laboriosam eius quia illum dolore. Et itaque nisi harum esse tempore ea officia.',0,1,'2014-10-09 03:47:39'),(79,96,53,'Voluptatibus consectetur accusamus rerum blanditiis exercitationem quis. Ducimus corrupti recusandae autem quo. Sit veniam rerum praesentium nesciunt aliquam. Tempore harum recusandae atque qui labore. Itaque soluta et excepturi ea consequatur aliquid sint.',0,0,'2016-01-10 00:17:29'),(80,77,24,'Velit voluptatem nihil commodi sed eos ea. Similique quia praesentium quae consectetur. Consequatur nam quas ducimus id fugiat voluptas.',0,1,'2018-11-17 19:37:25'),(81,87,65,'Est rerum quod autem aut dolores ut. Nisi consequatur corporis aut incidunt est. Nesciunt quisquam qui voluptas.',1,1,'2020-12-02 12:21:11'),(82,64,25,'Inventore ut voluptatem aut cumque modi eos velit. Sint consequuntur et ullam tempora. Quis omnis exercitationem quos non maxime.',0,1,'2016-09-30 15:42:35'),(83,32,86,'Sequi quibusdam beatae velit autem numquam quas. Architecto itaque ad porro dolore tenetur tenetur. Voluptas repudiandae qui omnis rerum aut libero.',0,0,'2016-07-30 21:47:33'),(84,31,99,'Consectetur exercitationem corrupti distinctio aut soluta non cum. Illo quia qui incidunt doloremque inventore animi. Sequi doloribus quod saepe porro et. Ut praesentium qui aut magni pariatur facere assumenda.',1,1,'2014-02-11 23:25:50'),(85,2,10,'Aut temporibus enim voluptatem autem omnis vitae. Ducimus qui exercitationem nemo excepturi. Distinctio aut dolore sit et.',1,0,'2016-03-25 12:37:28'),(86,46,97,'Nihil at eos voluptatum dolorum ut ipsam iure. Dolorem aut iusto adipisci qui et. Fugit aut temporibus labore reprehenderit eos consequuntur qui eveniet.',1,0,'2020-02-17 16:58:41'),(87,48,49,'Nihil rerum sed quo. Assumenda vel accusantium nulla praesentium dicta tempore. Qui qui dolorum atque unde ut mollitia dolor.',1,0,'2014-04-07 07:35:54'),(88,100,54,'Rerum blanditiis hic quia assumenda eum magnam nihil. Hic quisquam et voluptatibus maxime quam error deleniti quis. Aut ea deleniti consequuntur quis. Quia maxime illum explicabo sunt et autem voluptatum.',1,0,'2020-01-30 11:37:05'),(89,68,79,'Qui nobis aut perferendis sint impedit minus labore. Rerum omnis quaerat sunt quisquam tenetur dolorem recusandae. Consectetur natus eius quibusdam a. Aut sunt ut est corporis dolorum quas.',1,1,'2020-01-24 13:05:02'),(90,91,16,'Explicabo quia non enim deserunt. Dolorem culpa accusantium officia provident. Aliquid harum facere sapiente qui dolorem nisi consequatur soluta. Nulla iusto error et.',0,0,'2020-05-15 06:58:35'),(91,8,91,'Delectus eligendi corporis nobis et blanditiis eos et. Consectetur et laudantium nisi repellendus. Vitae omnis et autem porro illo. Magnam occaecati non deserunt aut dolorum architecto molestias.',1,0,'2012-01-11 20:34:39'),(92,32,84,'Rerum voluptatem temporibus blanditiis accusantium et deserunt beatae. Non officia sapiente nam ea. Autem impedit dignissimos aut ut velit assumenda et.',1,0,'2018-12-23 01:55:44'),(93,25,74,'Dolorem quis veritatis dolorem perspiciatis quod et esse. Dicta incidunt est placeat. Dolores consequatur et fuga.',1,1,'2018-05-23 14:32:35'),(94,92,39,'Non aut vel ut rerum accusamus sapiente ut. Et vel dignissimos atque error quasi expedita et. Ducimus praesentium beatae maiores eius itaque.',1,0,'2018-11-04 02:40:41'),(95,17,69,'Ut odit placeat nostrum quasi qui aliquid dignissimos qui. Consequatur molestiae ipsam magnam eveniet molestiae. Quis ea officia dignissimos. Ipsa tempora reprehenderit ipsum.',0,1,'2018-09-11 12:13:41'),(96,95,66,'Et molestiae enim voluptatem molestiae est. Sit ullam quaerat architecto iusto quia quia quaerat. Dolor in harum doloribus accusantium. Qui et consequatur labore nisi distinctio est laborum.',1,0,'2011-06-03 17:04:39'),(97,44,22,'Fugiat esse suscipit et. Sed beatae perferendis officia explicabo ad. Ea vitae qui velit ut accusamus. Commodi est voluptatem reprehenderit vel quidem consequatur.',1,0,'2012-04-16 09:09:48'),(98,79,26,'Assumenda tempora molestiae libero reprehenderit laudantium. Qui quia ut nam odio.',1,1,'2016-08-12 11:52:33'),(99,91,80,'Sit provident soluta beatae aut. Sequi nobis tempore rerum perspiciatis dolores. Laborum in corrupti temporibus magnam temporibus fugiat voluptates nobis. Sint et facilis ea omnis. Consequatur ratione repudiandae quasi aut et odit ut.',1,0,'2019-08-31 10:22:58'),(100,25,83,'Autem iste quibusdam assumenda hic porro est molestiae. Magnam sed eveniet aspernatur. Iste molestiae voluptas non magni. Ea possimus laboriosam dicta eum a ut. Perferendis eum eaque placeat.',0,1,'2018-01-22 18:00:27');
/*!40000 ALTER TABLE `messages` ENABLE KEYS */;
UNLOCK TABLES;

--
-- Table structure for table `profiles`
--

DROP TABLE IF EXISTS `profiles`;
/*!40101 SET @saved_cs_client     = @@character_set_client */;
/*!50503 SET character_set_client = utf8mb4 */;
CREATE TABLE `profiles` (
  `user_id` int unsigned NOT NULL COMMENT 'Ссылка на пользователя',
  `gender` enum('f','m') COLLATE utf8mb4_unicode_ci DEFAULT NULL,
  `birthday` date DEFAULT NULL COMMENT 'Дата рождения',
  `city` varchar(130) CHARACTER SET utf8mb4 COLLATE utf8mb4_unicode_ci DEFAULT NULL COMMENT 'Город проживания',
  `country` varchar(130) CHARACTER SET utf8mb4 COLLATE utf8mb4_unicode_ci DEFAULT NULL COMMENT 'Страна проживания',
  `created_at` datetime DEFAULT CURRENT_TIMESTAMP COMMENT 'Время создания строки',
  `updated_at` datetime DEFAULT CURRENT_TIMESTAMP ON UPDATE CURRENT_TIMESTAMP COMMENT 'Время обновления строки',
  PRIMARY KEY (`user_id`)
) ENGINE=InnoDB DEFAULT CHARSET=utf8mb4 COLLATE=utf8mb4_unicode_ci COMMENT='Профили';
/*!40101 SET character_set_client = @saved_cs_client */;

--
-- Dumping data for table `profiles`
--

LOCK TABLES `profiles` WRITE;
/*!40000 ALTER TABLE `profiles` DISABLE KEYS */;
INSERT INTO `profiles` VALUES (1,'f','1970-12-31','Lake Jenningsshire','Central African Republic','2015-03-29 20:22:39','2021-04-21 13:54:50'),(2,'f','2005-08-22','Stantonburgh','Singapore','2021-02-10 14:09:42','2021-04-21 13:54:50'),(3,'f','2001-04-04','Coltenmouth','Cuba','2015-09-08 13:05:44','2018-07-11 20:47:18'),(4,'m','1980-07-17','New Jo','Antigua and Barbuda','2015-08-27 09:14:41','2015-12-08 06:01:16'),(5,'m','2018-06-05','Kshlerinborough','Saint Lucia','2020-10-25 04:45:52','2021-04-21 13:54:50'),(6,'m','1993-11-14','Lake Napoleon','Gabon','2017-04-08 08:28:38','2021-04-21 13:54:50'),(7,'f','1988-04-13','West Irving','Bahrain','2016-01-22 00:37:01','2021-04-21 13:54:50'),(8,'f','1973-12-11','North Libby','Taiwan','2013-12-29 02:22:27','2014-05-31 10:21:33'),(9,'m','1983-05-22','West Shaniya','Sierra Leone','2019-08-04 03:47:49','2021-04-21 13:54:50'),(10,'m','1974-05-20','New Herbertport','Bahamas','2012-10-17 10:49:46','2021-04-21 13:54:50'),(11,'m','2009-10-12','Howeview','Palestinian Territory','2018-08-11 00:02:21','2019-07-17 12:53:26'),(12,'m','2004-07-19','Port Jovany','Kazakhstan','2020-11-15 02:27:28','2021-04-21 13:54:50'),(13,'m','1991-09-01','North Zion','South Georgia and the South Sandwich Islands','2017-12-26 00:52:30','2021-04-21 13:54:50'),(14,'m','2007-01-24','Auerfort','Guadeloupe','2017-11-03 09:30:55','2021-04-21 13:54:50'),(15,'f','1988-06-24','South Ronny','Tajikistan','2011-04-29 02:27:43','2012-05-15 14:27:07'),(16,'m','2006-09-01','Port Melvin','Brunei Darussalam','2017-06-18 08:50:53','2021-01-11 13:48:35'),(17,'f','2011-11-07','Strosinhaven','Costa Rica','2019-05-22 04:58:18','2021-04-21 13:54:50'),(18,'m','1981-03-25','Tremblayton','Eritrea','2012-06-19 06:32:47','2017-11-10 02:21:23'),(19,'m','1981-06-30','West Vivian','Uruguay','2020-04-18 08:37:23','2021-04-21 13:54:50'),(20,'f','1977-10-28','Port Florine','Germany','2017-10-25 18:01:39','2021-04-21 13:54:50'),(21,'f','1986-11-04','West Thereseton','Guinea-Bissau','2013-07-23 18:52:01','2019-01-17 09:36:03'),(22,'f','1971-01-13','Kenyattaland','Dominica','2019-02-15 02:56:52','2021-04-21 13:54:50'),(23,'f','2014-04-01','Lake Christian','Korea','2013-10-03 18:45:12','2020-11-16 05:34:05'),(24,'f','2004-03-11','Lefflerburgh','Congo','2011-07-31 10:43:46','2016-06-19 01:43:37'),(25,'f','2002-11-15','Cademouth','Isle of Man','2020-03-03 04:13:29','2021-04-21 13:54:50'),(26,'m','1995-12-14','Bogisichbury','Bhutan','2014-07-31 13:05:06','2018-09-28 11:26:15'),(27,'m','2005-12-30','Lake Selmerbury','Chile','2018-08-04 17:12:40','2019-05-10 22:41:39'),(28,'f','2020-09-04','Port Esmeralda','Lithuania','2017-02-08 21:47:26','2017-05-05 18:57:02'),(29,'f','2021-01-05','Geochester','Trinidad and Tobago','2013-02-27 14:42:51','2018-05-01 09:02:28'),(30,'f','1988-01-08','West Annabelleburgh','Liechtenstein','2019-06-07 13:26:28','2021-04-21 13:54:50'),(31,'m','1985-01-22','Alannaburgh','Haiti','2014-07-27 14:21:51','2016-10-25 19:27:13'),(32,'m','2011-08-03','Brennanmouth','Guyana','2020-05-04 09:31:02','2021-04-21 13:54:50'),(33,'f','2018-10-30','Rosenbaumton','Saint Barthelemy','2016-03-21 11:58:33','2021-04-21 13:54:50'),(34,'f','1989-04-09','Lake Aronmouth','Gambia','2017-12-21 08:38:45','2021-04-21 13:54:50'),(35,'m','2002-09-22','Port Rylan','Mongolia','2017-05-25 00:00:25','2018-02-06 20:07:40'),(36,'f','2015-11-03','Considineport','Iraq','2017-07-19 05:33:58','2021-04-21 13:54:50'),(37,'m','2006-06-07','Amiyastad','Kenya','2019-03-11 17:05:02','2021-04-21 13:54:50'),(38,'f','1979-05-16','Titusshire','Ireland','2016-05-09 19:16:19','2021-04-21 13:54:50'),(39,'m','1997-04-10','West Axelshire','Faroe Islands','2014-03-27 15:23:57','2018-06-18 15:28:23'),(40,'m','1981-04-14','Steuberville','Liberia','2018-03-08 18:56:06','2021-04-21 13:54:50'),(41,'m','2000-12-13','Lake Carissa','Palestinian Territory','2012-09-14 01:28:49','2021-04-21 13:54:50'),(42,'f','2020-05-01','Jimmieton','New Zealand','2011-04-23 04:24:16','2021-01-10 22:19:08'),(43,'f','2014-03-21','Nienowhaven','Belize','2015-07-25 10:32:40','2021-04-21 13:54:50'),(44,'m','1998-10-21','Emersonmouth','Bolivia','2015-08-24 13:50:44','2021-04-21 13:54:50'),(45,'f','1994-09-05','North Bernardoton','Panama','2020-12-09 14:04:59','2021-04-21 13:54:50'),(46,'f','2019-05-10','Lake Shanelborough','Slovakia (Slovak Republic)','2014-01-08 16:28:26','2016-12-19 16:37:24'),(47,'m','1972-10-03','New Imaborough','Samoa','2015-09-24 07:19:22','2015-12-04 08:40:31'),(48,'m','2002-11-13','Port Dwightburgh','Uruguay','2014-12-06 14:15:02','2016-11-15 10:09:21'),(49,'m','1995-12-22','Lake Rusty','Haiti','2020-10-15 12:21:13','2021-04-21 13:54:50'),(50,'m','1977-02-14','East Ronnymouth','Timor-Leste','2020-03-04 17:51:04','2021-04-21 13:54:50'),(51,'m','1970-07-20','Thielland','Yemen','2016-08-29 18:33:57','2021-04-21 13:54:50'),(52,'f','1982-04-30','Lake Bertram','United Arab Emirates','2017-05-27 05:36:32','2019-01-02 13:36:55'),(53,'m','1988-09-04','New Mose','Iraq','2014-11-30 01:57:36','2021-04-21 13:54:50'),(54,'m','1996-01-13','East Blanche','Seychelles','2017-12-25 23:45:46','2021-04-21 13:54:50'),(55,'f','2016-08-04','Gerholdburgh','Slovenia','2017-01-09 23:26:37','2021-04-21 13:54:50'),(56,'f','1975-07-26','Janachester','Saint Lucia','2012-10-14 02:46:10','2017-01-20 15:55:34'),(57,'f','1971-09-23','New Gonzaloview','Gambia','2017-06-15 08:45:09','2021-04-21 13:54:50'),(58,'f','1995-05-11','South Faustoton','Yemen','2018-03-03 17:44:30','2021-04-21 13:54:50'),(59,'m','2010-09-01','North Rasheed','Bouvet Island (Bouvetoya)','2011-05-29 04:19:16','2019-04-25 15:03:16'),(60,'m','2011-01-23','Wizaberg','New Caledonia','2013-01-15 05:38:43','2020-03-25 15:18:38'),(61,'f','2006-06-22','Cassinbury','Guadeloupe','2014-01-27 19:42:00','2017-07-20 20:39:22'),(62,'m','1998-09-20','Port Alexanneshire','Sri Lanka','2017-11-21 05:08:00','2021-04-21 13:54:50'),(63,'f','1996-06-19','West Eric','Togo','2018-05-08 02:06:24','2019-03-14 03:41:26'),(64,'m','1990-07-02','Lavernborough','Cyprus','2016-03-05 08:22:51','2021-04-21 13:54:50'),(65,'m','1974-10-26','Rauborough','Angola','2019-06-02 23:05:38','2021-04-21 13:54:50'),(66,'m','2020-06-17','Funkburgh','Kenya','2016-03-12 04:44:52','2021-04-21 13:54:50'),(67,'m','2008-02-13','Port Felton','Rwanda','2016-02-25 23:42:42','2017-01-28 20:40:17'),(68,'m','1991-09-26','Larueborough','United States Virgin Islands','2012-10-27 08:19:54','2018-09-17 10:39:07'),(69,'m','1976-10-20','Watershaven','Georgia','2020-08-26 02:47:06','2021-04-21 13:54:50'),(70,'m','2012-11-10','Port Kristoferside','Argentina','2013-03-13 15:58:53','2020-06-03 20:39:32'),(71,'m','2002-05-19','South Oraton','Slovenia','2019-07-18 14:04:28','2021-04-21 13:54:50'),(72,'f','2018-10-24','East Vidaborough','Singapore','2013-02-01 07:06:32','2019-07-08 08:04:53'),(73,'f','2017-06-23','Windlerbury','Bouvet Island (Bouvetoya)','2016-10-31 23:27:02','2021-01-03 16:53:59'),(74,'m','2006-08-06','Kirstinshire','Denmark','2016-04-09 06:01:39','2021-04-21 13:54:50'),(75,'m','1970-04-04','Lednerfort','Fiji','2015-03-25 15:34:52','2019-06-04 17:17:07'),(76,'f','1991-02-07','Janisburgh','Ethiopia','2020-02-14 23:40:30','2021-04-21 13:54:50'),(77,'f','2004-08-04','Vonborough','Botswana','2011-10-07 02:57:14','2017-06-30 23:37:41'),(78,'m','1997-09-18','Port Kelton','New Caledonia','2015-12-13 13:08:52','2021-04-21 13:54:50'),(79,'m','1989-03-26','Port Claudinetown','Saint Helena','2013-11-02 17:07:43','2021-04-21 13:54:50'),(80,'f','2020-03-31','West Thereseview','Benin','2018-08-29 15:08:53','2021-04-21 13:54:50'),(81,'m','1984-06-13','New Lutherside','Saint Lucia','2019-12-27 15:32:06','2021-04-21 13:54:50'),(82,'f','1987-01-16','Letamouth','Yemen','2014-03-24 08:58:10','2021-04-21 13:54:50'),(83,'f','1989-03-30','Erickside','Ukraine','2014-09-21 20:00:40','2021-04-21 13:54:50'),(84,'f','2019-12-02','Douglasburgh','Timor-Leste','2019-05-30 09:01:32','2021-04-21 13:54:50'),(85,'m','2015-10-16','Normamouth','Falkland Islands (Malvinas)','2017-02-28 10:59:46','2021-04-21 13:54:50'),(86,'m','2016-11-22','Barrowsmouth','Sri Lanka','2019-05-11 09:00:51','2020-02-07 20:40:08'),(87,'m','2012-11-07','North Consueloberg','Venezuela','2019-04-03 16:45:03','2021-04-21 13:54:50'),(88,'f','2001-07-03','Port Bertramberg','Antarctica (the territory South of 60 deg S)','2013-07-07 03:31:23','2021-04-21 13:54:50'),(89,'f','2009-06-29','North Clarissa','Norway','2018-12-15 13:41:42','2018-12-17 17:17:20'),(90,'m','1975-04-06','West Kimberly','Lebanon','2014-07-15 11:18:49','2021-04-21 13:54:50'),(91,'m','2014-09-12','Chazport','Timor-Leste','2020-07-17 07:09:15','2021-04-21 13:54:50'),(92,'f','1993-01-16','West Maribelstad','Mauritania','2014-03-17 21:01:38','2021-04-21 13:54:50'),(93,'f','1971-08-17','Schuppehaven','American Samoa','2016-07-31 01:34:28','2021-04-21 13:54:50'),(94,'m','2014-07-19','Lake Enrico','Christmas Island','2020-07-16 11:19:44','2021-04-21 13:54:50'),(95,'f','1978-09-14','Emmerichville','United Arab Emirates','2011-11-07 22:16:29','2016-12-16 16:10:15'),(96,'f','1977-07-29','East Kenyatta','Tanzania','2019-01-19 23:33:39','2021-04-21 13:54:50'),(97,'m','2010-08-26','Greentown','Morocco','2018-03-13 05:04:48','2021-04-21 13:54:50'),(98,'m','1979-01-22','South Buford','Ghana','2018-08-14 11:36:08','2019-02-23 06:54:18'),(99,'m','2005-02-15','East Douglasbury','Liechtenstein','2014-03-31 04:08:16','2019-04-11 02:52:20'),(100,'f','1972-09-15','South Svenburgh','Angola','2018-01-04 09:56:46','2021-04-21 13:54:50');
/*!40000 ALTER TABLE `profiles` ENABLE KEYS */;
UNLOCK TABLES;

--
-- Table structure for table `users`
--

DROP TABLE IF EXISTS `users`;
/*!40101 SET @saved_cs_client     = @@character_set_client */;
/*!50503 SET character_set_client = utf8mb4 */;
CREATE TABLE `users` (
  `id` int unsigned NOT NULL AUTO_INCREMENT COMMENT 'Идентификатор строки',
  `first_name` varchar(100) CHARACTER SET utf8mb4 COLLATE utf8mb4_unicode_ci NOT NULL COMMENT 'Имя пользователя',
  `last_name` varchar(100) CHARACTER SET utf8mb4 COLLATE utf8mb4_unicode_ci NOT NULL COMMENT 'Фамилия пользователя',
  `email` varchar(100) CHARACTER SET utf8mb4 COLLATE utf8mb4_unicode_ci NOT NULL COMMENT 'Почта',
  `phone` varchar(100) CHARACTER SET utf8mb4 COLLATE utf8mb4_unicode_ci NOT NULL COMMENT 'Телефон',
  `created_at` datetime DEFAULT CURRENT_TIMESTAMP COMMENT 'Время создания строки',
  `updated_at` datetime DEFAULT CURRENT_TIMESTAMP ON UPDATE CURRENT_TIMESTAMP COMMENT 'Время обновления строки',
  PRIMARY KEY (`id`),
  UNIQUE KEY `email` (`email`),
  UNIQUE KEY `phone` (`phone`)
) ENGINE=InnoDB AUTO_INCREMENT=101 DEFAULT CHARSET=utf8mb4 COLLATE=utf8mb4_unicode_ci COMMENT='Пользователи';
/*!40101 SET character_set_client = @saved_cs_client */;

--
-- Dumping data for table `users`
--

LOCK TABLES `users` WRITE;
/*!40000 ALTER TABLE `users` DISABLE KEYS */;
INSERT INTO `users` VALUES (1,'Ruth','Emard','aufderhar.lois@example.com','(574)086-0247x65131','2019-02-14 07:29:45','2021-04-21 13:54:16'),(2,'London','Torp','kylie.abshire@example.com','054.057.3540','2020-04-25 13:29:16','2021-04-21 13:54:16'),(3,'Griffin','Metz','fidel.waelchi@example.com','+66(6)6928875043','2015-10-03 13:36:27','2016-12-14 03:06:04'),(4,'Madalyn','Kris','myrtice35@example.net','1-952-046-9231x6696','2015-08-25 18:44:46','2019-02-14 16:14:05'),(5,'Jonatan','Brekke','labbott@example.org','864.465.4166','2012-09-28 00:53:49','2018-11-07 03:07:35'),(6,'Timmothy','Johns','klein.felton@example.com','+82(9)8414952522','2017-06-03 01:43:23','2020-02-13 13:00:45'),(7,'Joana','Gulgowski','barton.rosina@example.org','875.861.5484x928','2015-06-01 13:03:32','2021-04-21 13:54:16'),(8,'Ezekiel','Champlin','armstrong.daniella@example.com','964.517.6307','2019-05-07 12:51:23','2021-04-21 13:54:16'),(9,'Kenya','Herzog','lupe15@example.com','247-094-3728x157','2019-03-13 05:19:03','2021-04-21 13:54:16'),(10,'Lora','Zboncak','marcellus.runte@example.com','777.914.9786','2020-04-10 09:46:42','2021-04-21 13:54:16'),(11,'Eric','Carroll','kuhn.mervin@example.net','(843)435-5463','2012-04-15 08:55:34','2019-01-07 04:14:52'),(12,'Monique','Mertz','maudie45@example.org','(795)019-1555x491','2011-08-18 16:17:13','2020-09-29 01:03:44'),(13,'Taurean','Bode','sylvia25@example.org','00498187623','2017-05-23 06:18:25','2021-04-21 13:54:16'),(14,'Mossie','Daugherty','gislason.marion@example.org','(871)391-4332x4662','2016-02-08 02:36:57','2018-12-03 11:30:16'),(15,'Carmine','Heller','ckutch@example.com','710-799-3788x725','2017-07-09 19:02:58','2021-04-21 13:54:16'),(16,'Orlando','Halvorson','brakus.catharine@example.net','1-304-830-8449','2011-11-21 21:56:55','2014-06-06 11:58:41'),(17,'Ashtyn','Weber','gerard.beahan@example.org','519-185-8146','2018-08-27 07:31:41','2021-04-21 13:54:16'),(18,'Elyssa','Balistreri','cmosciski@example.com','1-859-860-2733','2021-03-11 11:12:20','2021-04-21 13:54:16'),(19,'Quentin','Kautzer','olemke@example.com','733-267-4697x251','2014-01-24 18:49:59','2014-11-05 22:07:21'),(20,'Litzy','Bergnaum','lmueller@example.com','607-304-1800','2011-09-06 03:19:16','2020-08-08 21:18:02'),(21,'Dax','Kuhic','jmiller@example.net','03395529954','2018-12-21 02:20:42','2021-04-21 13:54:16'),(22,'Hertha','Stoltenberg','hbayer@example.org','958-502-4343','2011-11-02 08:37:18','2017-08-18 09:27:25'),(23,'Albin','Gaylord','mireille.bernhard@example.net','214-774-5525x1945','2014-08-07 03:34:53','2020-09-04 17:12:06'),(24,'Verla','Labadie','rupert.white@example.org','1-973-259-8754','2015-08-19 09:56:16','2021-04-21 13:54:16'),(25,'Lance','Flatley','sasha58@example.net','899.052.9179x073','2020-04-13 22:43:54','2021-04-21 13:54:16'),(26,'Aiyana','Nitzsche','lizeth.mcclure@example.com','(783)423-5777x02921','2012-03-07 10:49:43','2012-09-04 15:33:58'),(27,'Jack','Hickle','schinner.consuelo@example.org','622.659.6868','2016-10-08 15:01:10','2019-09-24 03:54:52'),(28,'Kaycee','Bednar','smith.adele@example.com','02004689966','2019-03-23 07:10:58','2021-04-21 13:54:16'),(29,'Justyn','Willms','wiegand.olin@example.org','+16(2)1613817186','2014-11-09 02:07:28','2021-04-21 13:54:16'),(30,'Myles','Gerlach','grady.lilian@example.com','(568)845-3394','2013-02-08 15:09:20','2016-06-02 08:53:27'),(31,'Nettie','Ledner','vivianne39@example.net','977.119.4227x140','2018-01-13 03:10:43','2020-03-27 22:12:31'),(32,'Jonathon','Crona','lcruickshank@example.org','411-287-9996x460','2012-01-17 19:16:48','2017-05-20 11:21:57'),(33,'Katherine','Hudson','sadie.nicolas@example.org','(694)331-5526','2016-10-17 19:11:40','2021-04-21 13:54:16'),(34,'Ephraim','Hansen','mcclure.maritza@example.com','+23(5)7827689115','2016-07-18 16:45:37','2018-04-30 22:26:38'),(35,'Narciso','Bednar','ondricka.conrad@example.net','+52(0)8022510429','2016-12-11 16:10:59','2020-05-03 19:21:32'),(36,'Karlee','Lehner','gutkowski.newell@example.net','721-092-1485x280','2015-11-25 13:50:38','2016-12-24 11:34:23'),(37,'Eliane','Sawayn','janet.schmeler@example.net','745.424.3588','2017-03-16 08:40:33','2021-04-21 13:54:16'),(38,'Guiseppe','Casper','annette.terry@example.com','07437725975','2014-02-14 13:46:42','2021-04-21 13:54:16'),(39,'Mariam','Skiles','hodkiewicz.charity@example.com','02910780868','2018-05-15 17:37:48','2021-04-21 13:54:16'),(40,'Kadin','Braun','wiegand.damian@example.com','953-289-8506x01722','2018-12-29 20:02:30','2021-04-21 13:54:16'),(41,'Jammie','Trantow','feil.jermaine@example.net','673-224-9926x3940','2014-07-02 07:49:50','2021-04-21 13:54:16'),(42,'Madaline','Bartell','bednar.johnpaul@example.com','1-973-157-7122x14215','2011-10-09 06:11:38','2013-10-06 15:16:28'),(43,'Julie','Sawayn','wintheiser.annie@example.com','03053516917','2016-05-19 23:39:24','2017-03-31 11:22:44'),(44,'Freida','Lemke','parker61@example.org','+29(8)8114868597','2012-12-05 10:56:50','2019-04-17 03:33:32'),(45,'Ivy','Rutherford','aufderhar.humberto@example.com','(230)245-0650','2012-03-27 10:46:29','2016-10-13 23:02:32'),(46,'Vickie','Conroy','lauren.jacobson@example.com','07182685895','2020-09-30 11:51:09','2021-04-21 13:54:16'),(47,'Lelia','Hettinger','hauck.judson@example.com','082-767-1006x8806','2020-01-16 15:30:43','2021-04-21 13:54:16'),(48,'Darby','Bartell','robin06@example.net','571.359.6425','2017-09-10 04:06:43','2020-03-14 15:33:02'),(49,'Nina','Murazik','wraynor@example.org','241.407.0922','2013-04-12 06:07:14','2021-04-21 13:54:16'),(50,'Margie','Rolfson','braynor@example.org','(707)980-3862x58368','2013-01-15 08:37:58','2018-01-08 20:50:59'),(51,'Vilma','Mohr','xnitzsche@example.com','019.147.7430x0927','2017-03-31 03:07:07','2020-08-08 15:19:27'),(52,'Kacie','Berge','weston.volkman@example.com','1-102-314-3169x3504','2011-09-12 05:56:48','2013-08-16 16:12:11'),(53,'Kurtis','Pfannerstill','cristopher.trantow@example.com','535-097-1845','2019-03-06 05:51:16','2021-04-21 13:54:16'),(54,'Cortez','Wiza','green.elvis@example.org','+25(9)2226493054','2017-11-03 18:32:16','2018-05-03 20:35:43'),(55,'Shana','Dach','reed90@example.net','168.254.8771','2014-10-30 02:23:15','2021-04-05 01:57:56'),(56,'Lurline','Medhurst','eino29@example.net','781-686-0035x1320','2020-02-27 07:32:02','2021-04-21 13:54:16'),(57,'Amya','DuBuque','eo\'reilly@example.com','1-437-636-5922','2016-03-18 05:19:41','2019-08-16 14:09:11'),(58,'Maximus','DuBuque','kelvin95@example.org','1-321-574-4815x1851','2014-09-02 06:09:23','2021-04-21 13:54:16'),(59,'Zita','Bruen','ezequiel59@example.net','334.438.9420','2013-04-08 14:45:07','2018-01-09 05:43:51'),(60,'Nikko','Schamberger','xmcdermott@example.net','523-568-5493x415','2011-11-21 10:21:25','2018-07-06 01:36:25'),(61,'Sarai','Bernhard','mstamm@example.com','(877)902-4418','2018-08-14 12:28:58','2021-04-21 13:54:16'),(62,'Maryse','Brakus','aschimmel@example.org','06727095261','2016-11-25 03:13:26','2021-04-21 13:54:16'),(63,'Albin','Kertzmann','valentine.stroman@example.org','972-678-7670x9095','2020-06-01 02:59:45','2021-04-21 13:54:16'),(64,'Maxine','Dickens','dorothy74@example.org','1-371-153-7217x8390','2012-10-10 12:57:58','2020-05-13 00:10:20'),(65,'Adrianna','Kub','arvel.fadel@example.org','+13(8)3514612955','2013-08-12 14:03:53','2016-08-29 00:01:10'),(66,'Austyn','Kiehn','karolann.hansen@example.net','06668840314','2011-10-28 12:35:36','2017-07-15 17:47:24'),(67,'Jonathon','Grady','qbeier@example.org','796-924-6554','2013-04-07 19:06:26','2020-03-27 13:35:02'),(68,'Kasey','Bechtelar','jayne.reinger@example.com','02330702374','2018-05-26 09:02:33','2021-04-21 13:54:16'),(69,'Alessandra','Gorczany','birdie27@example.org','475-861-5249x2685','2012-10-04 17:06:25','2017-08-12 07:45:22'),(70,'Claudine','Turcotte','jaden.glover@example.com','715.783.6743','2017-07-19 07:43:19','2019-04-10 21:22:28'),(71,'Skyla','Fisher','cortez.heathcote@example.net','(707)677-0960x6435','2019-11-05 03:09:44','2021-04-21 13:54:16'),(72,'Immanuel','Beatty','ewuckert@example.com','517-986-2106x245','2015-04-19 22:39:35','2018-06-30 15:30:10'),(73,'Kathleen','Smith','alebsack@example.com','06806924936','2015-11-22 21:46:38','2021-04-21 13:54:16'),(74,'Concepcion','Bernhard','igoodwin@example.com','1-716-356-9631x954','2012-06-01 16:15:57','2021-04-21 13:54:16'),(75,'Jaunita','Senger','grant.giovani@example.net','862-615-3997x876','2020-12-26 20:01:54','2021-04-21 13:54:16'),(76,'Corene','Kovacek','wolff.leif@example.net','1-533-617-5499x82529','2019-03-01 19:27:38','2021-04-21 13:54:16'),(77,'Irma','Hartmann','yleannon@example.com','874.391.8101','2014-11-22 22:38:25','2016-06-01 21:13:26'),(78,'Hazle','Olson','barrows.adriel@example.org','(875)421-2301','2014-07-01 21:22:07','2021-04-09 15:34:54'),(79,'Gabrielle','Leannon','estevan28@example.com','150.442.1387','2017-09-23 14:21:15','2018-09-21 15:44:09'),(80,'Elta','Cassin','friesen.esmeralda@example.com','478.036.4265','2017-05-23 02:06:35','2021-04-21 13:54:16'),(81,'Raymundo','Stehr','morar.ernestine@example.net','(687)816-7747','2015-07-06 21:22:25','2017-02-26 10:41:41'),(82,'Derek','Huels','alf10@example.net','162.485.8982x57370','2020-10-11 22:49:25','2021-04-21 13:54:16'),(83,'Reyna','Rau','adrian.pagac@example.net','492.172.4672','2018-08-14 23:09:45','2021-04-21 13:54:16'),(84,'Ferne','Feest','triston.kreiger@example.org','(102)340-8052x10726','2020-09-28 13:51:27','2021-04-21 13:54:16'),(85,'Armani','Turner','emmet.metz@example.com','856-561-4298x6229','2017-05-31 18:21:37','2017-09-08 14:28:01'),(86,'Morgan','McCullough','wcorkery@example.org','331.259.3138x21699','2017-03-21 20:55:40','2018-11-26 02:52:50'),(87,'Alisha','Rogahn','lockman.leann@example.org','623-887-5541x20839','2015-01-30 16:44:28','2021-04-21 13:54:16'),(88,'Demetrius','Windler','orrin01@example.net','+66(3)0521529745','2012-09-23 09:11:23','2021-04-21 13:54:16'),(89,'Stefan','Zulauf','turcotte.luella@example.com','1-657-164-5771','2021-02-05 05:40:38','2021-04-21 13:54:16'),(90,'Kole','Wolf','karley.mraz@example.net','916-685-6188x1472','2015-07-02 11:55:48','2016-01-23 17:16:11'),(91,'Kelsi','Moore','effie.hayes@example.com','(876)791-5178x1115','2020-09-10 22:22:56','2021-04-21 13:54:16'),(92,'Camryn','Davis','erin00@example.net','(517)918-6750','2014-12-20 11:34:53','2021-04-21 13:54:16'),(93,'Cruz','Yost','dietrich.ilene@example.org','06837439918','2012-12-22 03:13:21','2021-04-21 13:54:16'),(94,'Shaina','Effertz','mariam.koss@example.com','(084)970-6211x369','2012-12-24 18:41:55','2017-05-11 06:43:10'),(95,'Wilfrid','Nader','camilla40@example.net','(420)675-8039x2920','2015-11-21 15:30:50','2021-04-21 13:54:16'),(96,'Gerardo','Grant','kayley.ortiz@example.org','529-322-2291x91238','2017-10-20 21:52:44','2021-04-21 13:54:16'),(97,'Edyth','Erdman','tdonnelly@example.com','09148383707','2011-12-16 03:24:06','2014-06-11 18:12:22'),(98,'Destany','Wiegand','tromp.joel@example.org','632-199-8446','2015-05-04 17:13:55','2018-05-17 10:26:10'),(99,'Juliet','Mosciski','haven.fadel@example.com','690-825-5360x4131','2019-10-28 14:25:24','2021-04-21 13:54:16'),(100,'Leanne','Murphy','ford.langworth@example.com','1-736-581-3641x8796','2014-07-12 23:33:38','2021-04-21 13:54:16');
/*!40000 ALTER TABLE `users` ENABLE KEYS */;
UNLOCK TABLES;
/*!40103 SET TIME_ZONE=@OLD_TIME_ZONE */;

/*!40101 SET SQL_MODE=@OLD_SQL_MODE */;
/*!40014 SET FOREIGN_KEY_CHECKS=@OLD_FOREIGN_KEY_CHECKS */;
/*!40014 SET UNIQUE_CHECKS=@OLD_UNIQUE_CHECKS */;
/*!40101 SET CHARACTER_SET_CLIENT=@OLD_CHARACTER_SET_CLIENT */;
/*!40101 SET CHARACTER_SET_RESULTS=@OLD_CHARACTER_SET_RESULTS */;
/*!40101 SET COLLATION_CONNECTION=@OLD_COLLATION_CONNECTION */;
/*!40111 SET SQL_NOTES=@OLD_SQL_NOTES */;

-- Dump completed on 2021-04-21 15:45:47
