USE drive2;

INSERT INTO `users` VALUES (1,'Ruth','Emard','aufderhar.lois@example.com','(574)086-0247x65131','2019-02-14 07:29:45','2021-04-21 13:54:16'),(2,'London','Torp','kylie.abshire@example.com','054.057.3540','2020-04-25 13:29:16','2021-04-21 13:54:16'),(3,'Griffin','Metz','fidel.waelchi@example.com','+66(6)6928875043','2015-10-03 13:36:27','2016-12-14 03:06:04'),(4,'Madalyn','Kris','myrtice35@example.net','1-952-046-9231x6696','2015-08-25 18:44:46','2019-02-14 16:14:05'),(5,'Jonatan','Brekke','labbott@example.org','864.465.4166','2012-09-28 00:53:49','2018-11-07 03:07:35'),(6,'Timmothy','Johns','klein.felton@example.com','+82(9)8414952522','2017-06-03 01:43:23','2020-02-13 13:00:45'),(7,'Joana','Gulgowski','barton.rosina@example.org','875.861.5484x928','2015-06-01 13:03:32','2021-04-21 13:54:16'),(8,'Ezekiel','Champlin','armstrong.daniella@example.com','964.517.6307','2019-05-07 12:51:23','2021-04-21 13:54:16'),(9,'Kenya','Herzog','lupe15@example.com','247-094-3728x157','2019-03-13 05:19:03','2021-04-21 13:54:16'),(10,'Lora','Zboncak','marcellus.runte@example.com','777.914.9786','2020-04-10 09:46:42','2021-04-21 13:54:16'),(11,'Eric','Carroll','kuhn.mervin@example.net','(843)435-5463','2012-04-15 08:55:34','2019-01-07 04:14:52'),(12,'Monique','Mertz','maudie45@example.org','(795)019-1555x491','2011-08-18 16:17:13','2020-09-29 01:03:44'),(13,'Taurean','Bode','sylvia25@example.org','00498187623','2017-05-23 06:18:25','2021-04-21 13:54:16'),(14,'Mossie','Daugherty','gislason.marion@example.org','(871)391-4332x4662','2016-02-08 02:36:57','2018-12-03 11:30:16'),(15,'Carmine','Heller','ckutch@example.com','710-799-3788x725','2017-07-09 19:02:58','2021-04-21 13:54:16'),(16,'Orlando','Halvorson','brakus.catharine@example.net','1-304-830-8449','2011-11-21 21:56:55','2014-06-06 11:58:41'),(17,'Ashtyn','Weber','gerard.beahan@example.org','519-185-8146','2018-08-27 07:31:41','2021-04-21 13:54:16'),(18,'Elyssa','Balistreri','cmosciski@example.com','1-859-860-2733','2021-03-11 11:12:20','2021-04-21 13:54:16'),(19,'Quentin','Kautzer','olemke@example.com','733-267-4697x251','2014-01-24 18:49:59','2014-11-05 22:07:21'),(20,'Litzy','Bergnaum','lmueller@example.com','607-304-1800','2011-09-06 03:19:16','2020-08-08 21:18:02'),(21,'Dax','Kuhic','jmiller@example.net','03395529954','2018-12-21 02:20:42','2021-04-21 13:54:16'),(22,'Hertha','Stoltenberg','hbayer@example.org','958-502-4343','2011-11-02 08:37:18','2017-08-18 09:27:25'),(23,'Albin','Gaylord','mireille.bernhard@example.net','214-774-5525x1945','2014-08-07 03:34:53','2020-09-04 17:12:06'),(24,'Verla','Labadie','rupert.white@example.org','1-973-259-8754','2015-08-19 09:56:16','2021-04-21 13:54:16'),(25,'Lance','Flatley','sasha58@example.net','899.052.9179x073','2020-04-13 22:43:54','2021-04-21 13:54:16'),(26,'Aiyana','Nitzsche','lizeth.mcclure@example.com','(783)423-5777x02921','2012-03-07 10:49:43','2012-09-04 15:33:58'),(27,'Jack','Hickle','schinner.consuelo@example.org','622.659.6868','2016-10-08 15:01:10','2019-09-24 03:54:52'),(28,'Kaycee','Bednar','smith.adele@example.com','02004689966','2019-03-23 07:10:58','2021-04-21 13:54:16'),(29,'Justyn','Willms','wiegand.olin@example.org','+16(2)1613817186','2014-11-09 02:07:28','2021-04-21 13:54:16'),(30,'Myles','Gerlach','grady.lilian@example.com','(568)845-3394','2013-02-08 15:09:20','2016-06-02 08:53:27'),(31,'Nettie','Ledner','vivianne39@example.net','977.119.4227x140','2018-01-13 03:10:43','2020-03-27 22:12:31'),(32,'Jonathon','Crona','lcruickshank@example.org','411-287-9996x460','2012-01-17 19:16:48','2017-05-20 11:21:57'),(33,'Katherine','Hudson','sadie.nicolas@example.org','(694)331-5526','2016-10-17 19:11:40','2021-04-21 13:54:16'),(34,'Ephraim','Hansen','mcclure.maritza@example.com','+23(5)7827689115','2016-07-18 16:45:37','2018-04-30 22:26:38'),(35,'Narciso','Bednar','ondricka.conrad@example.net','+52(0)8022510429','2016-12-11 16:10:59','2020-05-03 19:21:32'),(36,'Karlee','Lehner','gutkowski.newell@example.net','721-092-1485x280','2015-11-25 13:50:38','2016-12-24 11:34:23'),(37,'Eliane','Sawayn','janet.schmeler@example.net','745.424.3588','2017-03-16 08:40:33','2021-04-21 13:54:16'),(38,'Guiseppe','Casper','annette.terry@example.com','07437725975','2014-02-14 13:46:42','2021-04-21 13:54:16'),(39,'Mariam','Skiles','hodkiewicz.charity@example.com','02910780868','2018-05-15 17:37:48','2021-04-21 13:54:16'),(40,'Kadin','Braun','wiegand.damian@example.com','953-289-8506x01722','2018-12-29 20:02:30','2021-04-21 13:54:16'),(41,'Jammie','Trantow','feil.jermaine@example.net','673-224-9926x3940','2014-07-02 07:49:50','2021-04-21 13:54:16'),(42,'Madaline','Bartell','bednar.johnpaul@example.com','1-973-157-7122x14215','2011-10-09 06:11:38','2013-10-06 15:16:28'),(43,'Julie','Sawayn','wintheiser.annie@example.com','03053516917','2016-05-19 23:39:24','2017-03-31 11:22:44'),(44,'Freida','Lemke','parker61@example.org','+29(8)8114868597','2012-12-05 10:56:50','2019-04-17 03:33:32'),(45,'Ivy','Rutherford','aufderhar.humberto@example.com','(230)245-0650','2012-03-27 10:46:29','2016-10-13 23:02:32'),(46,'Vickie','Conroy','lauren.jacobson@example.com','07182685895','2020-09-30 11:51:09','2021-04-21 13:54:16'),(47,'Lelia','Hettinger','hauck.judson@example.com','082-767-1006x8806','2020-01-16 15:30:43','2021-04-21 13:54:16'),(48,'Darby','Bartell','robin06@example.net','571.359.6425','2017-09-10 04:06:43','2020-03-14 15:33:02'),(49,'Nina','Murazik','wraynor@example.org','241.407.0922','2013-04-12 06:07:14','2021-04-21 13:54:16'),(50,'Margie','Rolfson','braynor@example.org','(707)980-3862x58368','2013-01-15 08:37:58','2018-01-08 20:50:59'),(51,'Vilma','Mohr','xnitzsche@example.com','019.147.7430x0927','2017-03-31 03:07:07','2020-08-08 15:19:27'),(52,'Kacie','Berge','weston.volkman@example.com','1-102-314-3169x3504','2011-09-12 05:56:48','2013-08-16 16:12:11'),(53,'Kurtis','Pfannerstill','cristopher.trantow@example.com','535-097-1845','2019-03-06 05:51:16','2021-04-21 13:54:16'),(54,'Cortez','Wiza','green.elvis@example.org','+25(9)2226493054','2017-11-03 18:32:16','2018-05-03 20:35:43'),(55,'Shana','Dach','reed90@example.net','168.254.8771','2014-10-30 02:23:15','2021-04-05 01:57:56'),(56,'Lurline','Medhurst','eino29@example.net','781-686-0035x1320','2020-02-27 07:32:02','2021-04-21 13:54:16'),(57,'Amya','DuBuque','eo\'reilly@example.com','1-437-636-5922','2016-03-18 05:19:41','2019-08-16 14:09:11'),(58,'Maximus','DuBuque','kelvin95@example.org','1-321-574-4815x1851','2014-09-02 06:09:23','2021-04-21 13:54:16'),(59,'Zita','Bruen','ezequiel59@example.net','334.438.9420','2013-04-08 14:45:07','2018-01-09 05:43:51'),(60,'Nikko','Schamberger','xmcdermott@example.net','523-568-5493x415','2011-11-21 10:21:25','2018-07-06 01:36:25'),(61,'Sarai','Bernhard','mstamm@example.com','(877)902-4418','2018-08-14 12:28:58','2021-04-21 13:54:16'),(62,'Maryse','Brakus','aschimmel@example.org','06727095261','2016-11-25 03:13:26','2021-04-21 13:54:16'),(63,'Albin','Kertzmann','valentine.stroman@example.org','972-678-7670x9095','2020-06-01 02:59:45','2021-04-21 13:54:16'),(64,'Maxine','Dickens','dorothy74@example.org','1-371-153-7217x8390','2012-10-10 12:57:58','2020-05-13 00:10:20'),(65,'Adrianna','Kub','arvel.fadel@example.org','+13(8)3514612955','2013-08-12 14:03:53','2016-08-29 00:01:10'),(66,'Austyn','Kiehn','karolann.hansen@example.net','06668840314','2011-10-28 12:35:36','2017-07-15 17:47:24'),(67,'Jonathon','Grady','qbeier@example.org','796-924-6554','2013-04-07 19:06:26','2020-03-27 13:35:02'),(68,'Kasey','Bechtelar','jayne.reinger@example.com','02330702374','2018-05-26 09:02:33','2021-04-21 13:54:16'),(69,'Alessandra','Gorczany','birdie27@example.org','475-861-5249x2685','2012-10-04 17:06:25','2017-08-12 07:45:22'),(70,'Claudine','Turcotte','jaden.glover@example.com','715.783.6743','2017-07-19 07:43:19','2019-04-10 21:22:28'),(71,'Skyla','Fisher','cortez.heathcote@example.net','(707)677-0960x6435','2019-11-05 03:09:44','2021-04-21 13:54:16'),(72,'Immanuel','Beatty','ewuckert@example.com','517-986-2106x245','2015-04-19 22:39:35','2018-06-30 15:30:10'),(73,'Kathleen','Smith','alebsack@example.com','06806924936','2015-11-22 21:46:38','2021-04-21 13:54:16'),(74,'Concepcion','Bernhard','igoodwin@example.com','1-716-356-9631x954','2012-06-01 16:15:57','2021-04-21 13:54:16'),(75,'Jaunita','Senger','grant.giovani@example.net','862-615-3997x876','2020-12-26 20:01:54','2021-04-21 13:54:16'),(76,'Corene','Kovacek','wolff.leif@example.net','1-533-617-5499x82529','2019-03-01 19:27:38','2021-04-21 13:54:16'),(77,'Irma','Hartmann','yleannon@example.com','874.391.8101','2014-11-22 22:38:25','2016-06-01 21:13:26'),(78,'Hazle','Olson','barrows.adriel@example.org','(875)421-2301','2014-07-01 21:22:07','2021-04-09 15:34:54'),(79,'Gabrielle','Leannon','estevan28@example.com','150.442.1387','2017-09-23 14:21:15','2018-09-21 15:44:09'),(80,'Elta','Cassin','friesen.esmeralda@example.com','478.036.4265','2017-05-23 02:06:35','2021-04-21 13:54:16'),(81,'Raymundo','Stehr','morar.ernestine@example.net','(687)816-7747','2015-07-06 21:22:25','2017-02-26 10:41:41'),(82,'Derek','Huels','alf10@example.net','162.485.8982x57370','2020-10-11 22:49:25','2021-04-21 13:54:16'),(83,'Reyna','Rau','adrian.pagac@example.net','492.172.4672','2018-08-14 23:09:45','2021-04-21 13:54:16'),(84,'Ferne','Feest','triston.kreiger@example.org','(102)340-8052x10726','2020-09-28 13:51:27','2021-04-21 13:54:16'),(85,'Armani','Turner','emmet.metz@example.com','856-561-4298x6229','2017-05-31 18:21:37','2017-09-08 14:28:01'),(86,'Morgan','McCullough','wcorkery@example.org','331.259.3138x21699','2017-03-21 20:55:40','2018-11-26 02:52:50'),(87,'Alisha','Rogahn','lockman.leann@example.org','623-887-5541x20839','2015-01-30 16:44:28','2021-04-21 13:54:16'),(88,'Demetrius','Windler','orrin01@example.net','+66(3)0521529745','2012-09-23 09:11:23','2021-04-21 13:54:16'),(89,'Stefan','Zulauf','turcotte.luella@example.com','1-657-164-5771','2021-02-05 05:40:38','2021-04-21 13:54:16'),(90,'Kole','Wolf','karley.mraz@example.net','916-685-6188x1472','2015-07-02 11:55:48','2016-01-23 17:16:11'),(91,'Kelsi','Moore','effie.hayes@example.com','(876)791-5178x1115','2020-09-10 22:22:56','2021-04-21 13:54:16'),(92,'Camryn','Davis','erin00@example.net','(517)918-6750','2014-12-20 11:34:53','2021-04-21 13:54:16'),(93,'Cruz','Yost','dietrich.ilene@example.org','06837439918','2012-12-22 03:13:21','2021-04-21 13:54:16'),(94,'Shaina','Effertz','mariam.koss@example.com','(084)970-6211x369','2012-12-24 18:41:55','2017-05-11 06:43:10'),(95,'Wilfrid','Nader','camilla40@example.net','(420)675-8039x2920','2015-11-21 15:30:50','2021-04-21 13:54:16'),(96,'Gerardo','Grant','kayley.ortiz@example.org','529-322-2291x91238','2017-10-20 21:52:44','2021-04-21 13:54:16'),(97,'Edyth','Erdman','tdonnelly@example.com','09148383707','2011-12-16 03:24:06','2014-06-11 18:12:22'),(98,'Destany','Wiegand','tromp.joel@example.org','632-199-8446','2015-05-04 17:13:55','2018-05-17 10:26:10'),(99,'Juliet','Mosciski','haven.fadel@example.com','690-825-5360x4131','2019-10-28 14:25:24','2021-04-21 13:54:16'),(100,'Leanne','Murphy','ford.langworth@example.com','1-736-581-3641x8796','2014-07-12 23:33:38','2021-04-21 13:54:16');

INSERT INTO `profiles` VALUES (1,'f','1970-12-31','Lake Jenningsshire','Central African Republic','2015-03-29 20:22:39','2021-04-21 13:54:50'),(2,'f','2005-08-22','Stantonburgh','Singapore','2021-02-10 14:09:42','2021-04-21 13:54:50'),(3,'f','2001-04-04','Coltenmouth','Cuba','2015-09-08 13:05:44','2018-07-11 20:47:18'),(4,'m','1980-07-17','New Jo','Antigua and Barbuda','2015-08-27 09:14:41','2015-12-08 06:01:16'),(5,'m','2018-06-05','Kshlerinborough','Saint Lucia','2020-10-25 04:45:52','2021-04-21 13:54:50'),(6,'m','1993-11-14','Lake Napoleon','Gabon','2017-04-08 08:28:38','2021-04-21 13:54:50'),(7,'f','1988-04-13','West Irving','Bahrain','2016-01-22 00:37:01','2021-04-21 13:54:50'),(8,'f','1973-12-11','North Libby','Taiwan','2013-12-29 02:22:27','2014-05-31 10:21:33'),(9,'m','1983-05-22','West Shaniya','Sierra Leone','2019-08-04 03:47:49','2021-04-21 13:54:50'),(10,'m','1974-05-20','New Herbertport','Bahamas','2012-10-17 10:49:46','2021-04-21 13:54:50'),(11,'m','2009-10-12','Howeview','Palestinian Territory','2018-08-11 00:02:21','2019-07-17 12:53:26'),(12,'m','2004-07-19','Port Jovany','Kazakhstan','2020-11-15 02:27:28','2021-04-21 13:54:50'),(13,'m','1991-09-01','North Zion','South Georgia and the South Sandwich Islands','2017-12-26 00:52:30','2021-04-21 13:54:50'),(14,'m','2007-01-24','Auerfort','Guadeloupe','2017-11-03 09:30:55','2021-04-21 13:54:50'),(15,'f','1988-06-24','South Ronny','Tajikistan','2011-04-29 02:27:43','2012-05-15 14:27:07'),(16,'m','2006-09-01','Port Melvin','Brunei Darussalam','2017-06-18 08:50:53','2021-01-11 13:48:35'),(17,'f','2011-11-07','Strosinhaven','Costa Rica','2019-05-22 04:58:18','2021-04-21 13:54:50'),(18,'m','1981-03-25','Tremblayton','Eritrea','2012-06-19 06:32:47','2017-11-10 02:21:23'),(19,'m','1981-06-30','West Vivian','Uruguay','2020-04-18 08:37:23','2021-04-21 13:54:50'),(20,'f','1977-10-28','Port Florine','Germany','2017-10-25 18:01:39','2021-04-21 13:54:50'),(21,'f','1986-11-04','West Thereseton','Guinea-Bissau','2013-07-23 18:52:01','2019-01-17 09:36:03'),(22,'f','1971-01-13','Kenyattaland','Dominica','2019-02-15 02:56:52','2021-04-21 13:54:50'),(23,'f','2014-04-01','Lake Christian','Korea','2013-10-03 18:45:12','2020-11-16 05:34:05'),(24,'f','2004-03-11','Lefflerburgh','Congo','2011-07-31 10:43:46','2016-06-19 01:43:37'),(25,'f','2002-11-15','Cademouth','Isle of Man','2020-03-03 04:13:29','2021-04-21 13:54:50'),(26,'m','1995-12-14','Bogisichbury','Bhutan','2014-07-31 13:05:06','2018-09-28 11:26:15'),(27,'m','2005-12-30','Lake Selmerbury','Chile','2018-08-04 17:12:40','2019-05-10 22:41:39'),(28,'f','2020-09-04','Port Esmeralda','Lithuania','2017-02-08 21:47:26','2017-05-05 18:57:02'),(29,'f','2021-01-05','Geochester','Trinidad and Tobago','2013-02-27 14:42:51','2018-05-01 09:02:28'),(30,'f','1988-01-08','West Annabelleburgh','Liechtenstein','2019-06-07 13:26:28','2021-04-21 13:54:50'),(31,'m','1985-01-22','Alannaburgh','Haiti','2014-07-27 14:21:51','2016-10-25 19:27:13'),(32,'m','2011-08-03','Brennanmouth','Guyana','2020-05-04 09:31:02','2021-04-21 13:54:50'),(33,'f','2018-10-30','Rosenbaumton','Saint Barthelemy','2016-03-21 11:58:33','2021-04-21 13:54:50'),(34,'f','1989-04-09','Lake Aronmouth','Gambia','2017-12-21 08:38:45','2021-04-21 13:54:50'),(35,'m','2002-09-22','Port Rylan','Mongolia','2017-05-25 00:00:25','2018-02-06 20:07:40'),(36,'f','2015-11-03','Considineport','Iraq','2017-07-19 05:33:58','2021-04-21 13:54:50'),(37,'m','2006-06-07','Amiyastad','Kenya','2019-03-11 17:05:02','2021-04-21 13:54:50'),(38,'f','1979-05-16','Titusshire','Ireland','2016-05-09 19:16:19','2021-04-21 13:54:50'),(39,'m','1997-04-10','West Axelshire','Faroe Islands','2014-03-27 15:23:57','2018-06-18 15:28:23'),(40,'m','1981-04-14','Steuberville','Liberia','2018-03-08 18:56:06','2021-04-21 13:54:50'),(41,'m','2000-12-13','Lake Carissa','Palestinian Territory','2012-09-14 01:28:49','2021-04-21 13:54:50'),(42,'f','2020-05-01','Jimmieton','New Zealand','2011-04-23 04:24:16','2021-01-10 22:19:08'),(43,'f','2014-03-21','Nienowhaven','Belize','2015-07-25 10:32:40','2021-04-21 13:54:50'),(44,'m','1998-10-21','Emersonmouth','Bolivia','2015-08-24 13:50:44','2021-04-21 13:54:50'),(45,'f','1994-09-05','North Bernardoton','Panama','2020-12-09 14:04:59','2021-04-21 13:54:50'),(46,'f','2019-05-10','Lake Shanelborough','Slovakia (Slovak Republic)','2014-01-08 16:28:26','2016-12-19 16:37:24'),(47,'m','1972-10-03','New Imaborough','Samoa','2015-09-24 07:19:22','2015-12-04 08:40:31'),(48,'m','2002-11-13','Port Dwightburgh','Uruguay','2014-12-06 14:15:02','2016-11-15 10:09:21'),(49,'m','1995-12-22','Lake Rusty','Haiti','2020-10-15 12:21:13','2021-04-21 13:54:50'),(50,'m','1977-02-14','East Ronnymouth','Timor-Leste','2020-03-04 17:51:04','2021-04-21 13:54:50'),(51,'m','1970-07-20','Thielland','Yemen','2016-08-29 18:33:57','2021-04-21 13:54:50'),(52,'f','1982-04-30','Lake Bertram','United Arab Emirates','2017-05-27 05:36:32','2019-01-02 13:36:55'),(53,'m','1988-09-04','New Mose','Iraq','2014-11-30 01:57:36','2021-04-21 13:54:50'),(54,'m','1996-01-13','East Blanche','Seychelles','2017-12-25 23:45:46','2021-04-21 13:54:50'),(55,'f','2016-08-04','Gerholdburgh','Slovenia','2017-01-09 23:26:37','2021-04-21 13:54:50'),(56,'f','1975-07-26','Janachester','Saint Lucia','2012-10-14 02:46:10','2017-01-20 15:55:34'),(57,'f','1971-09-23','New Gonzaloview','Gambia','2017-06-15 08:45:09','2021-04-21 13:54:50'),(58,'f','1995-05-11','South Faustoton','Yemen','2018-03-03 17:44:30','2021-04-21 13:54:50'),(59,'m','2010-09-01','North Rasheed','Bouvet Island (Bouvetoya)','2011-05-29 04:19:16','2019-04-25 15:03:16'),(60,'m','2011-01-23','Wizaberg','New Caledonia','2013-01-15 05:38:43','2020-03-25 15:18:38'),(61,'f','2006-06-22','Cassinbury','Guadeloupe','2014-01-27 19:42:00','2017-07-20 20:39:22'),(62,'m','1998-09-20','Port Alexanneshire','Sri Lanka','2017-11-21 05:08:00','2021-04-21 13:54:50'),(63,'f','1996-06-19','West Eric','Togo','2018-05-08 02:06:24','2019-03-14 03:41:26'),(64,'m','1990-07-02','Lavernborough','Cyprus','2016-03-05 08:22:51','2021-04-21 13:54:50'),(65,'m','1974-10-26','Rauborough','Angola','2019-06-02 23:05:38','2021-04-21 13:54:50'),(66,'m','2020-06-17','Funkburgh','Kenya','2016-03-12 04:44:52','2021-04-21 13:54:50'),(67,'m','2008-02-13','Port Felton','Rwanda','2016-02-25 23:42:42','2017-01-28 20:40:17'),(68,'m','1991-09-26','Larueborough','United States Virgin Islands','2012-10-27 08:19:54','2018-09-17 10:39:07'),(69,'m','1976-10-20','Watershaven','Georgia','2020-08-26 02:47:06','2021-04-21 13:54:50'),(70,'m','2012-11-10','Port Kristoferside','Argentina','2013-03-13 15:58:53','2020-06-03 20:39:32'),(71,'m','2002-05-19','South Oraton','Slovenia','2019-07-18 14:04:28','2021-04-21 13:54:50'),(72,'f','2018-10-24','East Vidaborough','Singapore','2013-02-01 07:06:32','2019-07-08 08:04:53'),(73,'f','2017-06-23','Windlerbury','Bouvet Island (Bouvetoya)','2016-10-31 23:27:02','2021-01-03 16:53:59'),(74,'m','2006-08-06','Kirstinshire','Denmark','2016-04-09 06:01:39','2021-04-21 13:54:50'),(75,'m','1970-04-04','Lednerfort','Fiji','2015-03-25 15:34:52','2019-06-04 17:17:07'),(76,'f','1991-02-07','Janisburgh','Ethiopia','2020-02-14 23:40:30','2021-04-21 13:54:50'),(77,'f','2004-08-04','Vonborough','Botswana','2011-10-07 02:57:14','2017-06-30 23:37:41'),(78,'m','1997-09-18','Port Kelton','New Caledonia','2015-12-13 13:08:52','2021-04-21 13:54:50'),(79,'m','1989-03-26','Port Claudinetown','Saint Helena','2013-11-02 17:07:43','2021-04-21 13:54:50'),(80,'f','2020-03-31','West Thereseview','Benin','2018-08-29 15:08:53','2021-04-21 13:54:50'),(81,'m','1984-06-13','New Lutherside','Saint Lucia','2019-12-27 15:32:06','2021-04-21 13:54:50'),(82,'f','1987-01-16','Letamouth','Yemen','2014-03-24 08:58:10','2021-04-21 13:54:50'),(83,'f','1989-03-30','Erickside','Ukraine','2014-09-21 20:00:40','2021-04-21 13:54:50'),(84,'f','2019-12-02','Douglasburgh','Timor-Leste','2019-05-30 09:01:32','2021-04-21 13:54:50'),(85,'m','2015-10-16','Normamouth','Falkland Islands (Malvinas)','2017-02-28 10:59:46','2021-04-21 13:54:50'),(86,'m','2016-11-22','Barrowsmouth','Sri Lanka','2019-05-11 09:00:51','2020-02-07 20:40:08'),(87,'m','2012-11-07','North Consueloberg','Venezuela','2019-04-03 16:45:03','2021-04-21 13:54:50'),(88,'f','2001-07-03','Port Bertramberg','Antarctica (the territory South of 60 deg S)','2013-07-07 03:31:23','2021-04-21 13:54:50'),(89,'f','2009-06-29','North Clarissa','Norway','2018-12-15 13:41:42','2018-12-17 17:17:20'),(90,'m','1975-04-06','West Kimberly','Lebanon','2014-07-15 11:18:49','2021-04-21 13:54:50'),(91,'m','2014-09-12','Chazport','Timor-Leste','2020-07-17 07:09:15','2021-04-21 13:54:50'),(92,'f','1993-01-16','West Maribelstad','Mauritania','2014-03-17 21:01:38','2021-04-21 13:54:50'),(93,'f','1971-08-17','Schuppehaven','American Samoa','2016-07-31 01:34:28','2021-04-21 13:54:50'),(94,'m','2014-07-19','Lake Enrico','Christmas Island','2020-07-16 11:19:44','2021-04-21 13:54:50'),(95,'f','1978-09-14','Emmerichville','United Arab Emirates','2011-11-07 22:16:29','2016-12-16 16:10:15'),(96,'f','1977-07-29','East Kenyatta','Tanzania','2019-01-19 23:33:39','2021-04-21 13:54:50'),(97,'m','2010-08-26','Greentown','Morocco','2018-03-13 05:04:48','2021-04-21 13:54:50'),(98,'m','1979-01-22','South Buford','Ghana','2018-08-14 11:36:08','2019-02-23 06:54:18'),(99,'m','2005-02-15','East Douglasbury','Liechtenstein','2014-03-31 04:08:16','2019-04-11 02:52:20'),(100,'f','1972-09-15','South Svenburgh','Angola','2018-01-04 09:56:46','2021-04-21 13:54:50');

INSERT INTO `communities` VALUES (1,'accusamus','2016-08-30 08:04:28','2021-04-21 14:48:03'),(2,'ad','2015-01-11 20:28:25','2021-04-21 14:48:03'),(3,'odio','2012-06-14 04:10:46','2021-04-21 14:48:03'),(4,'illo','2018-10-19 02:23:10','2021-04-21 14:48:03'),(5,'temporibus','2018-11-24 05:31:12','2021-04-21 14:48:03'),(6,'sed','2012-10-16 11:49:53','2021-04-21 14:48:03'),(7,'consequuntur','2015-10-11 13:09:58','2021-04-21 14:48:03'),(8,'ab','2018-03-19 06:11:55','2021-04-21 14:48:03'),(9,'assumenda','2018-06-18 15:39:26','2021-04-21 14:48:03'),(10,'voluptas','2018-02-20 23:47:30','2021-04-21 14:48:03'),(11,'eum','2020-10-17 09:52:00','2021-04-21 14:48:03'),(12,'aut','2015-07-30 16:32:43','2021-04-21 14:48:03'),(13,'dolore','2014-10-30 09:17:52','2021-04-21 14:48:03'),(14,'dolor','2018-07-11 21:20:20','2021-04-21 14:48:03'),(15,'numquam','2018-08-02 12:00:41','2021-04-21 14:48:03'),(16,'fugit','2013-06-27 07:18:34','2021-04-21 14:48:03'),(17,'mollitia','2019-01-28 19:30:04','2021-04-21 14:48:03'),(18,'enim','2019-07-31 00:33:52','2021-04-21 14:48:03'),(19,'a','2013-09-28 21:30:21','2021-04-21 14:48:03'),(20,'est','2014-06-24 06:44:00','2021-04-21 14:48:03'),(21,'voluptatibus','2017-07-08 20:25:38','2021-04-21 14:48:03'),(22,'blanditiis','2018-05-09 01:10:24','2021-04-21 14:48:03'),(23,'dolorum','2011-09-22 08:42:04','2021-04-21 14:48:03'),(24,'voluptate','2012-07-25 05:07:25','2021-04-21 14:48:03'),(25,'pariatur','2018-06-09 06:50:07','2021-04-21 14:48:03'),(26,'rerum','2018-07-25 11:16:14','2021-04-21 14:48:03'),(27,'voluptatem','2021-03-09 23:27:14','2021-04-21 14:48:03'),(28,'accusantium','2013-04-15 08:12:51','2021-04-21 14:48:03'),(29,'quia','2013-09-25 09:30:35','2021-04-21 14:48:03'),(30,'officiis','2014-08-31 00:18:24','2021-04-21 14:48:03');

INSERT INTO `communities_users` VALUES (1,9,'2018-09-29 12:55:59'),(1,41,'2018-05-05 15:21:06'),(1,54,'2016-08-09 08:47:14'),(1,98,'2020-02-20 06:06:54'),(2,9,'2016-11-01 19:46:05'),(2,13,'2012-05-29 10:33:33'),(2,14,'2019-06-26 10:46:58'),(2,15,'2012-09-23 07:44:54'),(2,21,'2012-03-15 12:32:52'),(2,23,'2013-06-25 11:19:19'),(2,25,'2011-05-10 02:11:33'),(2,95,'2013-11-12 01:05:45'),(2,98,'2017-05-30 17:30:42'),(2,100,'2018-12-26 04:36:26'),(3,95,'2020-11-26 06:05:02'),(4,7,'2019-08-20 09:09:39'),(4,46,'2018-02-28 13:04:35'),(4,82,'2014-08-01 06:53:33'),(5,7,'2020-08-20 17:46:56'),(5,12,'2014-09-28 21:04:24'),(5,21,'2019-08-22 07:04:51'),(5,54,'2018-11-18 04:23:12'),(5,87,'2011-06-25 17:49:03'),(6,55,'2018-12-28 09:45:32'),(6,79,'2014-05-25 14:51:06'),(7,3,'2015-01-13 09:46:32'),(7,73,'2017-09-10 09:01:45'),(7,85,'2018-02-13 03:05:41'),(8,5,'2020-01-05 02:01:34'),(8,27,'2016-04-14 08:47:54'),(8,61,'2019-05-09 06:11:46'),(8,69,'2012-05-10 03:47:27'),(9,22,'2012-09-02 02:52:53'),(9,29,'2014-02-09 17:07:19'),(9,47,'2021-04-14 09:20:32'),(9,64,'2016-03-30 20:42:26'),(10,14,'2021-03-12 20:55:18'),(10,76,'2011-04-27 23:57:21'),(10,84,'2019-06-17 19:37:04'),(10,100,'2016-10-18 10:47:01'),(11,22,'2016-05-18 21:27:47'),(11,67,'2019-07-19 06:03:21'),(11,72,'2021-03-09 19:59:34'),(11,85,'2021-03-14 13:14:36'),(12,57,'2013-09-08 12:09:09'),(12,74,'2019-02-06 09:17:51'),(12,96,'2014-10-11 08:18:55'),(13,12,'2014-11-21 10:36:34'),(13,14,'2019-08-27 06:29:12'),(13,34,'2014-08-10 02:25:12'),(13,50,'2016-04-21 01:15:01'),(13,93,'2015-10-22 00:50:04'),(13,100,'2015-02-04 10:19:45'),(14,4,'2018-02-11 09:29:56'),(14,44,'2012-06-11 01:11:28'),(14,46,'2021-01-17 00:55:45'),(14,54,'2018-01-23 14:07:30'),(14,65,'2016-06-12 09:01:11'),(14,73,'2019-04-30 16:35:58'),(16,18,'2019-01-17 23:18:51'),(16,35,'2018-03-30 05:15:26'),(17,19,'2014-07-17 20:20:41'),(17,55,'2016-05-18 09:18:44'),(17,62,'2015-10-28 14:07:03'),(17,84,'2018-01-30 13:04:58'),(18,55,'2017-05-18 00:06:21'),(19,42,'2016-10-22 18:12:53'),(19,58,'2018-12-04 18:16:45'),(20,55,'2011-07-06 00:22:19'),(21,22,'2017-11-25 18:40:23'),(21,33,'2020-01-28 17:19:45'),(21,41,'2019-12-30 04:23:50'),(21,61,'2015-10-07 16:20:09'),(21,98,'2017-02-23 23:15:14'),(22,3,'2015-02-01 22:53:04'),(22,13,'2013-02-09 19:09:56'),(22,22,'2019-01-14 05:22:14'),(22,51,'2017-11-05 07:30:30'),(23,76,'2021-02-12 11:54:52'),(24,33,'2011-12-01 22:03:21'),(24,57,'2019-07-30 15:52:44'),(24,60,'2016-05-15 01:49:48'),(24,77,'2020-03-14 14:21:33'),(25,77,'2018-05-09 05:42:28'),(26,41,'2020-06-18 09:41:38'),(26,55,'2020-07-14 19:00:54'),(27,17,'2011-07-25 20:01:21'),(28,22,'2013-04-06 20:00:45'),(28,30,'2015-01-22 22:40:50'),(28,33,'2015-12-08 03:56:50'),(28,94,'2012-02-04 12:57:29'),(29,8,'2016-09-10 02:35:34'),(29,21,'2018-12-13 03:03:25'),(29,25,'2019-04-30 17:09:40'),(29,75,'2015-12-10 04:10:56'),(30,5,'2015-02-03 20:24:11'),(30,57,'2015-05-20 14:37:52'),(30,59,'2013-04-12 00:52:28'),(30,61,'2013-11-27 19:28:49'),(30,86,'2017-07-09 13:30:52');

INSERT INTO `friendship_statuses` VALUES (1,'Requested','2021-04-21 13:58:25','2021-04-21 13:58:25'),(2,'Confirmed','2021-04-21 13:58:25','2021-04-21 13:58:25'),(3,'Rejected','2021-04-21 13:58:25','2021-04-21 13:58:25');

INSERT INTO `friendship` VALUES (1,16,1,'2021-04-21 14:05:19','2018-10-24 15:55:10','2021-04-21 14:13:59'),(1,55,1,'2021-04-21 14:05:19','2019-09-14 20:49:32','2021-04-21 14:13:59'),(3,57,2,'2021-04-21 14:05:19','2015-09-28 05:39:14','2021-04-21 14:13:59'),(4,18,1,'2021-04-21 14:05:19','2017-10-30 16:55:43','2021-04-21 14:13:59'),(4,62,3,'2020-07-16 12:40:31','2020-03-09 13:06:27','2021-04-21 14:13:59'),(4,83,1,'2021-04-21 14:05:19','2019-07-09 20:19:38','2021-04-21 14:13:59'),(6,56,1,'2021-04-21 14:05:19','2020-07-31 08:56:25','2021-04-21 14:13:59'),(8,57,3,'2017-10-21 12:45:15','2014-10-24 04:45:40','2021-04-21 14:13:59'),(8,86,1,'2021-04-21 14:05:19','2021-02-14 22:34:38','2021-04-21 14:13:59'),(10,62,3,'2021-04-21 14:05:19','2019-12-10 05:06:16','2021-04-21 14:13:59'),(10,78,1,'2021-04-21 14:05:19','2018-08-01 22:56:51','2021-04-21 14:13:59'),(11,12,3,'2021-03-27 08:57:41','2012-09-15 16:14:53','2021-04-21 14:13:59'),(11,38,2,'2021-04-21 14:05:19','2017-04-16 21:28:34','2021-04-21 14:13:59'),(13,83,1,'2021-04-21 14:05:19','2019-03-21 11:28:34','2021-04-21 14:13:59'),(14,21,2,'2021-04-21 14:05:19','2020-11-07 04:19:45','2021-04-21 14:13:59'),(16,86,2,'2017-06-19 22:21:19','2011-07-21 09:36:30','2021-04-21 14:13:59'),(18,10,3,'2021-04-21 14:05:19','2019-10-27 23:33:40','2021-04-21 14:13:59'),(19,58,1,'2021-04-21 14:05:19','2014-12-29 17:08:16','2021-04-21 14:13:59'),(19,94,2,'2021-04-21 14:05:19','2019-01-07 07:21:30','2021-04-21 14:13:59'),(22,69,1,'2021-03-05 08:03:52','2019-05-04 08:32:27','2021-04-21 14:13:59'),(25,99,1,'2021-04-21 14:05:19','2018-05-24 13:40:47','2021-04-21 14:13:59'),(26,80,1,'2021-04-21 14:05:19','2017-01-24 18:19:05','2021-04-21 14:13:59'),(28,31,1,'2018-04-01 06:01:38','2013-11-08 17:14:14','2021-04-21 14:13:59'),(28,60,2,'2015-11-15 23:40:19','2012-11-19 01:27:46','2021-04-21 14:13:59'),(28,100,1,'2021-04-21 14:05:19','2020-10-31 21:02:55','2021-04-21 14:13:59'),(29,83,3,'2020-04-08 00:42:15','2018-05-17 22:58:32','2021-04-21 14:13:59'),(31,15,3,'2018-11-07 07:26:42','2012-03-11 05:41:08','2021-04-21 14:13:59'),(31,96,2,'2021-04-21 14:05:19','2015-05-08 03:35:02','2021-04-21 14:13:59'),(33,89,3,'2020-01-12 22:08:08','2012-06-27 00:22:16','2021-04-21 14:13:59'),(40,93,2,'2021-04-21 14:05:19','2014-04-04 23:10:36','2021-04-21 14:13:59'),(43,44,3,'2021-04-21 14:05:19','2020-11-10 08:02:43','2021-04-21 14:13:59'),(44,16,2,'2021-04-21 14:05:19','2016-03-22 17:36:19','2021-04-21 14:13:59'),(44,52,2,'2021-04-21 14:05:19','2016-03-20 10:15:19','2021-04-21 14:13:59'),(44,79,1,'2021-04-21 14:05:19','2015-07-28 03:54:30','2021-04-21 14:13:59'),(44,96,2,'2020-04-15 08:19:10','2017-10-15 05:34:16','2021-04-21 14:13:59'),(45,58,1,'2021-04-21 14:05:19','2016-03-10 07:06:54','2021-04-21 14:13:59'),(46,27,3,'2021-04-21 14:05:19','2019-05-13 21:08:09','2021-04-21 14:13:59'),(46,43,2,'2013-12-07 02:30:44','2012-02-03 15:15:21','2021-04-21 14:13:59'),(47,54,2,'2021-04-21 14:05:19','2017-10-20 00:58:21','2021-04-21 14:13:59'),(47,88,3,'2021-04-21 14:05:19','2016-11-05 10:25:24','2021-04-21 14:13:59'),(50,6,1,'2019-05-22 15:26:12','2013-12-10 22:50:52','2021-04-21 14:13:59'),(50,35,2,'2015-05-02 07:35:17','2013-03-08 19:43:47','2021-04-21 14:13:59'),(51,25,1,'2020-04-04 18:08:19','2019-10-10 02:45:21','2021-04-21 14:13:59'),(52,86,2,'2021-04-21 14:05:19','2017-06-26 05:33:13','2021-04-21 14:13:59'),(55,95,3,'2021-04-21 14:05:19','2021-03-18 07:51:58','2021-04-21 14:13:59'),(56,9,3,'2021-04-21 14:05:19','2017-01-12 12:56:23','2021-04-21 14:13:59'),(56,35,2,'2017-11-29 01:49:04','2012-12-25 18:42:30','2021-04-21 14:13:59'),(57,32,3,'2017-08-05 07:50:13','2015-09-20 16:32:04','2021-04-21 14:13:59'),(58,24,1,'2021-04-21 14:05:19','2016-05-16 17:33:20','2021-04-21 14:13:59'),(59,79,1,'2021-04-21 14:05:19','2018-10-30 20:46:18','2021-04-21 14:13:59'),(60,36,3,'2021-04-21 14:05:19','2020-10-16 00:53:28','2021-04-21 14:13:59'),(61,33,1,'2020-01-04 16:17:09','2019-11-11 08:10:24','2021-04-21 14:13:59'),(62,47,1,'2021-04-21 14:05:19','2016-12-04 23:34:00','2021-04-21 14:13:59'),(62,59,3,'2020-09-20 19:12:25','2018-04-02 15:25:35','2021-04-21 14:13:59'),(62,73,3,'2017-03-29 18:28:04','2014-12-29 23:47:45','2021-04-21 14:13:59'),(62,74,2,'2019-02-08 01:03:37','2011-09-02 01:09:33','2021-04-21 14:13:59'),(63,36,1,'2021-04-21 14:05:19','2018-11-15 19:25:25','2021-04-21 14:13:59'),(67,89,3,'2021-04-21 14:05:19','2015-10-27 10:50:11','2021-04-21 14:13:59'),(71,63,3,'2021-04-21 14:05:19','2019-06-07 13:53:16','2021-04-21 14:13:59'),(71,94,1,'2012-10-26 15:33:51','2012-05-07 01:21:40','2021-04-21 14:13:59'),(72,85,2,'2019-11-15 22:35:12','2019-06-20 04:42:59','2021-04-21 14:13:59'),(73,15,1,'2017-06-07 00:20:06','2015-09-19 22:07:54','2021-04-21 14:13:59'),(74,2,3,'2020-09-02 23:41:29','2014-06-13 03:53:27','2021-04-21 14:13:59'),(74,17,3,'2015-10-23 23:33:39','2014-07-22 13:43:34','2021-04-21 14:13:59'),(74,46,2,'2017-01-31 21:21:48','2013-04-13 14:06:06','2021-04-21 14:13:59'),(75,27,2,'2021-04-21 14:05:19','2017-05-10 13:37:24','2021-04-21 14:13:59'),(76,20,2,'2021-04-21 14:05:19','2020-01-20 09:55:02','2021-04-21 14:13:59'),(77,12,1,'2021-04-21 14:05:19','2016-09-30 01:41:07','2021-04-21 14:13:59'),(77,35,3,'2021-03-05 09:50:14','2019-05-04 15:56:49','2021-04-21 14:13:59'),(78,60,2,'2021-04-21 14:05:19','2012-12-22 09:16:07','2021-04-21 14:13:59'),(78,77,3,'2021-04-21 14:05:19','2016-11-28 16:46:39','2021-04-21 14:13:59'),(79,37,3,'2021-04-21 14:05:19','2020-02-26 20:54:04','2021-04-21 14:13:59'),(80,4,2,'2021-04-21 14:05:19','2015-01-20 18:07:19','2021-04-21 14:13:59'),(80,44,1,'2021-04-21 14:05:19','2017-02-20 02:14:55','2021-04-21 14:13:59'),(80,68,2,'2015-05-04 16:56:30','2012-05-10 05:14:11','2021-04-21 14:13:59'),(80,81,3,'2021-04-21 14:05:19','2021-03-22 08:09:18','2021-04-21 14:13:59'),(80,90,1,'2013-08-15 14:01:01','2011-04-26 04:41:47','2021-04-21 14:13:59'),(81,26,1,'2021-04-21 14:05:19','2018-01-11 14:09:44','2021-04-21 14:13:59'),(81,83,3,'2018-11-30 07:27:26','2012-02-03 03:15:27','2021-04-21 14:13:59'),(82,21,3,'2018-12-10 05:22:35','2014-05-27 23:47:22','2021-04-21 14:13:59'),(82,26,2,'2021-04-21 14:05:19','2011-10-20 06:14:41','2021-04-21 14:13:59'),(84,76,1,'2015-01-24 21:13:14','2011-06-06 23:58:10','2021-04-21 14:13:59'),(85,70,3,'2021-04-21 14:05:19','2019-06-19 22:44:47','2021-04-21 14:13:59'),(85,100,2,'2016-03-28 01:13:02','2011-12-22 09:43:38','2021-04-21 14:13:59'),(87,29,2,'2021-03-05 07:07:43','2019-08-25 11:20:05','2021-04-21 14:13:59'),(87,58,1,'2021-04-21 14:05:19','2017-12-29 23:04:44','2021-04-21 14:13:59'),(87,84,1,'2020-11-10 10:57:20','2012-08-12 06:29:03','2021-04-21 14:13:59'),(88,50,1,'2020-01-19 21:40:52','2011-07-27 03:58:43','2021-04-21 14:13:59'),(89,51,1,'2017-12-05 09:52:40','2017-06-19 03:12:28','2021-04-21 14:13:59'),(89,59,3,'2021-04-21 14:05:19','2014-08-10 10:57:37','2021-04-21 14:13:59'),(90,17,2,'2018-01-26 09:46:01','2011-05-20 14:19:38','2021-04-21 14:13:59'),(92,51,3,'2021-04-21 14:05:19','2018-06-26 13:49:13','2021-04-21 14:13:59'),(94,38,3,'2021-04-21 14:05:19','2016-12-20 01:07:02','2021-04-21 14:13:59'),(96,47,1,'2021-01-16 16:13:31','2011-05-18 05:58:13','2021-04-21 14:13:59'),(96,97,3,'2021-04-21 14:05:19','2017-03-08 04:03:29','2021-04-21 14:15:01'),(97,19,2,'2015-10-13 14:46:29','2015-01-28 19:09:33','2021-04-21 14:13:59'),(98,8,2,'2021-04-21 14:05:19','2017-10-22 08:47:51','2021-04-21 14:13:59'),(98,78,1,'2017-08-06 14:37:34','2011-09-17 02:59:49','2021-04-21 14:13:59'),(98,81,3,'2021-04-21 14:05:19','2017-04-05 09:24:13','2021-04-21 14:13:59'),(99,91,2,'2021-04-21 14:05:19','2016-10-31 01:54:15','2021-04-21 14:13:59');

INSERT INTO `media_types` VALUES (1,'video','2018-12-22 18:29:49','2021-04-21 15:09:13'),(2,' music','2017-05-31 09:51:16','2021-04-21 15:09:13'),(3,' image','2013-06-07 15:20:59','2021-04-07 09:54:51');

INSERT INTO `media` VALUES (1,85,'http://dropbox.net/vk/dolor.mp4',8745011,'{\"owner\": \"Armani Turner\"}',3,'2012-01-09 05:52:56','2021-04-21 15:13:52'),(2,9,'http://dropbox.net/vk/nesciunt.jpeg',1921412,'{\"owner\": \"Kenya Herzog\"}',1,'2011-06-04 15:33:42','2021-04-21 15:13:52'),(3,89,'http://dropbox.net/vk/et.png',32271,'{\"owner\": \"Stefan Zulauf\"}',3,'2012-07-13 16:22:13','2021-04-21 15:13:52'),(4,19,'http://dropbox.net/vk/voluptas.avi',264005,'{\"owner\": \"Quentin Kautzer\"}',3,'2017-11-10 05:58:12','2021-04-21 15:13:52'),(5,28,'http://dropbox.net/vk/ullam.png',462702,'{\"owner\": \"Kaycee Bednar\"}',3,'2021-03-18 23:41:41','2021-04-21 15:13:52'),(6,83,'http://dropbox.net/vk/totam.mp3',511494,'{\"owner\": \"Reyna Rau\"}',3,'2012-05-25 17:46:50','2021-04-21 15:13:52'),(7,30,'http://dropbox.net/vk/fugit.mp3',892412730,'{\"owner\": \"Myles Gerlach\"}',3,'2017-03-06 22:01:21','2021-04-21 15:13:52'),(8,99,'http://dropbox.net/vk/aut.jpeg',1428,'{\"owner\": \"Juliet Mosciski\"}',2,'2019-03-20 08:43:45','2021-04-21 15:13:52'),(9,6,'http://dropbox.net/vk/aliquam.avi',159365,'{\"owner\": \"Timmothy Johns\"}',3,'2020-07-21 18:39:10','2021-04-21 15:13:52'),(10,33,'http://dropbox.net/vk/rem.mp4',1972,'{\"owner\": \"Katherine Hudson\"}',3,'2012-02-28 14:28:52','2021-04-21 15:13:52'),(11,45,'http://dropbox.net/vk/eos.mp4',7469,'{\"owner\": \"Ivy Rutherford\"}',3,'2017-07-29 08:47:12','2021-04-21 15:13:52'),(12,25,'http://dropbox.net/vk/totam.jpeg',252345,'{\"owner\": \"Lance Flatley\"}',3,'2017-07-12 18:12:35','2021-04-21 15:13:52'),(13,91,'http://dropbox.net/vk/ut.png',773629,'{\"owner\": \"Kelsi Moore\"}',3,'2014-04-23 00:49:25','2021-04-21 15:13:52'),(14,79,'http://dropbox.net/vk/et.mp3',5522204,'{\"owner\": \"Gabrielle Leannon\"}',3,'2012-01-03 04:40:14','2021-04-21 15:13:52'),(15,23,'http://dropbox.net/vk/ipsam.mp3',2110060,'{\"owner\": \"Albin Gaylord\"}',3,'2013-11-13 07:31:58','2021-04-21 15:13:52'),(16,77,'http://dropbox.net/vk/deserunt.avi',4386705,'{\"owner\": \"Irma Hartmann\"}',1,'2017-11-14 05:52:42','2021-04-21 15:13:52'),(17,13,'http://dropbox.net/vk/beatae.mp3',287755256,'{\"owner\": \"Taurean Bode\"}',1,'2018-10-28 11:16:35','2021-04-21 15:13:52'),(18,36,'http://dropbox.net/vk/voluptatum.avi',101111,'{\"owner\": \"Karlee Lehner\"}',2,'2020-10-17 13:07:41','2021-04-21 15:13:52'),(19,41,'http://dropbox.net/vk/occaecati.avi',174670,'{\"owner\": \"Jammie Trantow\"}',1,'2021-02-05 23:30:21','2021-04-21 15:13:52'),(20,97,'http://dropbox.net/vk/porro.jpeg',6061,'{\"owner\": \"Edyth Erdman\"}',1,'2015-04-22 17:55:52','2021-04-21 15:13:52'),(21,62,'http://dropbox.net/vk/est.avi',87405513,'{\"owner\": \"Maryse Brakus\"}',2,'2018-03-11 17:54:53','2021-04-21 15:13:52'),(22,19,'http://dropbox.net/vk/neque.avi',560017,'{\"owner\": \"Quentin Kautzer\"}',2,'2018-09-10 00:22:48','2021-04-21 15:13:52'),(23,7,'http://dropbox.net/vk/exercitationem.mp3',25508577,'{\"owner\": \"Joana Gulgowski\"}',3,'2019-02-07 15:56:15','2021-04-21 15:13:52'),(24,76,'http://dropbox.net/vk/placeat.mp3',230523617,'{\"owner\": \"Corene Kovacek\"}',2,'2013-01-27 21:15:33','2021-04-21 15:13:52'),(25,61,'http://dropbox.net/vk/ducimus.avi',6034,'{\"owner\": \"Sarai Bernhard\"}',3,'2018-07-28 08:03:45','2021-04-21 15:13:52'),(26,76,'http://dropbox.net/vk/labore.mp4',266074,'{\"owner\": \"Corene Kovacek\"}',2,'2019-04-01 22:51:18','2021-04-21 15:13:52'),(27,96,'http://dropbox.net/vk/architecto.mp4',3700219,'{\"owner\": \"Gerardo Grant\"}',3,'2015-10-26 00:56:53','2021-04-21 15:13:52'),(28,54,'http://dropbox.net/vk/exercitationem.jpeg',578125163,'{\"owner\": \"Cortez Wiza\"}',1,'2015-07-20 14:13:04','2021-04-21 15:13:52'),(29,78,'http://dropbox.net/vk/perferendis.mp4',623407,'{\"owner\": \"Hazle Olson\"}',1,'2014-02-04 00:38:50','2021-04-21 15:13:52'),(30,28,'http://dropbox.net/vk/ipsum.mp3',677052,'{\"owner\": \"Kaycee Bednar\"}',3,'2015-01-24 12:22:10','2021-04-21 15:13:52'),(31,8,'http://dropbox.net/vk/porro.png',640320,'{\"owner\": \"Ezekiel Champlin\"}',2,'2015-01-19 10:07:04','2021-04-21 15:13:52'),(32,53,'http://dropbox.net/vk/deserunt.png',393380,'{\"owner\": \"Kurtis Pfannerstill\"}',3,'2017-12-27 12:19:20','2021-04-21 15:13:52'),(33,41,'http://dropbox.net/vk/sit.mp4',35939,'{\"owner\": \"Jammie Trantow\"}',3,'2012-05-05 07:21:02','2021-04-21 15:13:52'),(34,47,'http://dropbox.net/vk/iure.mp4',989558,'{\"owner\": \"Lelia Hettinger\"}',1,'2016-04-16 19:32:27','2021-04-21 15:13:52'),(35,10,'http://dropbox.net/vk/possimus.mp3',95335,'{\"owner\": \"Lora Zboncak\"}',1,'2012-05-10 16:53:23','2021-04-21 15:13:52'),(36,8,'http://dropbox.net/vk/exercitationem.mp3',1034887,'{\"owner\": \"Ezekiel Champlin\"}',2,'2019-04-05 06:44:35','2021-04-21 15:13:52'),(37,8,'http://dropbox.net/vk/nihil.jpeg',637817839,'{\"owner\": \"Ezekiel Champlin\"}',1,'2012-06-10 04:48:28','2021-04-21 15:13:52'),(38,18,'http://dropbox.net/vk/et.mp4',889724,'{\"owner\": \"Elyssa Balistreri\"}',3,'2021-03-24 19:51:02','2021-04-21 15:13:52'),(39,65,'http://dropbox.net/vk/molestiae.mp3',829970,'{\"owner\": \"Adrianna Kub\"}',1,'2016-04-14 16:50:52','2021-04-21 15:13:52'),(40,72,'http://dropbox.net/vk/perspiciatis.mp4',50434608,'{\"owner\": \"Immanuel Beatty\"}',2,'2016-03-05 03:10:38','2021-04-21 15:13:52'),(41,64,'http://dropbox.net/vk/est.png',5117501,'{\"owner\": \"Maxine Dickens\"}',1,'2014-11-08 03:07:34','2021-04-21 15:13:52'),(42,5,'http://dropbox.net/vk/nihil.jpeg',39698409,'{\"owner\": \"Jonatan Brekke\"}',2,'2020-04-11 09:05:06','2021-04-21 15:13:52'),(43,31,'http://dropbox.net/vk/fugiat.mp3',7321438,'{\"owner\": \"Nettie Ledner\"}',1,'2021-01-14 06:08:38','2021-04-21 15:13:52'),(44,38,'http://dropbox.net/vk/cupiditate.png',171180,'{\"owner\": \"Guiseppe Casper\"}',3,'2015-01-08 14:15:38','2021-04-21 15:13:52'),(45,97,'http://dropbox.net/vk/nemo.avi',355987,'{\"owner\": \"Edyth Erdman\"}',1,'2020-02-23 18:15:49','2021-04-21 15:13:52'),(46,69,'http://dropbox.net/vk/dolor.png',256398,'{\"owner\": \"Alessandra Gorczany\"}',1,'2016-06-14 05:11:00','2021-04-21 15:13:52'),(47,55,'http://dropbox.net/vk/odio.mp4',85591272,'{\"owner\": \"Shana Dach\"}',3,'2017-09-05 14:18:49','2021-04-21 15:13:52'),(48,67,'http://dropbox.net/vk/deserunt.png',204030,'{\"owner\": \"Jonathon Grady\"}',3,'2015-07-11 21:36:30','2021-04-21 15:13:52'),(49,68,'http://dropbox.net/vk/autem.jpeg',38861584,'{\"owner\": \"Kasey Bechtelar\"}',2,'2017-04-21 04:09:37','2021-04-21 15:13:52'),(50,41,'http://dropbox.net/vk/atque.avi',240955,'{\"owner\": \"Jammie Trantow\"}',3,'2018-03-11 22:47:51','2021-04-21 15:13:52'),(51,1,'http://dropbox.net/vk/rerum.png',394205,'{\"owner\": \"Ruth Emard\"}',1,'2015-08-09 09:04:17','2021-04-21 15:13:52'),(52,81,'http://dropbox.net/vk/qui.avi',582686,'{\"owner\": \"Raymundo Stehr\"}',1,'2017-10-31 17:46:11','2021-04-21 15:13:52'),(53,100,'http://dropbox.net/vk/velit.mp3',180568,'{\"owner\": \"Leanne Murphy\"}',2,'2016-07-27 11:03:37','2021-04-21 15:13:52'),(54,56,'http://dropbox.net/vk/eligendi.avi',66086,'{\"owner\": \"Lurline Medhurst\"}',1,'2013-04-04 03:46:58','2021-04-21 15:13:52'),(55,81,'http://dropbox.net/vk/voluptatum.png',144779,'{\"owner\": \"Raymundo Stehr\"}',1,'2020-05-06 15:06:25','2021-04-21 15:13:52'),(56,35,'http://dropbox.net/vk/et.avi',172194,'{\"owner\": \"Narciso Bednar\"}',2,'2017-10-26 14:50:46','2021-04-21 15:13:52'),(57,32,'http://dropbox.net/vk/atque.png',416557,'{\"owner\": \"Jonathon Crona\"}',3,'2016-05-05 11:11:55','2021-04-21 15:13:52'),(58,54,'http://dropbox.net/vk/impedit.png',416634,'{\"owner\": \"Cortez Wiza\"}',3,'2017-04-26 17:21:22','2021-04-21 15:13:52'),(59,76,'http://dropbox.net/vk/cupiditate.mp3',556588,'{\"owner\": \"Corene Kovacek\"}',1,'2016-12-16 10:17:46','2021-04-21 15:13:52'),(60,15,'http://dropbox.net/vk/illo.png',53092,'{\"owner\": \"Carmine Heller\"}',3,'2013-05-29 06:59:12','2021-04-21 15:13:52'),(61,45,'http://dropbox.net/vk/non.mp4',358617,'{\"owner\": \"Ivy Rutherford\"}',1,'2018-04-28 14:34:01','2021-04-21 15:13:52'),(62,83,'http://dropbox.net/vk/inventore.png',523039,'{\"owner\": \"Reyna Rau\"}',3,'2014-07-21 07:26:23','2021-04-21 15:13:52'),(63,77,'http://dropbox.net/vk/quam.png',2892,'{\"owner\": \"Irma Hartmann\"}',1,'2018-08-14 03:21:28','2021-04-21 15:13:52'),(64,35,'http://dropbox.net/vk/excepturi.png',935430,'{\"owner\": \"Narciso Bednar\"}',1,'2011-12-14 09:35:13','2021-04-21 15:13:52'),(65,43,'http://dropbox.net/vk/dolorem.mp4',31432,'{\"owner\": \"Julie Sawayn\"}',2,'2013-08-27 20:12:58','2021-04-21 15:13:52'),(66,11,'http://dropbox.net/vk/repudiandae.png',2284,'{\"owner\": \"Eric Carroll\"}',1,'2012-06-14 12:09:05','2021-04-21 15:13:52'),(67,26,'http://dropbox.net/vk/qui.mp3',98034,'{\"owner\": \"Aiyana Nitzsche\"}',1,'2019-12-10 03:17:48','2021-04-21 15:13:52'),(68,95,'http://dropbox.net/vk/officiis.mp4',681846,'{\"owner\": \"Wilfrid Nader\"}',1,'2013-10-21 10:22:31','2021-04-21 15:13:52'),(69,99,'http://dropbox.net/vk/explicabo.mp4',6206500,'{\"owner\": \"Juliet Mosciski\"}',2,'2020-11-29 09:09:06','2021-04-21 15:13:52'),(70,7,'http://dropbox.net/vk/nobis.jpeg',584903,'{\"owner\": \"Joana Gulgowski\"}',2,'2014-06-23 17:34:31','2021-04-21 15:13:52'),(71,37,'http://dropbox.net/vk/asperiores.avi',673879,'{\"owner\": \"Eliane Sawayn\"}',1,'2019-12-19 15:48:47','2021-04-21 15:13:52'),(72,65,'http://dropbox.net/vk/eum.mp3',65294,'{\"owner\": \"Adrianna Kub\"}',2,'2014-05-02 07:09:32','2021-04-21 15:13:52'),(73,14,'http://dropbox.net/vk/quae.mp4',294835,'{\"owner\": \"Mossie Daugherty\"}',2,'2013-02-06 00:10:19','2021-04-21 15:13:52'),(74,75,'http://dropbox.net/vk/placeat.mp3',427057153,'{\"owner\": \"Jaunita Senger\"}',2,'2019-09-19 07:18:42','2021-04-21 15:13:52'),(75,33,'http://dropbox.net/vk/pariatur.jpeg',2004772,'{\"owner\": \"Katherine Hudson\"}',2,'2014-08-12 15:22:18','2021-04-21 15:13:52'),(76,40,'http://dropbox.net/vk/sint.mp3',268294,'{\"owner\": \"Kadin Braun\"}',1,'2013-01-18 00:58:16','2021-04-21 15:13:52'),(77,1,'http://dropbox.net/vk/ipsa.avi',446963,'{\"owner\": \"Ruth Emard\"}',1,'2012-02-17 13:49:58','2021-04-21 15:13:52'),(78,84,'http://dropbox.net/vk/cumque.mp4',419933,'{\"owner\": \"Ferne Feest\"}',2,'2017-05-17 13:10:34','2021-04-21 15:13:52'),(79,15,'http://dropbox.net/vk/voluptatem.jpeg',7144,'{\"owner\": \"Carmine Heller\"}',2,'2018-08-09 17:35:26','2021-04-21 15:13:52'),(80,22,'http://dropbox.net/vk/ipsam.mp3',748778,'{\"owner\": \"Hertha Stoltenberg\"}',1,'2011-09-13 01:43:26','2021-04-21 15:13:52'),(81,63,'http://dropbox.net/vk/dolores.avi',56629595,'{\"owner\": \"Albin Kertzmann\"}',1,'2018-04-10 13:01:07','2021-04-21 15:13:52'),(82,52,'http://dropbox.net/vk/et.avi',7909,'{\"owner\": \"Kacie Berge\"}',2,'2018-08-18 21:51:42','2021-04-21 15:13:52'),(83,70,'http://dropbox.net/vk/debitis.jpeg',44844,'{\"owner\": \"Claudine Turcotte\"}',3,'2015-08-29 19:33:49','2021-04-21 15:13:52'),(84,93,'http://dropbox.net/vk/quis.jpeg',294141,'{\"owner\": \"Cruz Yost\"}',3,'2018-01-07 11:12:18','2021-04-21 15:13:52'),(85,53,'http://dropbox.net/vk/in.mp4',474090,'{\"owner\": \"Kurtis Pfannerstill\"}',3,'2018-08-27 05:19:18','2021-04-21 15:13:52'),(86,85,'http://dropbox.net/vk/exercitationem.avi',114118,'{\"owner\": \"Armani Turner\"}',3,'2015-08-22 17:53:12','2021-04-21 15:13:52'),(87,67,'http://dropbox.net/vk/vel.png',138321,'{\"owner\": \"Jonathon Grady\"}',1,'2012-11-16 11:44:16','2021-04-21 15:13:52'),(88,79,'http://dropbox.net/vk/corrupti.avi',455933,'{\"owner\": \"Gabrielle Leannon\"}',3,'2017-03-05 14:35:50','2021-04-21 15:13:52'),(89,94,'http://dropbox.net/vk/consequatur.avi',339249,'{\"owner\": \"Shaina Effertz\"}',1,'2017-07-01 02:18:15','2021-04-21 15:13:52'),(90,34,'http://dropbox.net/vk/non.jpeg',8783073,'{\"owner\": \"Ephraim Hansen\"}',3,'2015-03-25 06:15:20','2021-04-21 15:13:52'),(91,88,'http://dropbox.net/vk/id.mp3',271285,'{\"owner\": \"Demetrius Windler\"}',1,'2016-07-08 22:07:18','2021-04-21 15:13:52'),(92,36,'http://dropbox.net/vk/enim.jpeg',14281439,'{\"owner\": \"Karlee Lehner\"}',3,'2016-01-27 15:49:41','2021-04-21 15:13:52'),(93,16,'http://dropbox.net/vk/totam.mp4',38943669,'{\"owner\": \"Orlando Halvorson\"}',3,'2015-10-05 23:48:58','2021-04-21 15:13:52'),(94,71,'http://dropbox.net/vk/illum.png',328679,'{\"owner\": \"Skyla Fisher\"}',2,'2015-12-15 12:30:49','2021-04-21 15:13:52'),(95,7,'http://dropbox.net/vk/et.jpeg',5274144,'{\"owner\": \"Joana Gulgowski\"}',2,'2015-05-30 04:11:17','2021-04-21 15:13:52'),(96,23,'http://dropbox.net/vk/ea.mp3',77501,'{\"owner\": \"Albin Gaylord\"}',3,'2012-07-17 09:41:05','2021-04-21 15:13:52'),(97,91,'http://dropbox.net/vk/dolores.png',819541,'{\"owner\": \"Kelsi Moore\"}',1,'2011-10-17 17:13:22','2021-04-21 15:13:52'),(98,88,'http://dropbox.net/vk/tenetur.avi',9682243,'{\"owner\": \"Demetrius Windler\"}',1,'2019-01-11 16:12:19','2021-04-21 15:13:52'),(99,63,'http://dropbox.net/vk/dicta.mp3',45322,'{\"owner\": \"Albin Kertzmann\"}',1,'2015-04-16 01:19:49','2021-04-21 15:13:52'),(100,53,'http://dropbox.net/vk/rerum.mp4',101669,'{\"owner\": \"Kurtis Pfannerstill\"}',3,'2016-10-04 07:03:08','2021-04-21 15:13:52');

INSERT INTO `messages` VALUES (1,78,84,'In exercitationem reiciendis repellat consequatur sed. Repellendus dolor vel commodi dolor. Repellat dolorem quis iusto fuga et quidem et.',0,0,'2015-02-04 13:16:13'),(2,86,77,'Nemo a ratione cum nulla molestiae et. Molestiae amet qui vitae voluptatibus aspernatur. Et accusantium est laudantium ea ut fugit eum. Tempora aliquid tenetur sed corrupti.',1,0,'2015-12-24 12:21:08'),(3,25,94,'Iste eaque dignissimos fuga molestiae. Quia laborum ratione animi itaque quia. Eligendi distinctio exercitationem accusantium aspernatur ut.',0,0,'2014-04-03 22:22:17'),(4,93,84,'Et est expedita quo. Ut ut iusto esse unde rerum recusandae. Accusamus eaque consequuntur aperiam.',0,0,'2016-10-26 10:26:25'),(5,42,56,'Consequatur dignissimos enim quia velit. Incidunt reiciendis aut non quaerat et qui eligendi impedit. Sequi ad et rerum eum voluptatem. Velit est labore nesciunt consequatur rerum.',1,1,'2013-01-28 20:24:38'),(6,52,91,'In eligendi quo voluptates rerum. Voluptas sunt voluptate est repellendus. Sint consequatur ut eaque.',0,0,'2013-09-21 15:09:36'),(7,1,31,'Soluta in et molestiae illum et ipsum voluptates. Dolorum natus voluptates ullam. Veniam est consectetur commodi molestiae aut impedit.',0,1,'2018-11-23 10:21:07'),(8,50,56,'Quidem ut eius ullam eum ut tenetur. Sapiente dolores totam voluptatem voluptatibus. Vel dolores praesentium inventore quia vel itaque quo. Ea rem quia magni neque.',0,0,'2018-10-26 01:23:12'),(9,29,78,'Ut voluptas id rerum voluptatibus. Eaque voluptatibus sit suscipit vitae totam aperiam consequatur explicabo. Dignissimos totam doloribus ipsam qui quae. Quia alias natus aut illo facilis voluptatem.',0,1,'2014-05-29 11:09:11'),(10,100,69,'Dolor consequatur id facilis consequatur. Temporibus autem ea quaerat cumque voluptate blanditiis occaecati. Corporis hic ipsa at sit sint et nihil nostrum.',0,0,'2013-12-06 11:22:00'),(11,43,9,'Exercitationem fuga et qui explicabo iusto adipisci aut similique. Repellendus iure consequatur error hic aut ad rem totam. Rerum ut aut deleniti repudiandae a.',1,0,'2015-08-05 21:39:24'),(12,14,43,'Recusandae quo sint voluptas vel. Beatae sit esse voluptas provident atque voluptas. Provident voluptates maxime ea rem eos consectetur.',1,0,'2016-11-29 12:31:36'),(13,74,40,'Nihil magni rerum sunt labore porro similique quas. Quam sed eos iure sunt quos. Accusamus nostrum necessitatibus quia omnis qui et. Et sunt quia quisquam provident aliquid vero.',1,0,'2016-03-28 20:58:23'),(14,76,60,'Earum ea dicta illo quos quas eos. Et voluptatibus sit similique voluptas vel. Ut quia et qui reiciendis incidunt. Et consequatur accusantium ea dolorem sequi omnis.',1,1,'2019-06-01 20:22:27'),(15,74,87,'Sunt nisi perspiciatis sunt distinctio sit id. Minus expedita reprehenderit non labore blanditiis. Adipisci iusto est molestiae.',0,1,'2016-10-19 12:43:51'),(16,12,98,'Sapiente fugit sit ut. Dolorum ut non magni et. Sequi vero rem consequuntur quidem quia laborum. Atque eum enim earum ex voluptatum velit vitae earum.',1,1,'2016-07-07 22:30:33'),(17,56,82,'Quae eum aspernatur perferendis veniam et. Veritatis expedita eveniet occaecati eveniet laboriosam. Voluptatem neque consequatur blanditiis autem.',1,0,'2015-09-27 19:44:28'),(18,45,77,'Repellat sed sapiente necessitatibus sit et voluptatem quod. Quia eaque aliquam autem mollitia itaque. Adipisci dolorem voluptas necessitatibus quibusdam ratione. Voluptatem delectus aut quia vitae temporibus et aut.',0,0,'2019-08-17 05:08:14'),(19,48,9,'Asperiores veniam soluta iste eligendi commodi recusandae praesentium. Eos quisquam sint a quia qui vel id. Accusamus illum non quibusdam eos adipisci non at velit.',0,1,'2016-06-15 09:21:28'),(20,100,74,'Quae dolore ab ducimus neque doloribus. Atque pariatur sapiente et labore modi officia autem maiores. Quia aut inventore est blanditiis.',1,0,'2019-12-09 16:24:19'),(21,70,29,'Velit ullam fuga commodi debitis aut. Reprehenderit facilis provident at provident fugit optio. Nisi tempore sapiente ut et magnam quidem sequi.',0,1,'2011-09-02 12:56:37'),(22,31,69,'Minus debitis id corporis vel. Voluptates exercitationem veritatis minima harum et eum praesentium illo. Maiores sed asperiores cum sint ut. Vel accusantium est repellat quis quis earum.',1,1,'2019-09-29 17:23:58'),(23,53,57,'In nemo ex iste quae et. Quam architecto et alias recusandae. Nihil ut quia tempora repellat non et.',0,1,'2020-05-15 13:29:51'),(24,24,51,'Sed sed ducimus eaque veritatis labore non id possimus. Ut pariatur occaecati est non eius in facilis. Ut ipsum repellat aut doloribus quasi incidunt officiis. Voluptatum consequatur quaerat dolores ut in.',1,0,'2013-04-18 05:15:58'),(25,82,54,'Sit at voluptates sit. Consectetur rerum accusantium ratione cumque aut. Velit quis velit nihil consequatur non voluptatem id.',1,1,'2016-06-16 10:37:20'),(26,26,67,'In atque beatae nihil eaque voluptas dolores. Eos rem debitis fuga dolores aut. Autem earum aperiam quo harum. Ea ullam qui quos doloribus explicabo aliquid.',0,0,'2020-07-17 20:12:08'),(27,57,85,'Deleniti accusamus rerum aut minima est voluptatem veritatis. Architecto sint architecto beatae non velit. Iusto eum natus omnis iste cupiditate fuga. Vitae quibusdam animi quia eum voluptas.',1,1,'2018-12-26 22:35:55'),(28,51,2,'Tenetur perspiciatis ipsa cumque dolor neque rerum quos. Eos nihil enim sed. Et et omnis accusamus ad. Ullam corrupti suscipit modi veritatis vel placeat omnis.',0,0,'2020-07-24 16:19:35'),(29,56,74,'Ad consequuntur voluptates consequatur pariatur et. Illum dicta asperiores quia labore. Magnam id consequuntur sit et minus perspiciatis ad.',1,0,'2011-05-13 19:34:32'),(30,99,76,'Autem sed id occaecati et laborum quo quis. Rerum et deserunt nobis odio consectetur velit aut. Sequi a doloremque est natus expedita earum.',0,1,'2018-05-14 15:56:02'),(31,80,73,'Cumque enim sit qui aperiam. Sunt eum perferendis commodi est. Officiis voluptatem delectus illum autem. Eum repellat voluptatem eos error et accusantium enim quia.',1,0,'2020-12-26 08:28:29'),(32,22,91,'Consectetur dolorem dicta qui facere voluptatem quos. Similique officiis et officiis officia est quaerat vel est. Omnis quia necessitatibus quis quod omnis. Eos ea rerum quo laudantium et beatae.',1,1,'2013-02-05 17:18:46'),(33,88,68,'Dolores omnis reiciendis voluptas eligendi ipsa error. Ab enim ducimus iure. Nisi eius adipisci ipsa aut. Nihil vero aut fuga nihil nam sed.',1,1,'2014-02-02 09:22:49'),(34,77,77,'Quaerat recusandae nesciunt atque. Velit velit iusto illo et.',1,0,'2020-10-25 07:44:30'),(35,55,44,'Ut officia unde laudantium nihil sit quos culpa. Vero in minima nostrum corrupti. Corrupti animi suscipit quo modi dignissimos. Et et sequi omnis eaque nisi non repellendus. Magni qui rerum quidem architecto enim.',1,0,'2015-11-21 01:00:30'),(36,53,34,'Aut velit tenetur nostrum possimus vel. Voluptas minima necessitatibus blanditiis in. Ut quo voluptatem nisi aut. Omnis laboriosam placeat et cupiditate assumenda.',1,0,'2014-07-10 07:52:53'),(37,10,47,'Atque id quo perferendis voluptates itaque dolorum omnis. Aut tempore debitis molestiae error quia. Soluta rerum minima soluta autem. Optio numquam eveniet alias saepe eos repellendus.',1,0,'2014-09-18 17:05:43'),(38,7,91,'Nemo et eum a. Voluptas ducimus ut et sint. Voluptatum veniam ut et veritatis non. Omnis nemo vero quas natus distinctio ullam. Sed dolores eius consequatur voluptate.',1,1,'2020-04-16 18:33:41'),(39,33,91,'Eius est iusto nobis distinctio ipsa tempora. Ducimus recusandae qui aperiam molestias et. Pariatur accusamus molestiae omnis rerum itaque accusantium.',0,0,'2015-04-21 03:58:32'),(40,58,17,'Quos possimus aliquid animi repudiandae ut voluptas fuga error. Ab eum eligendi iure ut nam. Veniam quia unde ipsum unde rerum.',0,0,'2015-12-29 21:37:18'),(41,10,97,'Aut distinctio non necessitatibus nemo ea vel fugit. Et similique autem et eum consequatur aut fugit. Est dolor magni sapiente et neque repudiandae.',1,0,'2018-02-28 11:45:17'),(42,55,83,'Veritatis repellat atque quo quod consectetur. Id debitis fugiat cumque distinctio quos eaque ea voluptatibus. Veniam dicta incidunt est et vel tempore. Enim iusto aut recusandae iusto.',0,0,'2011-06-21 14:11:18'),(43,51,7,'Sunt et voluptatibus reprehenderit ea dolor ipsam in. Consequatur suscipit id iusto qui adipisci in et. Omnis sed animi eum voluptatem magni.',0,1,'2014-03-27 07:03:39'),(44,79,76,'Libero qui ea ad minus. Deserunt illo quas provident ullam aut nobis. Asperiores nostrum tempore magni sit. Vel voluptatem dolore nam sint illo.',0,0,'2020-03-13 16:48:13'),(45,42,80,'Error non quibusdam explicabo et sed fugit. Eos ullam mollitia quod eos accusamus expedita iste omnis. Itaque sapiente ipsam enim et iusto ab totam. Delectus illo dignissimos nam mollitia et praesentium impedit.',1,1,'2018-12-30 02:40:31'),(46,73,27,'Est reprehenderit eos illum voluptates. Nihil voluptatem id quos in voluptatum dignissimos. Consequatur rerum aliquam in vel ut facilis blanditiis.',0,0,'2012-10-14 09:54:57'),(47,16,97,'Necessitatibus vero vitae omnis. Quia voluptas iure quas itaque ea ipsam possimus. Et et accusantium quaerat.',0,0,'2011-05-27 01:01:14'),(48,38,99,'Aut quia pariatur nihil at omnis deserunt. Quia necessitatibus aut veniam laudantium. Natus est nihil provident consequuntur vitae occaecati. Quidem voluptatem quam occaecati cumque earum modi sit.',0,1,'2017-10-07 00:24:13'),(49,81,5,'Quod culpa dolor inventore animi a ut voluptatum. At quia facilis minima omnis.',1,0,'2015-09-30 23:58:29'),(50,81,90,'Excepturi ut sint eaque autem id illo at. Nostrum magnam unde quam sequi aut iste. Voluptas natus temporibus eum vel rem ipsum excepturi. Explicabo et omnis totam aut ut ut.',1,1,'2017-12-16 00:52:51'),(51,8,69,'Id commodi voluptatem itaque voluptates placeat voluptas esse. Et dolorum tempore odio aliquid. Omnis et dolorem aut qui numquam ut quidem. Qui corporis animi alias et quis et nobis nisi.',1,0,'2013-07-13 19:30:32'),(52,20,95,'Quasi et esse aliquid est autem expedita sint rerum. Dolore numquam aliquam non. Est quis rerum ipsa dolore inventore accusamus. Quam corporis voluptate est iure sit eum natus optio.',0,1,'2016-01-04 12:53:03'),(53,12,74,'Voluptatem aperiam enim assumenda qui mollitia. At rerum qui quos dignissimos cupiditate itaque quia odit. Esse repellendus perspiciatis odio facilis sequi molestiae odio distinctio.',0,1,'2019-02-28 09:07:45'),(54,36,57,'Itaque doloribus quibusdam eveniet pariatur corporis occaecati molestiae. Neque ut rerum illo eos quia saepe. Cum nobis neque iste quisquam quia.',0,0,'2011-10-13 15:27:49'),(55,78,15,'Et sed nisi et illum modi. Voluptatem voluptas architecto consequatur et. Quibusdam voluptas occaecati odio omnis maiores.',0,0,'2012-08-03 06:37:39'),(56,44,73,'Dolorem quidem nostrum corporis. Consequatur minima officiis unde magni ut. Unde praesentium asperiores debitis pariatur. Repudiandae id voluptate laboriosam nulla quia quas.',0,0,'2011-04-29 00:06:48'),(57,35,52,'Ut aut possimus molestiae optio non molestiae aut. Quo harum veritatis incidunt est. Vitae vel illo ut. Cupiditate vero non sed. Soluta consequatur qui doloremque at.',0,1,'2019-09-02 00:53:35'),(58,54,16,'Et maiores consequatur facere quos tenetur quos. Commodi excepturi aut aut repudiandae et nulla. At asperiores quia veritatis. Repellat ullam nesciunt rerum reiciendis itaque. Suscipit id autem molestiae dolores quisquam.',1,1,'2020-02-04 09:33:40'),(59,18,43,'Est vel necessitatibus ut alias porro doloribus. Enim voluptatibus cum inventore rerum maxime. Sit et qui dolorem consequatur libero voluptatem sit. Ratione perferendis est accusamus et.',0,1,'2014-05-19 13:26:16'),(60,57,56,'Doloremque rerum delectus doloremque saepe. Asperiores inventore quod quisquam ea quos voluptatem. Dolorem dicta in enim repudiandae labore qui maiores facere.',0,0,'2014-09-14 17:05:28'),(61,11,85,'Architecto consequatur ea officia expedita enim. Dolores aut inventore ducimus. Ut omnis omnis temporibus omnis quo quasi. Eos rerum voluptatum id optio.',0,0,'2014-03-10 16:04:07'),(62,91,2,'Dolorum rem ut doloremque animi. Est beatae quo nam aut. Voluptatem autem qui rerum in saepe ut impedit accusamus. Fugiat et aut eaque et hic rerum a laborum. Facere culpa perspiciatis deleniti.',0,0,'2016-07-13 10:38:41'),(63,35,68,'Commodi voluptates eaque magni illum sint aut non. Et ratione dolor expedita aliquid aut et aperiam. Suscipit rerum ut numquam repellendus rem totam.',1,0,'2017-10-30 18:34:27'),(64,34,68,'Qui soluta ut aut qui qui sapiente. Ut eos at quos sit repellat molestiae et. A quisquam perferendis sit voluptatem. Quo enim beatae eos quisquam dicta qui aperiam iste.',1,1,'2015-08-23 20:01:11'),(65,35,72,'Consequatur natus consectetur omnis quasi. Quae omnis rerum quas magnam est et. At sint ullam fugiat.',1,1,'2018-08-05 22:26:00'),(66,53,49,'In aspernatur temporibus tenetur repudiandae earum aut. Omnis neque architecto voluptatibus distinctio expedita voluptatem ducimus. Enim totam minima fuga quia. Sit nobis recusandae aperiam eaque. Est provident vel veniam magnam.',1,0,'2021-02-21 09:50:56'),(67,84,72,'Perferendis et non porro iste eveniet quas ex tenetur. Eveniet facilis blanditiis est occaecati eaque dolor ipsum. Tempora enim iure magni eos quia possimus modi.',1,0,'2020-07-14 02:37:27'),(68,10,31,'Dolorem repudiandae eum voluptatem voluptatum. Consequatur ut nisi magnam et. Id pariatur saepe qui non maiores dolores et ut. Esse numquam voluptatibus quia velit in consequatur.',0,1,'2015-05-15 05:30:25'),(69,26,38,'Veritatis voluptatem dolor voluptatibus quia quia quis. Id itaque aut enim et. Optio illum et et debitis minima ex eaque qui.',1,0,'2020-07-05 01:22:44'),(70,10,35,'Molestiae temporibus et aut eum hic et eum et. Enim voluptatem accusamus qui inventore mollitia et quas. Sed voluptas nobis ut eaque.',1,1,'2016-05-29 13:02:52'),(71,43,12,'Possimus incidunt qui occaecati doloremque quae voluptatem sint. Soluta veniam harum est distinctio qui sit. Quasi qui quia laboriosam.',0,1,'2013-06-29 02:13:07'),(72,29,11,'Doloribus et est quis quis incidunt quibusdam rem id. Aut excepturi ut impedit maxime voluptas quisquam non.',0,1,'2021-03-04 15:12:37'),(73,67,99,'Natus et ab maiores quis. Rem vel et impedit nobis est blanditiis.',0,1,'2018-03-07 17:57:19'),(74,94,74,'Fuga est rerum vero earum omnis debitis. Soluta illum tempora excepturi voluptatum enim. Nostrum quo consequatur modi accusamus deleniti sed eos.',0,0,'2017-08-08 20:33:25'),(75,87,13,'Quia qui odio inventore dolorum voluptatum quas harum. Ea ducimus ducimus voluptatum et dolor. Molestiae voluptas distinctio cum necessitatibus numquam molestias voluptas.',1,0,'2019-06-21 04:33:32'),(76,5,82,'Ipsam nesciunt ex voluptatibus hic illum id ratione est. Libero corrupti architecto animi aut voluptatem ea. Optio soluta accusantium eligendi beatae expedita odio ut sed. Consequatur non accusamus illum deleniti voluptate deleniti.',0,1,'2013-02-25 17:42:23'),(77,96,34,'Facere et quas aut quae doloribus recusandae. Architecto omnis nisi nemo laboriosam porro. Ab qui itaque doloremque dignissimos.',0,0,'2016-10-08 18:24:19'),(78,82,9,'Iste eum earum sit adipisci sint. Officiis a minus libero repudiandae ex nihil quia cumque. Est laboriosam eius quia illum dolore. Et itaque nisi harum esse tempore ea officia.',0,1,'2014-10-09 03:47:39'),(79,96,53,'Voluptatibus consectetur accusamus rerum blanditiis exercitationem quis. Ducimus corrupti recusandae autem quo. Sit veniam rerum praesentium nesciunt aliquam. Tempore harum recusandae atque qui labore. Itaque soluta et excepturi ea consequatur aliquid sint.',0,0,'2016-01-10 00:17:29'),(80,77,24,'Velit voluptatem nihil commodi sed eos ea. Similique quia praesentium quae consectetur. Consequatur nam quas ducimus id fugiat voluptas.',0,1,'2018-11-17 19:37:25'),(81,87,65,'Est rerum quod autem aut dolores ut. Nisi consequatur corporis aut incidunt est. Nesciunt quisquam qui voluptas.',1,1,'2020-12-02 12:21:11'),(82,64,25,'Inventore ut voluptatem aut cumque modi eos velit. Sint consequuntur et ullam tempora. Quis omnis exercitationem quos non maxime.',0,1,'2016-09-30 15:42:35'),(83,32,86,'Sequi quibusdam beatae velit autem numquam quas. Architecto itaque ad porro dolore tenetur tenetur. Voluptas repudiandae qui omnis rerum aut libero.',0,0,'2016-07-30 21:47:33'),(84,31,99,'Consectetur exercitationem corrupti distinctio aut soluta non cum. Illo quia qui incidunt doloremque inventore animi. Sequi doloribus quod saepe porro et. Ut praesentium qui aut magni pariatur facere assumenda.',1,1,'2014-02-11 23:25:50'),(85,2,10,'Aut temporibus enim voluptatem autem omnis vitae. Ducimus qui exercitationem nemo excepturi. Distinctio aut dolore sit et.',1,0,'2016-03-25 12:37:28'),(86,46,97,'Nihil at eos voluptatum dolorum ut ipsam iure. Dolorem aut iusto adipisci qui et. Fugit aut temporibus labore reprehenderit eos consequuntur qui eveniet.',1,0,'2020-02-17 16:58:41'),(87,48,49,'Nihil rerum sed quo. Assumenda vel accusantium nulla praesentium dicta tempore. Qui qui dolorum atque unde ut mollitia dolor.',1,0,'2014-04-07 07:35:54'),(88,100,54,'Rerum blanditiis hic quia assumenda eum magnam nihil. Hic quisquam et voluptatibus maxime quam error deleniti quis. Aut ea deleniti consequuntur quis. Quia maxime illum explicabo sunt et autem voluptatum.',1,0,'2020-01-30 11:37:05'),(89,68,79,'Qui nobis aut perferendis sint impedit minus labore. Rerum omnis quaerat sunt quisquam tenetur dolorem recusandae. Consectetur natus eius quibusdam a. Aut sunt ut est corporis dolorum quas.',1,1,'2020-01-24 13:05:02'),(90,91,16,'Explicabo quia non enim deserunt. Dolorem culpa accusantium officia provident. Aliquid harum facere sapiente qui dolorem nisi consequatur soluta. Nulla iusto error et.',0,0,'2020-05-15 06:58:35'),(91,8,91,'Delectus eligendi corporis nobis et blanditiis eos et. Consectetur et laudantium nisi repellendus. Vitae omnis et autem porro illo. Magnam occaecati non deserunt aut dolorum architecto molestias.',1,0,'2012-01-11 20:34:39'),(92,32,84,'Rerum voluptatem temporibus blanditiis accusantium et deserunt beatae. Non officia sapiente nam ea. Autem impedit dignissimos aut ut velit assumenda et.',1,0,'2018-12-23 01:55:44'),(93,25,74,'Dolorem quis veritatis dolorem perspiciatis quod et esse. Dicta incidunt est placeat. Dolores consequatur et fuga.',1,1,'2018-05-23 14:32:35'),(94,92,39,'Non aut vel ut rerum accusamus sapiente ut. Et vel dignissimos atque error quasi expedita et. Ducimus praesentium beatae maiores eius itaque.',1,0,'2018-11-04 02:40:41'),(95,17,69,'Ut odit placeat nostrum quasi qui aliquid dignissimos qui. Consequatur molestiae ipsam magnam eveniet molestiae. Quis ea officia dignissimos. Ipsa tempora reprehenderit ipsum.',0,1,'2018-09-11 12:13:41'),(96,95,66,'Et molestiae enim voluptatem molestiae est. Sit ullam quaerat architecto iusto quia quia quaerat. Dolor in harum doloribus accusantium. Qui et consequatur labore nisi distinctio est laborum.',1,0,'2011-06-03 17:04:39'),(97,44,22,'Fugiat esse suscipit et. Sed beatae perferendis officia explicabo ad. Ea vitae qui velit ut accusamus. Commodi est voluptatem reprehenderit vel quidem consequatur.',1,0,'2012-04-16 09:09:48'),(98,79,26,'Assumenda tempora molestiae libero reprehenderit laudantium. Qui quia ut nam odio.',1,1,'2016-08-12 11:52:33'),(99,91,80,'Sit provident soluta beatae aut. Sequi nobis tempore rerum perspiciatis dolores. Laborum in corrupti temporibus magnam temporibus fugiat voluptates nobis. Sint et facilis ea omnis. Consequatur ratione repudiandae quasi aut et odit ut.',1,0,'2019-08-31 10:22:58'),(100,25,83,'Autem iste quibusdam assumenda hic porro est molestiae. Magnam sed eveniet aspernatur. Iste molestiae voluptas non magni. Ea possimus laboriosam dicta eum a ut. Perferendis eum eaque placeat.',0,1,'2018-01-22 18:00:27');

INSERT INTO `catalogs` (`id`, `name`) VALUES ('1', '');
INSERT INTO `catalogs` (`id`, `name`) VALUES ('2', '');
INSERT INTO `catalogs` (`id`, `name`) VALUES ('3', '');
INSERT INTO `catalogs` (`id`, `name`) VALUES ('4', '');
INSERT INTO `catalogs` (`id`, `name`) VALUES ('5', '');

INSERT INTO `cars_brands` (`id`, `name`) VALUES (13, ' Alfa Romeo');
INSERT INTO `cars_brands` (`id`, `name`) VALUES (31, ' Alpina');
INSERT INTO `cars_brands` (`id`, `name`) VALUES (67, ' Asia');
INSERT INTO `cars_brands` (`id`, `name`) VALUES (24, ' Aston Martin');
INSERT INTO `cars_brands` (`id`, `name`) VALUES (10, ' Audi');
INSERT INTO `cars_brands` (`id`, `name`) VALUES (12, ' Bentley');
INSERT INTO `cars_brands` (`id`, `name`) VALUES (88, ' BMW');
INSERT INTO `cars_brands` (`id`, `name`) VALUES (55, ' Brilliance');
INSERT INTO `cars_brands` (`id`, `name`) VALUES (30, ' Bugatti');
INSERT INTO `cars_brands` (`id`, `name`) VALUES (78, ' Buick');
INSERT INTO `cars_brands` (`id`, `name`) VALUES (89, ' BYD');
INSERT INTO `cars_brands` (`id`, `name`) VALUES (50, ' Cadillac');
INSERT INTO `cars_brands` (`id`, `name`) VALUES (73, ' Changan');
INSERT INTO `cars_brands` (`id`, `name`) VALUES (69, ' Chery');
INSERT INTO `cars_brands` (`id`, `name`) VALUES (20, ' Chevrolet');
INSERT INTO `cars_brands` (`id`, `name`) VALUES (104, ' Chrysler');
INSERT INTO `cars_brands` (`id`, `name`) VALUES (1, ' Citroen');
INSERT INTO `cars_brands` (`id`, `name`) VALUES (97, ' Dacia');
INSERT INTO `cars_brands` (`id`, `name`) VALUES (108, ' Daewoo');
INSERT INTO `cars_brands` (`id`, `name`) VALUES (14, ' Daihatsu');
INSERT INTO `cars_brands` (`id`, `name`) VALUES (6, ' Datsun');
INSERT INTO `cars_brands` (`id`, `name`) VALUES (34, ' DeLorean');
INSERT INTO `cars_brands` (`id`, `name`) VALUES (65, ' Derways');
INSERT INTO `cars_brands` (`id`, `name`) VALUES (103, ' Dodge');
INSERT INTO `cars_brands` (`id`, `name`) VALUES (53, ' Dongfeng');
INSERT INTO `cars_brands` (`id`, `name`) VALUES (18, ' FAW');
INSERT INTO `cars_brands` (`id`, `name`) VALUES (72, ' Ferrari');
INSERT INTO `cars_brands` (`id`, `name`) VALUES (61, ' Fiat');
INSERT INTO `cars_brands` (`id`, `name`) VALUES (44, ' Ford');
INSERT INTO `cars_brands` (`id`, `name`) VALUES (2, ' Foton');
INSERT INTO `cars_brands` (`id`, `name`) VALUES (37, ' Freightliner');
INSERT INTO `cars_brands` (`id`, `name`) VALUES (83, ' Geely');
INSERT INTO `cars_brands` (`id`, `name`) VALUES (86, ' Genesis');
INSERT INTO `cars_brands` (`id`, `name`) VALUES (48, ' GMC');
INSERT INTO `cars_brands` (`id`, `name`) VALUES (3, ' Great Wall');
INSERT INTO `cars_brands` (`id`, `name`) VALUES (63, ' Hafei');
INSERT INTO `cars_brands` (`id`, `name`) VALUES (7, ' Haima');
INSERT INTO `cars_brands` (`id`, `name`) VALUES (15, ' Haval');
INSERT INTO `cars_brands` (`id`, `name`) VALUES (45, ' Hawtai');
INSERT INTO `cars_brands` (`id`, `name`) VALUES (26, ' Hino');
INSERT INTO `cars_brands` (`id`, `name`) VALUES (5, ' Honda');
INSERT INTO `cars_brands` (`id`, `name`) VALUES (109, ' Hummer');
INSERT INTO `cars_brands` (`id`, `name`) VALUES (80, ' Hyundai');
INSERT INTO `cars_brands` (`id`, `name`) VALUES (76, ' Infiniti');
INSERT INTO `cars_brands` (`id`, `name`) VALUES (66, ' Iran Khodro');
INSERT INTO `cars_brands` (`id`, `name`) VALUES (93, ' Isuzu');
INSERT INTO `cars_brands` (`id`, `name`) VALUES (102, ' JAC');
INSERT INTO `cars_brands` (`id`, `name`) VALUES (77, ' Jaguar');
INSERT INTO `cars_brands` (`id`, `name`) VALUES (21, ' Jeep');
INSERT INTO `cars_brands` (`id`, `name`) VALUES (8, ' Kia');
INSERT INTO `cars_brands` (`id`, `name`) VALUES (43, ' Koenigsegg');
INSERT INTO `cars_brands` (`id`, `name`) VALUES (96, ' Lamborghini');
INSERT INTO `cars_brands` (`id`, `name`) VALUES (85, ' Lancia');
INSERT INTO `cars_brands` (`id`, `name`) VALUES (100, ' Land Rover');
INSERT INTO `cars_brands` (`id`, `name`) VALUES (25, ' Lexus');
INSERT INTO `cars_brands` (`id`, `name`) VALUES (99, ' Lifan');
INSERT INTO `cars_brands` (`id`, `name`) VALUES (35, ' Lincoln');
INSERT INTO `cars_brands` (`id`, `name`) VALUES (16, ' Lotus');
INSERT INTO `cars_brands` (`id`, `name`) VALUES (52, ' Luxgen');
INSERT INTO `cars_brands` (`id`, `name`) VALUES (33, ' Marussia');
INSERT INTO `cars_brands` (`id`, `name`) VALUES (81, ' Maserati');
INSERT INTO `cars_brands` (`id`, `name`) VALUES (11, ' Maybach');
INSERT INTO `cars_brands` (`id`, `name`) VALUES (101, ' Mazda');
INSERT INTO `cars_brands` (`id`, `name`) VALUES (74, ' McLaren');
INSERT INTO `cars_brands` (`id`, `name`) VALUES (46, ' Mercedes-Benz');
INSERT INTO `cars_brands` (`id`, `name`) VALUES (82, ' Mercury');
INSERT INTO `cars_brands` (`id`, `name`) VALUES (42, ' Mini');
INSERT INTO `cars_brands` (`id`, `name`) VALUES (17, ' Mitsubishi');
INSERT INTO `cars_brands` (`id`, `name`) VALUES (64, ' Mitsuoka');
INSERT INTO `cars_brands` (`id`, `name`) VALUES (90, ' Nissan');
INSERT INTO `cars_brands` (`id`, `name`) VALUES (62, ' Oldsmobile');
INSERT INTO `cars_brands` (`id`, `name`) VALUES (58, ' Opel');
INSERT INTO `cars_brands` (`id`, `name`) VALUES (60, ' Pagani');
INSERT INTO `cars_brands` (`id`, `name`) VALUES (47, ' Peugeot');
INSERT INTO `cars_brands` (`id`, `name`) VALUES (59, ' Plymouth');
INSERT INTO `cars_brands` (`id`, `name`) VALUES (19, ' Pontiac');
INSERT INTO `cars_brands` (`id`, `name`) VALUES (68, ' Porsche');
INSERT INTO `cars_brands` (`id`, `name`) VALUES (56, ' Proton');
INSERT INTO `cars_brands` (`id`, `name`) VALUES (94, ' Ravon');
INSERT INTO `cars_brands` (`id`, `name`) VALUES (32, ' Renault');
INSERT INTO `cars_brands` (`id`, `name`) VALUES (110, ' Renault Samsung');
INSERT INTO `cars_brands` (`id`, `name`) VALUES (105, ' Rolls-Royce');
INSERT INTO `cars_brands` (`id`, `name`) VALUES (54, ' Rover');
INSERT INTO `cars_brands` (`id`, `name`) VALUES (39, ' Saab');
INSERT INTO `cars_brands` (`id`, `name`) VALUES (87, ' Saturn');
INSERT INTO `cars_brands` (`id`, `name`) VALUES (95, ' Scion');
INSERT INTO `cars_brands` (`id`, `name`) VALUES (84, ' SEAT');
INSERT INTO `cars_brands` (`id`, `name`) VALUES (29, ' Skoda');
INSERT INTO `cars_brands` (`id`, `name`) VALUES (70, ' Smart');
INSERT INTO `cars_brands` (`id`, `name`) VALUES (98, ' SsangYong');
INSERT INTO `cars_brands` (`id`, `name`) VALUES (51, ' Subaru');
INSERT INTO `cars_brands` (`id`, `name`) VALUES (75, ' Suzuki');
INSERT INTO `cars_brands` (`id`, `name`) VALUES (9, ' Tesla');
INSERT INTO `cars_brands` (`id`, `name`) VALUES (92, ' Tianye');
INSERT INTO `cars_brands` (`id`, `name`) VALUES (22, ' Toyota');
INSERT INTO `cars_brands` (`id`, `name`) VALUES (28, ' Volkswagen');
INSERT INTO `cars_brands` (`id`, `name`) VALUES (38, ' Volvo');
INSERT INTO `cars_brands` (`id`, `name`) VALUES (107, ' Vortex');
INSERT INTO `cars_brands` (`id`, `name`) VALUES (23, ' Zotye');
INSERT INTO `cars_brands` (`id`, `name`) VALUES (91, ' ZX');
INSERT INTO `cars_brands` (`id`, `name`) VALUES (40, ' ');
INSERT INTO `cars_brands` (`id`, `name`) VALUES (4, ' ');
INSERT INTO `cars_brands` (`id`, `name`) VALUES (71, ' ');
INSERT INTO `cars_brands` (`id`, `name`) VALUES (27, ' ');
INSERT INTO `cars_brands` (`id`, `name`) VALUES (79, ' ');
INSERT INTO `cars_brands` (`id`, `name`) VALUES (49, ' ');
INSERT INTO `cars_brands` (`id`, `name`) VALUES (41, ' ');
INSERT INTO `cars_brands` (`id`, `name`) VALUES (36, ' ');
INSERT INTO `cars_brands` (`id`, `name`) VALUES (57, ' ');
INSERT INTO `cars_brands` (`id`, `name`) VALUES (106, 'Acura');

INSERT INTO `cars_colours` (`id`, `name`) VALUES (8, ' black');
INSERT INTO `cars_colours` (`id`, `name`) VALUES (6, ' blue');
INSERT INTO `cars_colours` (`id`, `name`) VALUES (9, ' brown');
INSERT INTO `cars_colours` (`id`, `name`) VALUES (7, ' gray');
INSERT INTO `cars_colours` (`id`, `name`) VALUES (12, ' green');
INSERT INTO `cars_colours` (`id`, `name`) VALUES (3, ' orange');
INSERT INTO `cars_colours` (`id`, `name`) VALUES (4, ' pink');
INSERT INTO `cars_colours` (`id`, `name`) VALUES (10, ' red');
INSERT INTO `cars_colours` (`id`, `name`) VALUES (2, ' violet');
INSERT INTO `cars_colours` (`id`, `name`) VALUES (1, ' white');
INSERT INTO `cars_colours` (`id`, `name`) VALUES (11, ' yellow');
INSERT INTO `cars_colours` (`id`, `name`) VALUES (5, 'azure');

INSERT INTO `auto_parts` (`id`, `brand_name`, `catalog_id`, `cars_brands_id`, `user_id`, `part_number`, `is_used`, `created_at`, `updated_at`) VALUES (1, 'necessitatibus', 4, 46, 16, '8618966', 0, '2012-03-10 14:14:48', '2015-08-13 01:20:06');
INSERT INTO `auto_parts` (`id`, `brand_name`, `catalog_id`, `cars_brands_id`, `user_id`, `part_number`, `is_used`, `created_at`, `updated_at`) VALUES (2, 'quis', 4, 40, 33, '6158287', 0, '2017-01-23 22:38:01', '2018-04-25 08:04:54');
INSERT INTO `auto_parts` (`id`, `brand_name`, `catalog_id`, `cars_brands_id`, `user_id`, `part_number`, `is_used`, `created_at`, `updated_at`) VALUES (3, 'deserunt', 5, 27, 32, '6645442', 0, '2015-05-11 14:44:41', '2014-11-30 03:30:37');
INSERT INTO `auto_parts` (`id`, `brand_name`, `catalog_id`, `cars_brands_id`, `user_id`, `part_number`, `is_used`, `created_at`, `updated_at`) VALUES (4, 'qui', 1, 63, 56, '3535148', 0, '2020-06-02 17:33:56', '2015-09-18 00:42:17');
INSERT INTO `auto_parts` (`id`, `brand_name`, `catalog_id`, `cars_brands_id`, `user_id`, `part_number`, `is_used`, `created_at`, `updated_at`) VALUES (5, 'optio', 4, 67, 53, '4420909', 0, '2012-09-30 13:30:23', '2017-01-24 20:41:37');
INSERT INTO `auto_parts` (`id`, `brand_name`, `catalog_id`, `cars_brands_id`, `user_id`, `part_number`, `is_used`, `created_at`, `updated_at`) VALUES (6, 'dolor', 3, 49, 64, '7210569', 1, '2018-10-05 09:21:09', '2012-05-30 15:29:56');
INSERT INTO `auto_parts` (`id`, `brand_name`, `catalog_id`, `cars_brands_id`, `user_id`, `part_number`, `is_used`, `created_at`, `updated_at`) VALUES (7, 'iusto', 1, 44, 1, '8848953', 1, '2015-04-18 21:10:58', '2018-02-13 12:52:47');
INSERT INTO `auto_parts` (`id`, `brand_name`, `catalog_id`, `cars_brands_id`, `user_id`, `part_number`, `is_used`, `created_at`, `updated_at`) VALUES (8, 'saepe', 1, 71, 67, '1820160', 0, '2014-06-26 14:21:26', '2017-05-29 15:01:07');
INSERT INTO `auto_parts` (`id`, `brand_name`, `catalog_id`, `cars_brands_id`, `user_id`, `part_number`, `is_used`, `created_at`, `updated_at`) VALUES (9, 'quia', 2, 89, 44, '4907542', 0, '2017-11-02 09:22:58', '2015-11-29 22:13:39');
INSERT INTO `auto_parts` (`id`, `brand_name`, `catalog_id`, `cars_brands_id`, `user_id`, `part_number`, `is_used`, `created_at`, `updated_at`) VALUES (10, 'eius', 4, 88, 20, '7634279', 1, '2018-06-12 19:03:39', '2019-10-13 14:15:03');
INSERT INTO `auto_parts` (`id`, `brand_name`, `catalog_id`, `cars_brands_id`, `user_id`, `part_number`, `is_used`, `created_at`, `updated_at`) VALUES (11, 'nam', 5, 2, 65, '1890331', 0, '2018-10-31 18:35:07', '2015-12-29 13:06:27');
INSERT INTO `auto_parts` (`id`, `brand_name`, `catalog_id`, `cars_brands_id`, `user_id`, `part_number`, `is_used`, `created_at`, `updated_at`) VALUES (12, 'et', 4, 98, 50, '1387902', 0, '2018-12-08 20:43:51', '2019-09-12 00:54:43');
INSERT INTO `auto_parts` (`id`, `brand_name`, `catalog_id`, `cars_brands_id`, `user_id`, `part_number`, `is_used`, `created_at`, `updated_at`) VALUES (13, 'sequi', 4, 3, 79, '1760425', 0, '2014-08-29 17:52:13', '2018-11-16 04:37:26');
INSERT INTO `auto_parts` (`id`, `brand_name`, `catalog_id`, `cars_brands_id`, `user_id`, `part_number`, `is_used`, `created_at`, `updated_at`) VALUES (14, 'omnis', 5, 6, 67, '5837151', 0, '2014-08-29 12:33:22', '2019-02-21 17:46:18');
INSERT INTO `auto_parts` (`id`, `brand_name`, `catalog_id`, `cars_brands_id`, `user_id`, `part_number`, `is_used`, `created_at`, `updated_at`) VALUES (15, 'corporis', 4, 6, 41, '4982894', 0, '2019-02-11 06:11:05', '2017-01-08 08:31:59');
INSERT INTO `auto_parts` (`id`, `brand_name`, `catalog_id`, `cars_brands_id`, `user_id`, `part_number`, `is_used`, `created_at`, `updated_at`) VALUES (16, 'fugit', 4, 31, 79, '2506883', 0, '2015-07-18 14:57:24', '2019-04-14 07:28:59');
INSERT INTO `auto_parts` (`id`, `brand_name`, `catalog_id`, `cars_brands_id`, `user_id`, `part_number`, `is_used`, `created_at`, `updated_at`) VALUES (17, 'quos', 3, 58, 3, '5828803', 1, '2018-04-06 03:00:14', '2016-08-29 21:01:12');
INSERT INTO `auto_parts` (`id`, `brand_name`, `catalog_id`, `cars_brands_id`, `user_id`, `part_number`, `is_used`, `created_at`, `updated_at`) VALUES (18, 'voluptates', 2, 28, 56, '1720891', 0, '2018-06-05 07:35:35', '2011-08-29 05:48:04');
INSERT INTO `auto_parts` (`id`, `brand_name`, `catalog_id`, `cars_brands_id`, `user_id`, `part_number`, `is_used`, `created_at`, `updated_at`) VALUES (19, 'consectetur', 2, 72, 51, '7881674', 0, '2018-04-19 05:05:33', '2018-12-19 11:59:16');
INSERT INTO `auto_parts` (`id`, `brand_name`, `catalog_id`, `cars_brands_id`, `user_id`, `part_number`, `is_used`, `created_at`, `updated_at`) VALUES (20, 'ipsum', 4, 30, 84, '8637425', 0, '2021-03-26 14:59:22', '2018-02-08 00:15:11');
INSERT INTO `auto_parts` (`id`, `brand_name`, `catalog_id`, `cars_brands_id`, `user_id`, `part_number`, `is_used`, `created_at`, `updated_at`) VALUES (21, 'libero', 5, 3, 29, '1126823', 0, '2013-07-23 20:10:30', '2013-10-16 17:41:15');
INSERT INTO `auto_parts` (`id`, `brand_name`, `catalog_id`, `cars_brands_id`, `user_id`, `part_number`, `is_used`, `created_at`, `updated_at`) VALUES (22, 'aut', 3, 58, 58, '3994512', 0, '2012-11-24 08:16:48', '2021-02-23 05:45:06');
INSERT INTO `auto_parts` (`id`, `brand_name`, `catalog_id`, `cars_brands_id`, `user_id`, `part_number`, `is_used`, `created_at`, `updated_at`) VALUES (23, 'natus', 5, 104, 71, '2691373', 1, '2017-03-18 18:17:37', '2012-05-19 23:13:39');
INSERT INTO `auto_parts` (`id`, `brand_name`, `catalog_id`, `cars_brands_id`, `user_id`, `part_number`, `is_used`, `created_at`, `updated_at`) VALUES (24, 'doloribus', 2, 12, 1, '4805303', 1, '2013-07-28 16:56:07', '2018-10-01 00:48:24');
INSERT INTO `auto_parts` (`id`, `brand_name`, `catalog_id`, `cars_brands_id`, `user_id`, `part_number`, `is_used`, `created_at`, `updated_at`) VALUES (25, 'cum', 4, 72, 98, '1855553', 0, '2020-02-12 11:50:04', '2021-01-01 04:08:51');
INSERT INTO `auto_parts` (`id`, `brand_name`, `catalog_id`, `cars_brands_id`, `user_id`, `part_number`, `is_used`, `created_at`, `updated_at`) VALUES (26, 'nihil', 5, 107, 35, '1396957', 0, '2015-07-09 02:10:00', '2015-08-07 00:54:04');
INSERT INTO `auto_parts` (`id`, `brand_name`, `catalog_id`, `cars_brands_id`, `user_id`, `part_number`, `is_used`, `created_at`, `updated_at`) VALUES (27, 'tempora', 1, 25, 63, '6872960', 0, '2012-07-21 11:36:57', '2011-10-15 06:56:36');
INSERT INTO `auto_parts` (`id`, `brand_name`, `catalog_id`, `cars_brands_id`, `user_id`, `part_number`, `is_used`, `created_at`, `updated_at`) VALUES (28, 'magnam', 4, 51, 31, '6866954', 1, '2012-08-30 05:27:40', '2012-01-02 10:46:15');
INSERT INTO `auto_parts` (`id`, `brand_name`, `catalog_id`, `cars_brands_id`, `user_id`, `part_number`, `is_used`, `created_at`, `updated_at`) VALUES (29, 'ducimus', 1, 110, 94, '5099921', 0, '2020-07-30 22:30:43', '2020-09-03 18:54:01');
INSERT INTO `auto_parts` (`id`, `brand_name`, `catalog_id`, `cars_brands_id`, `user_id`, `part_number`, `is_used`, `created_at`, `updated_at`) VALUES (30, 'voluptatibus', 5, 23, 66, '4431172', 0, '2011-07-27 05:38:15', '2018-01-20 13:33:34');
INSERT INTO `auto_parts` (`id`, `brand_name`, `catalog_id`, `cars_brands_id`, `user_id`, `part_number`, `is_used`, `created_at`, `updated_at`) VALUES (31, 'sint', 5, 33, 72, '8188180', 0, '2014-07-12 08:06:15', '2011-11-06 04:46:06');
INSERT INTO `auto_parts` (`id`, `brand_name`, `catalog_id`, `cars_brands_id`, `user_id`, `part_number`, `is_used`, `created_at`, `updated_at`) VALUES (32, 'nesciunt', 4, 106, 33, '6386024', 1, '2015-06-26 21:52:13', '2019-09-06 15:52:16');
INSERT INTO `auto_parts` (`id`, `brand_name`, `catalog_id`, `cars_brands_id`, `user_id`, `part_number`, `is_used`, `created_at`, `updated_at`) VALUES (33, 'quae', 3, 37, 44, '8886948', 1, '2019-02-08 12:16:25', '2017-07-26 00:09:17');
INSERT INTO `auto_parts` (`id`, `brand_name`, `catalog_id`, `cars_brands_id`, `user_id`, `part_number`, `is_used`, `created_at`, `updated_at`) VALUES (34, 'rerum', 4, 66, 17, '8371810', 1, '2018-01-15 07:46:23', '2013-09-11 21:50:45');
INSERT INTO `auto_parts` (`id`, `brand_name`, `catalog_id`, `cars_brands_id`, `user_id`, `part_number`, `is_used`, `created_at`, `updated_at`) VALUES (35, 'dolorem', 5, 57, 2, '5170258', 1, '2020-10-16 18:57:43', '2014-11-18 04:30:01');
INSERT INTO `auto_parts` (`id`, `brand_name`, `catalog_id`, `cars_brands_id`, `user_id`, `part_number`, `is_used`, `created_at`, `updated_at`) VALUES (36, 'quo', 3, 103, 89, '1510061', 0, '2014-11-16 01:45:45', '2014-12-23 17:37:53');
INSERT INTO `auto_parts` (`id`, `brand_name`, `catalog_id`, `cars_brands_id`, `user_id`, `part_number`, `is_used`, `created_at`, `updated_at`) VALUES (37, 'at', 1, 46, 24, '6412260', 1, '2019-09-12 14:29:57', '2013-03-09 03:01:15');
INSERT INTO `auto_parts` (`id`, `brand_name`, `catalog_id`, `cars_brands_id`, `user_id`, `part_number`, `is_used`, `created_at`, `updated_at`) VALUES (38, 'cupiditate', 4, 47, 84, '6096542', 1, '2018-02-12 07:11:54', '2015-01-03 02:44:24');
INSERT INTO `auto_parts` (`id`, `brand_name`, `catalog_id`, `cars_brands_id`, `user_id`, `part_number`, `is_used`, `created_at`, `updated_at`) VALUES (39, 'consequatur', 1, 90, 78, '3134128', 0, '2018-05-29 14:38:16', '2017-07-18 21:32:08');
INSERT INTO `auto_parts` (`id`, `brand_name`, `catalog_id`, `cars_brands_id`, `user_id`, `part_number`, `is_used`, `created_at`, `updated_at`) VALUES (40, 'fuga', 3, 67, 10, '1633245', 0, '2011-12-03 03:49:34', '2012-01-02 01:14:41');
INSERT INTO `auto_parts` (`id`, `brand_name`, `catalog_id`, `cars_brands_id`, `user_id`, `part_number`, `is_used`, `created_at`, `updated_at`) VALUES (41, 'voluptas', 2, 43, 52, '2389561', 0, '2018-03-28 15:37:18', '2017-12-28 03:03:00');
INSERT INTO `auto_parts` (`id`, `brand_name`, `catalog_id`, `cars_brands_id`, `user_id`, `part_number`, `is_used`, `created_at`, `updated_at`) VALUES (42, 'quidem', 4, 101, 77, '4750294', 0, '2011-09-30 21:27:08', '2015-11-26 01:31:26');
INSERT INTO `auto_parts` (`id`, `brand_name`, `catalog_id`, `cars_brands_id`, `user_id`, `part_number`, `is_used`, `created_at`, `updated_at`) VALUES (43, 'culpa', 4, 15, 12, '8242541', 0, '2012-03-27 00:31:34', '2013-09-24 18:25:28');
INSERT INTO `auto_parts` (`id`, `brand_name`, `catalog_id`, `cars_brands_id`, `user_id`, `part_number`, `is_used`, `created_at`, `updated_at`) VALUES (44, 'iste', 4, 57, 27, '6640213', 0, '2012-10-29 06:56:46', '2013-01-15 07:12:00');
INSERT INTO `auto_parts` (`id`, `brand_name`, `catalog_id`, `cars_brands_id`, `user_id`, `part_number`, `is_used`, `created_at`, `updated_at`) VALUES (45, 'velit', 2, 53, 72, '8155933', 1, '2013-03-10 11:26:07', '2014-07-19 05:45:31');
INSERT INTO `auto_parts` (`id`, `brand_name`, `catalog_id`, `cars_brands_id`, `user_id`, `part_number`, `is_used`, `created_at`, `updated_at`) VALUES (46, 'officiis', 4, 49, 10, '1211077', 1, '2016-12-30 02:42:35', '2013-05-09 06:59:05');
INSERT INTO `auto_parts` (`id`, `brand_name`, `catalog_id`, `cars_brands_id`, `user_id`, `part_number`, `is_used`, `created_at`, `updated_at`) VALUES (47, 'accusamus', 5, 102, 70, '1606714', 1, '2011-06-09 11:00:22', '2015-08-09 05:31:20');
INSERT INTO `auto_parts` (`id`, `brand_name`, `catalog_id`, `cars_brands_id`, `user_id`, `part_number`, `is_used`, `created_at`, `updated_at`) VALUES (48, 'sit', 2, 95, 30, '2243935', 0, '2011-12-25 07:22:39', '2019-03-20 23:44:59');
INSERT INTO `auto_parts` (`id`, `brand_name`, `catalog_id`, `cars_brands_id`, `user_id`, `part_number`, `is_used`, `created_at`, `updated_at`) VALUES (49, 'dolores', 3, 52, 48, '6718747', 1, '2014-04-22 06:55:55', '2011-09-25 00:29:26');
INSERT INTO `auto_parts` (`id`, `brand_name`, `catalog_id`, `cars_brands_id`, `user_id`, `part_number`, `is_used`, `created_at`, `updated_at`) VALUES (50, 'hic', 1, 11, 8, '2649640', 1, '2019-01-31 00:01:45', '2014-06-09 15:53:14');
INSERT INTO `auto_parts` (`id`, `brand_name`, `catalog_id`, `cars_brands_id`, `user_id`, `part_number`, `is_used`, `created_at`, `updated_at`) VALUES (51, 'doloremque', 2, 29, 29, '2037263', 0, '2018-07-07 22:45:19', '2015-08-23 12:59:05');
INSERT INTO `auto_parts` (`id`, `brand_name`, `catalog_id`, `cars_brands_id`, `user_id`, `part_number`, `is_used`, `created_at`, `updated_at`) VALUES (52, 'totam', 3, 74, 52, '4234603', 0, '2019-01-22 10:21:38', '2015-09-07 12:31:47');
INSERT INTO `auto_parts` (`id`, `brand_name`, `catalog_id`, `cars_brands_id`, `user_id`, `part_number`, `is_used`, `created_at`, `updated_at`) VALUES (53, 'nemo', 5, 83, 83, '1846285', 0, '2012-09-26 10:09:03', '2019-09-14 03:40:07');
INSERT INTO `auto_parts` (`id`, `brand_name`, `catalog_id`, `cars_brands_id`, `user_id`, `part_number`, `is_used`, `created_at`, `updated_at`) VALUES (54, 'distinctio', 5, 35, 46, '8943746', 1, '2019-10-29 00:38:58', '2015-05-31 05:56:47');
INSERT INTO `auto_parts` (`id`, `brand_name`, `catalog_id`, `cars_brands_id`, `user_id`, `part_number`, `is_used`, `created_at`, `updated_at`) VALUES (55, 'laborum', 1, 55, 61, '8839912', 1, '2017-08-24 17:52:07', '2012-11-15 18:17:33');
INSERT INTO `auto_parts` (`id`, `brand_name`, `catalog_id`, `cars_brands_id`, `user_id`, `part_number`, `is_used`, `created_at`, `updated_at`) VALUES (56, 'quisquam', 1, 13, 90, '5350424', 1, '2011-09-02 17:40:11', '2014-01-04 16:31:09');
INSERT INTO `auto_parts` (`id`, `brand_name`, `catalog_id`, `cars_brands_id`, `user_id`, `part_number`, `is_used`, `created_at`, `updated_at`) VALUES (57, 'quibusdam', 3, 76, 58, '5142576', 1, '2018-06-02 06:01:24', '2019-03-16 03:59:08');
INSERT INTO `auto_parts` (`id`, `brand_name`, `catalog_id`, `cars_brands_id`, `user_id`, `part_number`, `is_used`, `created_at`, `updated_at`) VALUES (58, 'incidunt', 5, 101, 35, '4703698', 0, '2018-12-08 15:25:29', '2020-09-17 10:12:49');
INSERT INTO `auto_parts` (`id`, `brand_name`, `catalog_id`, `cars_brands_id`, `user_id`, `part_number`, `is_used`, `created_at`, `updated_at`) VALUES (59, 'architecto', 2, 30, 14, '2906577', 1, '2017-08-22 15:13:18', '2020-11-28 03:34:15');
INSERT INTO `auto_parts` (`id`, `brand_name`, `catalog_id`, `cars_brands_id`, `user_id`, `part_number`, `is_used`, `created_at`, `updated_at`) VALUES (60, 'non', 4, 102, 70, '6896765', 1, '2013-06-14 00:10:07', '2013-03-21 03:28:16');
INSERT INTO `auto_parts` (`id`, `brand_name`, `catalog_id`, `cars_brands_id`, `user_id`, `part_number`, `is_used`, `created_at`, `updated_at`) VALUES (61, 'eveniet', 2, 12, 20, '2916400', 0, '2018-08-10 05:46:44', '2014-12-23 01:15:32');
INSERT INTO `auto_parts` (`id`, `brand_name`, `catalog_id`, `cars_brands_id`, `user_id`, `part_number`, `is_used`, `created_at`, `updated_at`) VALUES (62, 'commodi', 4, 20, 62, '7133238', 0, '2013-10-04 11:33:47', '2018-02-16 09:50:04');
INSERT INTO `auto_parts` (`id`, `brand_name`, `catalog_id`, `cars_brands_id`, `user_id`, `part_number`, `is_used`, `created_at`, `updated_at`) VALUES (63, 'sunt', 5, 44, 29, '6297883', 0, '2015-09-08 14:38:06', '2016-03-15 08:48:42');
INSERT INTO `auto_parts` (`id`, `brand_name`, `catalog_id`, `cars_brands_id`, `user_id`, `part_number`, `is_used`, `created_at`, `updated_at`) VALUES (64, 'sed', 1, 50, 49, '2548824', 1, '2011-12-01 05:27:29', '2018-06-01 13:32:00');
INSERT INTO `auto_parts` (`id`, `brand_name`, `catalog_id`, `cars_brands_id`, `user_id`, `part_number`, `is_used`, `created_at`, `updated_at`) VALUES (65, 'inventore', 3, 86, 8, '7584142', 0, '2012-05-13 20:24:01', '2012-11-08 23:22:13');
INSERT INTO `auto_parts` (`id`, `brand_name`, `catalog_id`, `cars_brands_id`, `user_id`, `part_number`, `is_used`, `created_at`, `updated_at`) VALUES (66, 'pariatur', 5, 100, 65, '6311704', 1, '2013-09-04 02:12:42', '2021-02-02 12:28:07');
INSERT INTO `auto_parts` (`id`, `brand_name`, `catalog_id`, `cars_brands_id`, `user_id`, `part_number`, `is_used`, `created_at`, `updated_at`) VALUES (67, 'porro', 3, 55, 12, '4515461', 1, '2020-02-02 05:28:14', '2013-07-09 21:13:57');
INSERT INTO `auto_parts` (`id`, `brand_name`, `catalog_id`, `cars_brands_id`, `user_id`, `part_number`, `is_used`, `created_at`, `updated_at`) VALUES (68, 'officia', 5, 1, 60, '4914641', 0, '2019-09-27 18:20:25', '2014-06-19 04:50:01');
INSERT INTO `auto_parts` (`id`, `brand_name`, `catalog_id`, `cars_brands_id`, `user_id`, `part_number`, `is_used`, `created_at`, `updated_at`) VALUES (69, 'illo', 4, 5, 7, '5414052', 0, '2013-04-01 13:09:52', '2012-02-19 12:48:22');
INSERT INTO `auto_parts` (`id`, `brand_name`, `catalog_id`, `cars_brands_id`, `user_id`, `part_number`, `is_used`, `created_at`, `updated_at`) VALUES (70, 'tempore', 4, 96, 20, '5826055', 1, '2017-01-09 06:19:59', '2018-05-30 03:54:14');
INSERT INTO `auto_parts` (`id`, `brand_name`, `catalog_id`, `cars_brands_id`, `user_id`, `part_number`, `is_used`, `created_at`, `updated_at`) VALUES (71, 'ut', 5, 49, 95, '3243567', 1, '2012-11-14 17:14:22', '2020-07-31 21:14:08');
INSERT INTO `auto_parts` (`id`, `brand_name`, `catalog_id`, `cars_brands_id`, `user_id`, `part_number`, `is_used`, `created_at`, `updated_at`) VALUES (72, 'temporibus', 1, 39, 22, '2211860', 1, '2019-08-05 04:36:04', '2016-01-13 03:44:36');
INSERT INTO `auto_parts` (`id`, `brand_name`, `catalog_id`, `cars_brands_id`, `user_id`, `part_number`, `is_used`, `created_at`, `updated_at`) VALUES (73, 'corrupti', 3, 84, 4, '8014818', 0, '2019-10-21 23:52:15', '2020-10-06 14:45:54');
INSERT INTO `auto_parts` (`id`, `brand_name`, `catalog_id`, `cars_brands_id`, `user_id`, `part_number`, `is_used`, `created_at`, `updated_at`) VALUES (74, 'debitis', 4, 22, 48, '3688331', 1, '2013-03-13 00:18:56', '2014-12-10 05:11:32');
INSERT INTO `auto_parts` (`id`, `brand_name`, `catalog_id`, `cars_brands_id`, `user_id`, `part_number`, `is_used`, `created_at`, `updated_at`) VALUES (75, 'odio', 1, 97, 14, '8503935', 1, '2016-06-07 22:38:00', '2012-06-27 02:49:14');
INSERT INTO `auto_parts` (`id`, `brand_name`, `catalog_id`, `cars_brands_id`, `user_id`, `part_number`, `is_used`, `created_at`, `updated_at`) VALUES (76, 'enim', 2, 1, 73, '7537856', 0, '2012-03-07 19:29:07', '2015-07-19 07:52:59');
INSERT INTO `auto_parts` (`id`, `brand_name`, `catalog_id`, `cars_brands_id`, `user_id`, `part_number`, `is_used`, `created_at`, `updated_at`) VALUES (77, 'nostrum', 3, 24, 98, '3279044', 0, '2017-11-30 17:37:27', '2021-03-20 06:57:53');
INSERT INTO `auto_parts` (`id`, `brand_name`, `catalog_id`, `cars_brands_id`, `user_id`, `part_number`, `is_used`, `created_at`, `updated_at`) VALUES (78, 'autem', 5, 17, 85, '3226755', 0, '2020-04-25 18:58:52', '2014-10-14 16:52:33');
INSERT INTO `auto_parts` (`id`, `brand_name`, `catalog_id`, `cars_brands_id`, `user_id`, `part_number`, `is_used`, `created_at`, `updated_at`) VALUES (79, 'dolorum', 2, 52, 41, '3086015', 1, '2012-10-02 19:49:59', '2012-09-04 00:56:39');
INSERT INTO `auto_parts` (`id`, `brand_name`, `catalog_id`, `cars_brands_id`, `user_id`, `part_number`, `is_used`, `created_at`, `updated_at`) VALUES (80, 'earum', 2, 10, 76, '7486268', 0, '2019-03-22 20:14:55', '2012-03-10 07:36:08');
INSERT INTO `auto_parts` (`id`, `brand_name`, `catalog_id`, `cars_brands_id`, `user_id`, `part_number`, `is_used`, `created_at`, `updated_at`) VALUES (81, 'numquam', 1, 25, 54, '1361109', 1, '2017-05-13 17:28:52', '2015-12-03 21:42:31');
INSERT INTO `auto_parts` (`id`, `brand_name`, `catalog_id`, `cars_brands_id`, `user_id`, `part_number`, `is_used`, `created_at`, `updated_at`) VALUES (82, 'facere', 5, 109, 35, '3223265', 1, '2018-06-20 12:36:00', '2013-04-03 13:59:19');
INSERT INTO `auto_parts` (`id`, `brand_name`, `catalog_id`, `cars_brands_id`, `user_id`, `part_number`, `is_used`, `created_at`, `updated_at`) VALUES (83, 'assumenda', 3, 50, 13, '6848448', 1, '2018-05-05 23:08:23', '2020-11-21 19:49:52');
INSERT INTO `auto_parts` (`id`, `brand_name`, `catalog_id`, `cars_brands_id`, `user_id`, `part_number`, `is_used`, `created_at`, `updated_at`) VALUES (84, 'mollitia', 2, 50, 89, '8932339', 1, '2014-07-01 05:36:28', '2020-11-04 15:41:12');
INSERT INTO `auto_parts` (`id`, `brand_name`, `catalog_id`, `cars_brands_id`, `user_id`, `part_number`, `is_used`, `created_at`, `updated_at`) VALUES (85, 'exercitationem', 3, 72, 69, '6033013', 0, '2020-05-14 07:26:20', '2020-01-06 22:53:21');
INSERT INTO `auto_parts` (`id`, `brand_name`, `catalog_id`, `cars_brands_id`, `user_id`, `part_number`, `is_used`, `created_at`, `updated_at`) VALUES (86, 'alias', 5, 9, 89, '1441161', 0, '2015-05-18 04:22:35', '2020-10-23 01:46:01');
INSERT INTO `auto_parts` (`id`, `brand_name`, `catalog_id`, `cars_brands_id`, `user_id`, `part_number`, `is_used`, `created_at`, `updated_at`) VALUES (87, 'ipsam', 1, 79, 46, '8855700', 1, '2015-05-26 06:05:48', '2015-08-28 16:48:17');
INSERT INTO `auto_parts` (`id`, `brand_name`, `catalog_id`, `cars_brands_id`, `user_id`, `part_number`, `is_used`, `created_at`, `updated_at`) VALUES (88, 'ea', 5, 16, 96, '8893062', 0, '2013-12-28 06:38:06', '2017-07-15 18:24:40');
INSERT INTO `auto_parts` (`id`, `brand_name`, `catalog_id`, `cars_brands_id`, `user_id`, `part_number`, `is_used`, `created_at`, `updated_at`) VALUES (89, 'voluptatem', 4, 89, 84, '8767040', 0, '2011-08-14 16:24:41', '2012-07-13 16:26:22');
INSERT INTO `auto_parts` (`id`, `brand_name`, `catalog_id`, `cars_brands_id`, `user_id`, `part_number`, `is_used`, `created_at`, `updated_at`) VALUES (90, 'cumque', 5, 73, 36, '1356446', 0, '2013-02-28 09:11:30', '2013-02-20 15:38:01');
INSERT INTO `auto_parts` (`id`, `brand_name`, `catalog_id`, `cars_brands_id`, `user_id`, `part_number`, `is_used`, `created_at`, `updated_at`) VALUES (91, 'iure', 3, 1, 58, '7880988', 1, '2012-12-22 04:52:16', '2016-10-12 16:37:19');
INSERT INTO `auto_parts` (`id`, `brand_name`, `catalog_id`, `cars_brands_id`, `user_id`, `part_number`, `is_used`, `created_at`, `updated_at`) VALUES (92, 'repellat', 5, 76, 92, '5711146', 0, '2016-08-26 10:49:40', '2017-08-20 07:48:18');
INSERT INTO `auto_parts` (`id`, `brand_name`, `catalog_id`, `cars_brands_id`, `user_id`, `part_number`, `is_used`, `created_at`, `updated_at`) VALUES (93, 'est', 4, 1, 55, '1734938', 1, '2013-03-02 21:13:44', '2014-07-22 08:53:14');
INSERT INTO `auto_parts` (`id`, `brand_name`, `catalog_id`, `cars_brands_id`, `user_id`, `part_number`, `is_used`, `created_at`, `updated_at`) VALUES (94, 'eum', 3, 96, 62, '8304884', 1, '2017-11-07 18:49:51', '2021-01-08 21:08:13');
INSERT INTO `auto_parts` (`id`, `brand_name`, `catalog_id`, `cars_brands_id`, `user_id`, `part_number`, `is_used`, `created_at`, `updated_at`) VALUES (95, 'sapiente', 2, 34, 70, '5687268', 0, '2017-03-23 06:55:57', '2016-11-03 00:36:28');
INSERT INTO `auto_parts` (`id`, `brand_name`, `catalog_id`, `cars_brands_id`, `user_id`, `part_number`, `is_used`, `created_at`, `updated_at`) VALUES (96, 'facilis', 5, 8, 27, '2324037', 1, '2016-06-23 09:57:53', '2020-05-20 10:14:53');
INSERT INTO `auto_parts` (`id`, `brand_name`, `catalog_id`, `cars_brands_id`, `user_id`, `part_number`, `is_used`, `created_at`, `updated_at`) VALUES (97, 'ab', 3, 41, 54, '4826014', 1, '2021-02-01 19:21:02', '2013-08-06 07:59:14');
INSERT INTO `auto_parts` (`id`, `brand_name`, `catalog_id`, `cars_brands_id`, `user_id`, `part_number`, `is_used`, `created_at`, `updated_at`) VALUES (98, 'eligendi', 2, 61, 52, '5299753', 1, '2020-04-26 07:16:08', '2012-05-27 02:11:37');
INSERT INTO `auto_parts` (`id`, `brand_name`, `catalog_id`, `cars_brands_id`, `user_id`, `part_number`, `is_used`, `created_at`, `updated_at`) VALUES (99, 'excepturi', 2, 104, 50, '8465496', 0, '2017-07-07 03:56:04', '2011-07-11 05:20:11');
INSERT INTO `auto_parts` (`id`, `brand_name`, `catalog_id`, `cars_brands_id`, `user_id`, `part_number`, `is_used`, `created_at`, `updated_at`) VALUES (100, 'accusantium', 3, 97, 29, '2866971', 1, '2015-02-25 17:34:36', '2016-01-04 09:02:33');

INSERT INTO `cars_models` (`id`, `cars_brands_id`, `name`, `created_at`, `updated_at`) VALUES (1, 1, 'quis', '2019-09-20 12:22:01', '2011-05-19 19:30:21');
INSERT INTO `cars_models` (`id`, `cars_brands_id`, `name`, `created_at`, `updated_at`) VALUES (2, 2, 'maxime', '2018-06-14 11:25:29', '2014-10-09 03:59:13');
INSERT INTO `cars_models` (`id`, `cars_brands_id`, `name`, `created_at`, `updated_at`) VALUES (3, 3, 'animi', '2017-10-03 11:17:23', '2018-01-17 04:20:40');
INSERT INTO `cars_models` (`id`, `cars_brands_id`, `name`, `created_at`, `updated_at`) VALUES (4, 4, 'praesentium', '2018-03-23 03:49:23', '2014-08-04 15:18:42');
INSERT INTO `cars_models` (`id`, `cars_brands_id`, `name`, `created_at`, `updated_at`) VALUES (5, 5, 'accusamus', '2013-01-22 06:10:08', '2016-10-24 05:40:42');
INSERT INTO `cars_models` (`id`, `cars_brands_id`, `name`, `created_at`, `updated_at`) VALUES (6, 6, 'delectus', '2017-12-12 00:43:40', '2011-10-01 04:59:07');
INSERT INTO `cars_models` (`id`, `cars_brands_id`, `name`, `created_at`, `updated_at`) VALUES (7, 7, 'qui', '2017-05-22 16:46:01', '2018-09-02 20:58:41');
INSERT INTO `cars_models` (`id`, `cars_brands_id`, `name`, `created_at`, `updated_at`) VALUES (8, 8, 'quia', '2011-07-24 23:26:20', '2013-06-06 16:24:53');
INSERT INTO `cars_models` (`id`, `cars_brands_id`, `name`, `created_at`, `updated_at`) VALUES (9, 9, 'facere', '2013-04-17 12:30:50', '2019-01-27 21:24:30');
INSERT INTO `cars_models` (`id`, `cars_brands_id`, `name`, `created_at`, `updated_at`) VALUES (10, 10, 'omnis', '2020-05-23 17:38:38', '2016-09-19 11:47:45');
INSERT INTO `cars_models` (`id`, `cars_brands_id`, `name`, `created_at`, `updated_at`) VALUES (11, 11, 'dolores', '2014-10-30 13:54:01', '2020-10-27 23:14:34');
INSERT INTO `cars_models` (`id`, `cars_brands_id`, `name`, `created_at`, `updated_at`) VALUES (12, 12, 'sit', '2012-02-12 23:32:37', '2020-06-09 13:22:48');
INSERT INTO `cars_models` (`id`, `cars_brands_id`, `name`, `created_at`, `updated_at`) VALUES (13, 13, 'ut', '2012-06-13 03:43:24', '2018-12-23 11:18:07');
INSERT INTO `cars_models` (`id`, `cars_brands_id`, `name`, `created_at`, `updated_at`) VALUES (14, 14, 'nihil', '2012-05-24 10:57:32', '2016-04-04 10:22:15');
INSERT INTO `cars_models` (`id`, `cars_brands_id`, `name`, `created_at`, `updated_at`) VALUES (15, 15, 'nisi', '2019-12-01 03:40:37', '2014-05-17 14:47:24');
INSERT INTO `cars_models` (`id`, `cars_brands_id`, `name`, `created_at`, `updated_at`) VALUES (16, 16, 'et', '2017-03-25 15:38:46', '2012-11-24 14:05:48');
INSERT INTO `cars_models` (`id`, `cars_brands_id`, `name`, `created_at`, `updated_at`) VALUES (17, 17, 'in', '2016-06-03 17:17:29', '2012-01-05 01:24:09');
INSERT INTO `cars_models` (`id`, `cars_brands_id`, `name`, `created_at`, `updated_at`) VALUES (18, 18, 'soluta', '2011-12-11 22:00:23', '2017-03-20 17:14:46');
INSERT INTO `cars_models` (`id`, `cars_brands_id`, `name`, `created_at`, `updated_at`) VALUES (19, 19, 'itaque', '2017-05-05 15:41:48', '2021-04-15 17:27:27');
INSERT INTO `cars_models` (`id`, `cars_brands_id`, `name`, `created_at`, `updated_at`) VALUES (20, 20, 'fugit', '2014-03-31 17:48:43', '2016-04-21 12:54:32');
INSERT INTO `cars_models` (`id`, `cars_brands_id`, `name`, `created_at`, `updated_at`) VALUES (21, 21, 'provident', '2018-12-20 17:12:02', '2017-10-19 14:06:53');
INSERT INTO `cars_models` (`id`, `cars_brands_id`, `name`, `created_at`, `updated_at`) VALUES (22, 22, 'repellat', '2015-03-10 01:31:07', '2015-08-09 19:23:28');
INSERT INTO `cars_models` (`id`, `cars_brands_id`, `name`, `created_at`, `updated_at`) VALUES (23, 23, 'quo', '2017-03-22 17:15:27', '2012-01-31 12:13:31');
INSERT INTO `cars_models` (`id`, `cars_brands_id`, `name`, `created_at`, `updated_at`) VALUES (24, 24, 'consequatur', '2018-12-11 19:17:17', '2020-01-29 01:36:54');
INSERT INTO `cars_models` (`id`, `cars_brands_id`, `name`, `created_at`, `updated_at`) VALUES (25, 25, 'aut', '2019-12-02 23:27:13', '2016-11-28 06:26:20');
INSERT INTO `cars_models` (`id`, `cars_brands_id`, `name`, `created_at`, `updated_at`) VALUES (26, 26, 'sed', '2019-04-19 17:08:40', '2014-06-08 20:44:44');
INSERT INTO `cars_models` (`id`, `cars_brands_id`, `name`, `created_at`, `updated_at`) VALUES (27, 27, 'quidem', '2016-06-22 06:35:31', '2014-07-01 03:58:49');
INSERT INTO `cars_models` (`id`, `cars_brands_id`, `name`, `created_at`, `updated_at`) VALUES (28, 28, 'tenetur', '2012-01-09 08:51:46', '2020-09-27 13:10:25');
INSERT INTO `cars_models` (`id`, `cars_brands_id`, `name`, `created_at`, `updated_at`) VALUES (29, 29, 'ipsam', '2016-10-28 08:41:48', '2018-11-15 09:10:30');
INSERT INTO `cars_models` (`id`, `cars_brands_id`, `name`, `created_at`, `updated_at`) VALUES (30, 30, 'voluptatibus', '2013-06-11 07:32:47', '2013-06-26 12:49:29');
INSERT INTO `cars_models` (`id`, `cars_brands_id`, `name`, `created_at`, `updated_at`) VALUES (31, 31, 'dolorem', '2012-03-02 07:33:23', '2012-04-23 11:22:29');
INSERT INTO `cars_models` (`id`, `cars_brands_id`, `name`, `created_at`, `updated_at`) VALUES (32, 32, 'ullam', '2015-01-20 22:39:44', '2013-05-20 00:27:08');
INSERT INTO `cars_models` (`id`, `cars_brands_id`, `name`, `created_at`, `updated_at`) VALUES (33, 33, 'vel', '2016-07-31 10:57:49', '2017-04-02 02:11:01');
INSERT INTO `cars_models` (`id`, `cars_brands_id`, `name`, `created_at`, `updated_at`) VALUES (34, 34, 'asperiores', '2017-11-22 09:04:25', '2013-01-14 15:30:43');
INSERT INTO `cars_models` (`id`, `cars_brands_id`, `name`, `created_at`, `updated_at`) VALUES (35, 35, 'nostrum', '2018-04-19 19:00:37', '2019-10-10 17:14:56');
INSERT INTO `cars_models` (`id`, `cars_brands_id`, `name`, `created_at`, `updated_at`) VALUES (36, 36, 'rerum', '2019-10-20 00:11:47', '2016-02-24 19:30:19');
INSERT INTO `cars_models` (`id`, `cars_brands_id`, `name`, `created_at`, `updated_at`) VALUES (37, 37, 'esse', '2015-11-15 04:09:21', '2013-08-10 11:48:13');
INSERT INTO `cars_models` (`id`, `cars_brands_id`, `name`, `created_at`, `updated_at`) VALUES (38, 38, 'nemo', '2014-05-31 22:49:49', '2019-08-01 18:36:28');
INSERT INTO `cars_models` (`id`, `cars_brands_id`, `name`, `created_at`, `updated_at`) VALUES (39, 39, 'placeat', '2016-05-25 03:16:47', '2014-01-17 18:03:49');
INSERT INTO `cars_models` (`id`, `cars_brands_id`, `name`, `created_at`, `updated_at`) VALUES (40, 40, 'ratione', '2013-08-15 22:40:01', '2021-04-12 23:13:01');
INSERT INTO `cars_models` (`id`, `cars_brands_id`, `name`, `created_at`, `updated_at`) VALUES (41, 41, 'veniam', '2014-06-23 06:52:23', '2018-04-23 18:45:33');
INSERT INTO `cars_models` (`id`, `cars_brands_id`, `name`, `created_at`, `updated_at`) VALUES (42, 42, 'doloremque', '2020-01-26 05:58:34', '2019-10-01 15:54:07');
INSERT INTO `cars_models` (`id`, `cars_brands_id`, `name`, `created_at`, `updated_at`) VALUES (43, 43, 'iste', '2019-10-25 13:16:18', '2015-02-18 05:02:56');
INSERT INTO `cars_models` (`id`, `cars_brands_id`, `name`, `created_at`, `updated_at`) VALUES (44, 44, 'voluptatem', '2012-03-11 09:56:39', '2014-10-30 05:26:29');
INSERT INTO `cars_models` (`id`, `cars_brands_id`, `name`, `created_at`, `updated_at`) VALUES (45, 45, 'pariatur', '2012-10-27 17:01:31', '2012-09-28 21:55:08');
INSERT INTO `cars_models` (`id`, `cars_brands_id`, `name`, `created_at`, `updated_at`) VALUES (46, 46, 'quae', '2017-09-02 01:15:08', '2012-04-20 08:27:11');
INSERT INTO `cars_models` (`id`, `cars_brands_id`, `name`, `created_at`, `updated_at`) VALUES (47, 47, 'maiores', '2021-03-22 08:10:33', '2015-05-06 09:00:23');
INSERT INTO `cars_models` (`id`, `cars_brands_id`, `name`, `created_at`, `updated_at`) VALUES (48, 48, 'impedit', '2021-02-22 20:45:31', '2012-08-06 09:22:47');
INSERT INTO `cars_models` (`id`, `cars_brands_id`, `name`, `created_at`, `updated_at`) VALUES (49, 49, 'illo', '2019-04-13 23:38:08', '2014-09-25 03:34:37');
INSERT INTO `cars_models` (`id`, `cars_brands_id`, `name`, `created_at`, `updated_at`) VALUES (50, 50, 'ea', '2020-04-24 02:41:50', '2019-10-07 15:03:08');
INSERT INTO `cars_models` (`id`, `cars_brands_id`, `name`, `created_at`, `updated_at`) VALUES (51, 51, 'amet', '2015-09-05 23:02:59', '2018-08-21 12:46:45');
INSERT INTO `cars_models` (`id`, `cars_brands_id`, `name`, `created_at`, `updated_at`) VALUES (52, 52, 'vitae', '2011-12-20 12:47:44', '2020-02-25 14:46:40');
INSERT INTO `cars_models` (`id`, `cars_brands_id`, `name`, `created_at`, `updated_at`) VALUES (53, 53, 'veritatis', '2018-06-13 14:45:48', '2016-03-01 01:55:13');
INSERT INTO `cars_models` (`id`, `cars_brands_id`, `name`, `created_at`, `updated_at`) VALUES (54, 54, 'adipisci', '2018-02-11 15:42:57', '2021-01-28 06:39:28');
INSERT INTO `cars_models` (`id`, `cars_brands_id`, `name`, `created_at`, `updated_at`) VALUES (55, 55, 'explicabo', '2014-09-09 00:32:36', '2015-11-10 17:24:58');
INSERT INTO `cars_models` (`id`, `cars_brands_id`, `name`, `created_at`, `updated_at`) VALUES (56, 56, 'cum', '2012-01-07 04:04:21', '2017-08-29 23:30:42');
INSERT INTO `cars_models` (`id`, `cars_brands_id`, `name`, `created_at`, `updated_at`) VALUES (57, 57, 'necessitatibus', '2015-09-08 10:31:55', '2017-01-31 13:16:21');
INSERT INTO `cars_models` (`id`, `cars_brands_id`, `name`, `created_at`, `updated_at`) VALUES (58, 58, 'ipsa', '2012-08-30 04:54:59', '2017-03-30 17:43:30');
INSERT INTO `cars_models` (`id`, `cars_brands_id`, `name`, `created_at`, `updated_at`) VALUES (59, 59, 'saepe', '2014-11-03 05:27:52', '2012-03-12 18:00:43');
INSERT INTO `cars_models` (`id`, `cars_brands_id`, `name`, `created_at`, `updated_at`) VALUES (60, 60, 'molestiae', '2018-08-26 18:26:16', '2017-08-07 15:54:01');
INSERT INTO `cars_models` (`id`, `cars_brands_id`, `name`, `created_at`, `updated_at`) VALUES (61, 61, 'ad', '2012-12-01 07:43:41', '2017-08-12 14:10:57');
INSERT INTO `cars_models` (`id`, `cars_brands_id`, `name`, `created_at`, `updated_at`) VALUES (62, 62, 'odit', '2014-09-05 04:55:35', '2011-05-29 20:43:43');
INSERT INTO `cars_models` (`id`, `cars_brands_id`, `name`, `created_at`, `updated_at`) VALUES (63, 63, 'quam', '2013-09-02 11:49:01', '2018-04-06 17:50:49');
INSERT INTO `cars_models` (`id`, `cars_brands_id`, `name`, `created_at`, `updated_at`) VALUES (64, 64, 'autem', '2016-01-14 01:42:49', '2016-08-16 01:34:48');
INSERT INTO `cars_models` (`id`, `cars_brands_id`, `name`, `created_at`, `updated_at`) VALUES (65, 65, 'corrupti', '2020-01-03 16:05:31', '2020-12-10 02:49:40');
INSERT INTO `cars_models` (`id`, `cars_brands_id`, `name`, `created_at`, `updated_at`) VALUES (66, 66, 'minima', '2017-10-19 13:55:23', '2018-07-26 10:32:35');
INSERT INTO `cars_models` (`id`, `cars_brands_id`, `name`, `created_at`, `updated_at`) VALUES (67, 67, 'reiciendis', '2015-06-07 05:09:10', '2011-05-18 09:51:42');
INSERT INTO `cars_models` (`id`, `cars_brands_id`, `name`, `created_at`, `updated_at`) VALUES (68, 68, 'fuga', '2015-11-16 21:07:33', '2012-11-17 21:42:28');
INSERT INTO `cars_models` (`id`, `cars_brands_id`, `name`, `created_at`, `updated_at`) VALUES (69, 69, 'totam', '2014-08-17 23:32:50', '2013-12-06 10:44:17');
INSERT INTO `cars_models` (`id`, `cars_brands_id`, `name`, `created_at`, `updated_at`) VALUES (70, 70, 'dolorum', '2012-03-04 08:38:22', '2021-03-15 00:20:26');
INSERT INTO `cars_models` (`id`, `cars_brands_id`, `name`, `created_at`, `updated_at`) VALUES (71, 71, 'nesciunt', '2014-04-15 20:30:25', '2016-12-03 03:05:31');
INSERT INTO `cars_models` (`id`, `cars_brands_id`, `name`, `created_at`, `updated_at`) VALUES (72, 72, 'eveniet', '2017-10-12 22:10:21', '2014-05-14 05:09:06');
INSERT INTO `cars_models` (`id`, `cars_brands_id`, `name`, `created_at`, `updated_at`) VALUES (73, 73, 'quos', '2013-07-07 09:54:00', '2012-01-23 10:07:47');
INSERT INTO `cars_models` (`id`, `cars_brands_id`, `name`, `created_at`, `updated_at`) VALUES (74, 74, 'molestias', '2012-07-29 21:04:49', '2015-02-02 11:12:25');
INSERT INTO `cars_models` (`id`, `cars_brands_id`, `name`, `created_at`, `updated_at`) VALUES (75, 75, 'quisquam', '2011-08-17 04:16:53', '2013-10-26 00:59:53');
INSERT INTO `cars_models` (`id`, `cars_brands_id`, `name`, `created_at`, `updated_at`) VALUES (76, 76, 'cupiditate', '2018-12-21 17:18:57', '2019-06-27 13:21:53');
INSERT INTO `cars_models` (`id`, `cars_brands_id`, `name`, `created_at`, `updated_at`) VALUES (77, 77, 'hic', '2018-05-03 15:49:26', '2013-11-04 10:51:06');
INSERT INTO `cars_models` (`id`, `cars_brands_id`, `name`, `created_at`, `updated_at`) VALUES (78, 78, 'iure', '2014-09-19 19:44:05', '2013-11-11 15:02:58');
INSERT INTO `cars_models` (`id`, `cars_brands_id`, `name`, `created_at`, `updated_at`) VALUES (79, 79, 'quaerat', '2014-09-22 02:46:34', '2014-01-10 02:42:24');
INSERT INTO `cars_models` (`id`, `cars_brands_id`, `name`, `created_at`, `updated_at`) VALUES (80, 80, 'eos', '2016-07-09 01:55:46', '2017-12-15 04:47:54');
INSERT INTO `cars_models` (`id`, `cars_brands_id`, `name`, `created_at`, `updated_at`) VALUES (81, 81, 'deserunt', '2020-06-22 23:58:26', '2012-06-02 11:29:06');
INSERT INTO `cars_models` (`id`, `cars_brands_id`, `name`, `created_at`, `updated_at`) VALUES (82, 82, 'blanditiis', '2018-03-02 04:47:09', '2015-06-03 17:03:18');
INSERT INTO `cars_models` (`id`, `cars_brands_id`, `name`, `created_at`, `updated_at`) VALUES (83, 83, 'recusandae', '2015-03-27 06:16:05', '2019-07-16 07:40:23');
INSERT INTO `cars_models` (`id`, `cars_brands_id`, `name`, `created_at`, `updated_at`) VALUES (84, 84, 'architecto', '2017-01-12 16:36:29', '2012-03-26 17:36:22');
INSERT INTO `cars_models` (`id`, `cars_brands_id`, `name`, `created_at`, `updated_at`) VALUES (85, 85, 'mollitia', '2016-10-06 10:50:19', '2012-11-20 22:44:46');
INSERT INTO `cars_models` (`id`, `cars_brands_id`, `name`, `created_at`, `updated_at`) VALUES (86, 86, 'id', '2017-03-14 05:56:03', '2018-05-02 04:52:30');
INSERT INTO `cars_models` (`id`, `cars_brands_id`, `name`, `created_at`, `updated_at`) VALUES (87, 87, 'aliquam', '2018-07-28 14:17:59', '2019-10-27 09:13:37');
INSERT INTO `cars_models` (`id`, `cars_brands_id`, `name`, `created_at`, `updated_at`) VALUES (88, 88, 'illum', '2017-11-08 16:22:35', '2017-02-03 03:31:00');
INSERT INTO `cars_models` (`id`, `cars_brands_id`, `name`, `created_at`, `updated_at`) VALUES (89, 89, 'deleniti', '2019-05-24 07:53:32', '2016-07-23 05:06:06');
INSERT INTO `cars_models` (`id`, `cars_brands_id`, `name`, `created_at`, `updated_at`) VALUES (90, 90, 'non', '2020-10-31 03:42:17', '2011-07-30 07:50:33');
INSERT INTO `cars_models` (`id`, `cars_brands_id`, `name`, `created_at`, `updated_at`) VALUES (91, 91, 'modi', '2013-09-29 20:51:23', '2015-05-14 13:42:56');
INSERT INTO `cars_models` (`id`, `cars_brands_id`, `name`, `created_at`, `updated_at`) VALUES (92, 92, 'ducimus', '2020-03-20 06:04:03', '2012-09-12 01:12:02');
INSERT INTO `cars_models` (`id`, `cars_brands_id`, `name`, `created_at`, `updated_at`) VALUES (93, 93, 'voluptates', '2016-06-01 02:51:17', '2013-10-29 04:33:01');
INSERT INTO `cars_models` (`id`, `cars_brands_id`, `name`, `created_at`, `updated_at`) VALUES (94, 94, 'voluptate', '2015-04-28 11:54:27', '2012-11-18 16:56:26');
INSERT INTO `cars_models` (`id`, `cars_brands_id`, `name`, `created_at`, `updated_at`) VALUES (95, 95, 'facilis', '2021-01-02 03:07:53', '2015-07-06 20:44:53');
INSERT INTO `cars_models` (`id`, `cars_brands_id`, `name`, `created_at`, `updated_at`) VALUES (96, 96, 'quasi', '2012-10-14 23:22:04', '2020-11-29 15:43:46');
INSERT INTO `cars_models` (`id`, `cars_brands_id`, `name`, `created_at`, `updated_at`) VALUES (97, 97, 'commodi', '2016-06-22 19:30:47', '2017-10-07 11:12:37');
INSERT INTO `cars_models` (`id`, `cars_brands_id`, `name`, `created_at`, `updated_at`) VALUES (98, 98, 'debitis', '2013-09-30 14:28:23', '2018-10-30 23:04:29');
INSERT INTO `cars_models` (`id`, `cars_brands_id`, `name`, `created_at`, `updated_at`) VALUES (99, 99, 'reprehenderit', '2018-05-11 15:25:48', '2020-07-06 15:19:45');
INSERT INTO `cars_models` (`id`, `cars_brands_id`, `name`, `created_at`, `updated_at`) VALUES (100, 100, 'distinctio', '2019-08-27 02:55:45', '2018-03-18 01:21:19');

INSERT INTO `cars` (`id`, `user_id`, `cars_models_id`, `cars_colours_id`, `release_date`, `fuel_type`, `is_electric`, `engine_power`, `created_at`, `updated_at`) VALUES (1, 5, 100, 1, '2006', 'diesel', 1, '322', '2020-01-23 05:12:53', '2021-02-07 19:46:19');
INSERT INTO `cars` (`id`, `user_id`, `cars_models_id`, `cars_colours_id`, `release_date`, `fuel_type`, `is_electric`, `engine_power`, `created_at`, `updated_at`) VALUES (2, 84, 27, 2, '2014', 'petrol', 1, '215', '2012-11-13 12:53:20', '2018-10-10 14:56:25');
INSERT INTO `cars` (`id`, `user_id`, `cars_models_id`, `cars_colours_id`, `release_date`, `fuel_type`, `is_electric`, `engine_power`, `created_at`, `updated_at`) VALUES (3, 12, 47, 3, '2009', 'petrol', 0, '444', '2020-08-19 19:04:27', '2017-05-14 20:40:18');
INSERT INTO `cars` (`id`, `user_id`, `cars_models_id`, `cars_colours_id`, `release_date`, `fuel_type`, `is_electric`, `engine_power`, `created_at`, `updated_at`) VALUES (4, 3, 72, 4, '2019', 'petrol', 0, '425', '2016-02-09 14:26:38', '2017-08-05 15:46:38');
INSERT INTO `cars` (`id`, `user_id`, `cars_models_id`, `cars_colours_id`, `release_date`, `fuel_type`, `is_electric`, `engine_power`, `created_at`, `updated_at`) VALUES (5, 38, 53, 5, '2010', 'petrol', 1, '380', '2014-10-13 13:19:33', '2018-07-20 18:37:29');
INSERT INTO `cars` (`id`, `user_id`, `cars_models_id`, `cars_colours_id`, `release_date`, `fuel_type`, `is_electric`, `engine_power`, `created_at`, `updated_at`) VALUES (6, 32, 82, 6, '2018', 'diesel', 0, '188', '2018-08-17 22:59:13', '2012-04-14 03:01:33');
INSERT INTO `cars` (`id`, `user_id`, `cars_models_id`, `cars_colours_id`, `release_date`, `fuel_type`, `is_electric`, `engine_power`, `created_at`, `updated_at`) VALUES (7, 80, 51, 7, '1992', 'petrol', 0, '366', '2013-02-05 14:18:02', '2011-06-27 05:54:25');
INSERT INTO `cars` (`id`, `user_id`, `cars_models_id`, `cars_colours_id`, `release_date`, `fuel_type`, `is_electric`, `engine_power`, `created_at`, `updated_at`) VALUES (8, 13, 51, 8, '2005', 'petrol', 1, '136', '2013-03-01 17:50:03', '2019-05-07 10:42:22');
INSERT INTO `cars` (`id`, `user_id`, `cars_models_id`, `cars_colours_id`, `release_date`, `fuel_type`, `is_electric`, `engine_power`, `created_at`, `updated_at`) VALUES (9, 72, 55, 9, '2002', 'petrol', 1, '178', '2015-05-17 23:41:36', '2017-05-23 12:29:15');
INSERT INTO `cars` (`id`, `user_id`, `cars_models_id`, `cars_colours_id`, `release_date`, `fuel_type`, `is_electric`, `engine_power`, `created_at`, `updated_at`) VALUES (10, 88, 38, 10, '2018', 'petrol', 1, '214', '2015-09-06 04:24:13', '2019-01-09 09:22:35');
INSERT INTO `cars` (`id`, `user_id`, `cars_models_id`, `cars_colours_id`, `release_date`, `fuel_type`, `is_electric`, `engine_power`, `created_at`, `updated_at`) VALUES (11, 15, 92, 11, '2021', 'diesel', 1, '289', '2016-02-17 17:46:16', '2018-06-01 13:03:47');
INSERT INTO `cars` (`id`, `user_id`, `cars_models_id`, `cars_colours_id`, `release_date`, `fuel_type`, `is_electric`, `engine_power`, `created_at`, `updated_at`) VALUES (12, 51, 61, 12, '2009', 'petrol', 0, '111', '2018-12-15 08:58:50', '2013-02-09 05:12:38');
INSERT INTO `cars` (`id`, `user_id`, `cars_models_id`, `cars_colours_id`, `release_date`, `fuel_type`, `is_electric`, `engine_power`, `created_at`, `updated_at`) VALUES (13, 100, 53, 1, '1993', 'petrol', 1, '474', '2020-05-17 07:41:29', '2021-03-07 01:01:31');
INSERT INTO `cars` (`id`, `user_id`, `cars_models_id`, `cars_colours_id`, `release_date`, `fuel_type`, `is_electric`, `engine_power`, `created_at`, `updated_at`) VALUES (14, 28, 52, 2, '2002', 'petrol', 0, '152', '2013-05-19 00:04:46', '2018-08-20 12:32:25');
INSERT INTO `cars` (`id`, `user_id`, `cars_models_id`, `cars_colours_id`, `release_date`, `fuel_type`, `is_electric`, `engine_power`, `created_at`, `updated_at`) VALUES (15, 68, 32, 3, '1993', 'diesel', 1, '351', '2012-07-29 09:55:31', '2015-01-04 01:03:36');
INSERT INTO `cars` (`id`, `user_id`, `cars_models_id`, `cars_colours_id`, `release_date`, `fuel_type`, `is_electric`, `engine_power`, `created_at`, `updated_at`) VALUES (16, 17, 99, 4, '2019', 'petrol', 0, '107', '2014-07-28 03:15:29', '2018-07-09 08:49:11');
INSERT INTO `cars` (`id`, `user_id`, `cars_models_id`, `cars_colours_id`, `release_date`, `fuel_type`, `is_electric`, `engine_power`, `created_at`, `updated_at`) VALUES (17, 28, 24, 5, '2017', 'petrol', 0, '457', '2019-02-10 07:35:53', '2013-11-30 21:29:34');
INSERT INTO `cars` (`id`, `user_id`, `cars_models_id`, `cars_colours_id`, `release_date`, `fuel_type`, `is_electric`, `engine_power`, `created_at`, `updated_at`) VALUES (18, 80, 2, 6, '2014', 'petrol', 1, '227', '2014-12-14 15:53:46', '2019-09-16 01:23:46');
INSERT INTO `cars` (`id`, `user_id`, `cars_models_id`, `cars_colours_id`, `release_date`, `fuel_type`, `is_electric`, `engine_power`, `created_at`, `updated_at`) VALUES (19, 55, 52, 7, '2014', 'diesel', 0, '357', '2018-12-14 05:28:18', '2015-09-11 02:27:02');
INSERT INTO `cars` (`id`, `user_id`, `cars_models_id`, `cars_colours_id`, `release_date`, `fuel_type`, `is_electric`, `engine_power`, `created_at`, `updated_at`) VALUES (20, 45, 86, 8, '2008', 'diesel', 0, '157', '2013-10-29 01:51:44', '2016-12-10 21:54:08');
INSERT INTO `cars` (`id`, `user_id`, `cars_models_id`, `cars_colours_id`, `release_date`, `fuel_type`, `is_electric`, `engine_power`, `created_at`, `updated_at`) VALUES (21, 13, 51, 9, '1993', 'petrol', 0, '271', '2014-05-26 15:40:08', '2013-06-02 16:16:31');
INSERT INTO `cars` (`id`, `user_id`, `cars_models_id`, `cars_colours_id`, `release_date`, `fuel_type`, `is_electric`, `engine_power`, `created_at`, `updated_at`) VALUES (22, 14, 32, 10, '2020', 'diesel', 0, '144', '2012-03-23 05:47:22', '2019-01-15 14:58:13');
INSERT INTO `cars` (`id`, `user_id`, `cars_models_id`, `cars_colours_id`, `release_date`, `fuel_type`, `is_electric`, `engine_power`, `created_at`, `updated_at`) VALUES (23, 99, 43, 11, '2000', 'petrol', 0, '207', '2020-08-04 20:40:36', '2015-06-24 22:00:12');
INSERT INTO `cars` (`id`, `user_id`, `cars_models_id`, `cars_colours_id`, `release_date`, `fuel_type`, `is_electric`, `engine_power`, `created_at`, `updated_at`) VALUES (24, 75, 82, 12, '2017', 'diesel', 1, '185', '2020-07-18 09:26:56', '2012-05-04 01:49:19');
INSERT INTO `cars` (`id`, `user_id`, `cars_models_id`, `cars_colours_id`, `release_date`, `fuel_type`, `is_electric`, `engine_power`, `created_at`, `updated_at`) VALUES (25, 2, 86, 1, '2019', 'diesel', 0, '398', '2019-12-25 11:53:58', '2017-10-08 22:03:58');
INSERT INTO `cars` (`id`, `user_id`, `cars_models_id`, `cars_colours_id`, `release_date`, `fuel_type`, `is_electric`, `engine_power`, `created_at`, `updated_at`) VALUES (26, 89, 32, 2, '1994', 'diesel', 1, '427', '2019-05-13 11:08:48', '2013-06-17 07:13:50');
INSERT INTO `cars` (`id`, `user_id`, `cars_models_id`, `cars_colours_id`, `release_date`, `fuel_type`, `is_electric`, `engine_power`, `created_at`, `updated_at`) VALUES (27, 45, 84, 3, '2010', 'diesel', 0, '332', '2014-04-26 14:53:19', '2014-10-30 16:57:56');
INSERT INTO `cars` (`id`, `user_id`, `cars_models_id`, `cars_colours_id`, `release_date`, `fuel_type`, `is_electric`, `engine_power`, `created_at`, `updated_at`) VALUES (28, 27, 22, 4, '2002', 'diesel', 1, '462', '2014-03-26 07:24:55', '2019-07-26 21:05:47');
INSERT INTO `cars` (`id`, `user_id`, `cars_models_id`, `cars_colours_id`, `release_date`, `fuel_type`, `is_electric`, `engine_power`, `created_at`, `updated_at`) VALUES (29, 57, 1, 5, '1998', 'petrol', 0, '189', '2013-05-14 19:41:18', '2019-05-05 02:22:18');
INSERT INTO `cars` (`id`, `user_id`, `cars_models_id`, `cars_colours_id`, `release_date`, `fuel_type`, `is_electric`, `engine_power`, `created_at`, `updated_at`) VALUES (30, 80, 87, 6, '2003', 'diesel', 1, '451', '2011-12-15 17:11:47', '2019-03-19 12:05:06');
INSERT INTO `cars` (`id`, `user_id`, `cars_models_id`, `cars_colours_id`, `release_date`, `fuel_type`, `is_electric`, `engine_power`, `created_at`, `updated_at`) VALUES (31, 39, 73, 7, '2016', 'diesel', 1, '408', '2017-12-15 20:49:56', '2014-08-10 11:07:09');
INSERT INTO `cars` (`id`, `user_id`, `cars_models_id`, `cars_colours_id`, `release_date`, `fuel_type`, `is_electric`, `engine_power`, `created_at`, `updated_at`) VALUES (32, 77, 18, 8, '2003', 'diesel', 0, '212', '2018-12-15 23:31:48', '2018-05-24 13:13:06');
INSERT INTO `cars` (`id`, `user_id`, `cars_models_id`, `cars_colours_id`, `release_date`, `fuel_type`, `is_electric`, `engine_power`, `created_at`, `updated_at`) VALUES (33, 42, 16, 9, '2006', 'petrol', 0, '260', '2012-08-01 00:34:46', '2020-10-30 15:47:03');
INSERT INTO `cars` (`id`, `user_id`, `cars_models_id`, `cars_colours_id`, `release_date`, `fuel_type`, `is_electric`, `engine_power`, `created_at`, `updated_at`) VALUES (34, 61, 97, 10, '1999', 'diesel', 0, '468', '2016-06-02 09:58:43', '2015-05-04 23:28:55');
INSERT INTO `cars` (`id`, `user_id`, `cars_models_id`, `cars_colours_id`, `release_date`, `fuel_type`, `is_electric`, `engine_power`, `created_at`, `updated_at`) VALUES (35, 97, 88, 11, '2008', 'petrol', 0, '201', '2015-01-25 01:23:58', '2012-09-21 09:05:17');
INSERT INTO `cars` (`id`, `user_id`, `cars_models_id`, `cars_colours_id`, `release_date`, `fuel_type`, `is_electric`, `engine_power`, `created_at`, `updated_at`) VALUES (36, 50, 33, 12, '2013', 'petrol', 0, '500', '2011-06-26 22:10:16', '2019-05-01 15:07:55');
INSERT INTO `cars` (`id`, `user_id`, `cars_models_id`, `cars_colours_id`, `release_date`, `fuel_type`, `is_electric`, `engine_power`, `created_at`, `updated_at`) VALUES (37, 99, 34, 1, '1994', 'diesel', 1, '405', '2017-04-04 16:31:28', '2011-11-09 17:08:28');
INSERT INTO `cars` (`id`, `user_id`, `cars_models_id`, `cars_colours_id`, `release_date`, `fuel_type`, `is_electric`, `engine_power`, `created_at`, `updated_at`) VALUES (38, 4, 8, 2, '1998', 'diesel', 1, '234', '2011-11-04 22:29:08', '2015-07-27 19:50:09');
INSERT INTO `cars` (`id`, `user_id`, `cars_models_id`, `cars_colours_id`, `release_date`, `fuel_type`, `is_electric`, `engine_power`, `created_at`, `updated_at`) VALUES (39, 59, 15, 3, '2012', 'petrol', 0, '438', '2012-12-02 05:12:49', '2015-01-18 18:20:30');
INSERT INTO `cars` (`id`, `user_id`, `cars_models_id`, `cars_colours_id`, `release_date`, `fuel_type`, `is_electric`, `engine_power`, `created_at`, `updated_at`) VALUES (40, 12, 32, 4, '1992', 'petrol', 0, '115', '2017-05-31 23:26:29', '2015-09-11 07:57:03');
INSERT INTO `cars` (`id`, `user_id`, `cars_models_id`, `cars_colours_id`, `release_date`, `fuel_type`, `is_electric`, `engine_power`, `created_at`, `updated_at`) VALUES (41, 87, 61, 5, '2006', 'petrol', 0, '409', '2017-01-18 18:46:14', '2016-02-28 15:45:39');
INSERT INTO `cars` (`id`, `user_id`, `cars_models_id`, `cars_colours_id`, `release_date`, `fuel_type`, `is_electric`, `engine_power`, `created_at`, `updated_at`) VALUES (42, 7, 79, 6, '2020', 'diesel', 0, '404', '2019-07-17 06:33:45', '2013-11-13 18:23:46');
INSERT INTO `cars` (`id`, `user_id`, `cars_models_id`, `cars_colours_id`, `release_date`, `fuel_type`, `is_electric`, `engine_power`, `created_at`, `updated_at`) VALUES (43, 15, 20, 7, '2016', 'petrol', 0, '185', '2015-05-09 14:54:56', '2014-03-24 09:16:11');
INSERT INTO `cars` (`id`, `user_id`, `cars_models_id`, `cars_colours_id`, `release_date`, `fuel_type`, `is_electric`, `engine_power`, `created_at`, `updated_at`) VALUES (44, 93, 62, 8, '2001', 'diesel', 0, '438', '2011-11-23 23:29:32', '2014-02-03 00:22:32');
INSERT INTO `cars` (`id`, `user_id`, `cars_models_id`, `cars_colours_id`, `release_date`, `fuel_type`, `is_electric`, `engine_power`, `created_at`, `updated_at`) VALUES (45, 68, 90, 9, '1994', 'petrol', 0, '441', '2012-12-17 23:17:16', '2015-08-30 23:32:11');
INSERT INTO `cars` (`id`, `user_id`, `cars_models_id`, `cars_colours_id`, `release_date`, `fuel_type`, `is_electric`, `engine_power`, `created_at`, `updated_at`) VALUES (46, 52, 70, 10, '1994', 'petrol', 1, '283', '2017-03-24 22:52:42', '2017-11-30 00:00:29');
INSERT INTO `cars` (`id`, `user_id`, `cars_models_id`, `cars_colours_id`, `release_date`, `fuel_type`, `is_electric`, `engine_power`, `created_at`, `updated_at`) VALUES (47, 43, 77, 11, '1995', 'petrol', 1, '214', '2018-11-18 07:37:06', '2015-01-14 12:47:04');
INSERT INTO `cars` (`id`, `user_id`, `cars_models_id`, `cars_colours_id`, `release_date`, `fuel_type`, `is_electric`, `engine_power`, `created_at`, `updated_at`) VALUES (48, 6, 19, 12, '2004', 'diesel', 0, '287', '2019-07-20 18:00:59', '2014-02-21 12:31:12');
INSERT INTO `cars` (`id`, `user_id`, `cars_models_id`, `cars_colours_id`, `release_date`, `fuel_type`, `is_electric`, `engine_power`, `created_at`, `updated_at`) VALUES (49, 45, 49, 1, '1999', 'petrol', 1, '221', '2012-06-03 01:37:21', '2018-11-08 12:26:48');
INSERT INTO `cars` (`id`, `user_id`, `cars_models_id`, `cars_colours_id`, `release_date`, `fuel_type`, `is_electric`, `engine_power`, `created_at`, `updated_at`) VALUES (50, 1, 98, 2, '1993', 'petrol', 0, '335', '2017-04-22 06:40:07', '2015-08-08 16:32:28');
INSERT INTO `cars` (`id`, `user_id`, `cars_models_id`, `cars_colours_id`, `release_date`, `fuel_type`, `is_electric`, `engine_power`, `created_at`, `updated_at`) VALUES (51, 82, 4, 3, '2000', 'petrol', 0, '449', '2013-01-18 22:34:49', '2018-01-22 14:16:11');
INSERT INTO `cars` (`id`, `user_id`, `cars_models_id`, `cars_colours_id`, `release_date`, `fuel_type`, `is_electric`, `engine_power`, `created_at`, `updated_at`) VALUES (52, 82, 33, 4, '1997', 'diesel', 0, '381', '2019-08-08 13:20:01', '2013-08-27 06:11:55');
INSERT INTO `cars` (`id`, `user_id`, `cars_models_id`, `cars_colours_id`, `release_date`, `fuel_type`, `is_electric`, `engine_power`, `created_at`, `updated_at`) VALUES (53, 10, 24, 5, '2000', 'petrol', 1, '173', '2020-02-16 05:53:13', '2016-05-15 20:39:00');
INSERT INTO `cars` (`id`, `user_id`, `cars_models_id`, `cars_colours_id`, `release_date`, `fuel_type`, `is_electric`, `engine_power`, `created_at`, `updated_at`) VALUES (54, 73, 12, 6, '1998', 'petrol', 1, '278', '2015-02-28 17:08:36', '2019-04-02 17:11:28');
INSERT INTO `cars` (`id`, `user_id`, `cars_models_id`, `cars_colours_id`, `release_date`, `fuel_type`, `is_electric`, `engine_power`, `created_at`, `updated_at`) VALUES (55, 80, 24, 7, '1991', 'petrol', 1, '468', '2019-02-18 14:46:29', '2011-11-05 17:18:19');
INSERT INTO `cars` (`id`, `user_id`, `cars_models_id`, `cars_colours_id`, `release_date`, `fuel_type`, `is_electric`, `engine_power`, `created_at`, `updated_at`) VALUES (56, 73, 87, 8, '1996', 'diesel', 1, '306', '2011-09-09 14:33:11', '2019-10-30 06:12:57');
INSERT INTO `cars` (`id`, `user_id`, `cars_models_id`, `cars_colours_id`, `release_date`, `fuel_type`, `is_electric`, `engine_power`, `created_at`, `updated_at`) VALUES (57, 22, 88, 9, '2001', 'diesel', 1, '334', '2013-07-22 09:03:10', '2018-10-09 07:31:15');
INSERT INTO `cars` (`id`, `user_id`, `cars_models_id`, `cars_colours_id`, `release_date`, `fuel_type`, `is_electric`, `engine_power`, `created_at`, `updated_at`) VALUES (58, 91, 63, 10, '2006', 'diesel', 1, '267', '2014-02-19 11:49:55', '2018-10-01 04:39:06');
INSERT INTO `cars` (`id`, `user_id`, `cars_models_id`, `cars_colours_id`, `release_date`, `fuel_type`, `is_electric`, `engine_power`, `created_at`, `updated_at`) VALUES (59, 76, 43, 11, '2017', 'diesel', 1, '308', '2017-01-22 04:46:35', '2019-04-05 05:35:57');
INSERT INTO `cars` (`id`, `user_id`, `cars_models_id`, `cars_colours_id`, `release_date`, `fuel_type`, `is_electric`, `engine_power`, `created_at`, `updated_at`) VALUES (60, 6, 78, 12, '2019', 'diesel', 1, '207', '2018-11-30 21:40:26', '2014-03-27 13:55:31');
INSERT INTO `cars` (`id`, `user_id`, `cars_models_id`, `cars_colours_id`, `release_date`, `fuel_type`, `is_electric`, `engine_power`, `created_at`, `updated_at`) VALUES (61, 22, 78, 1, '2002', 'petrol', 1, '432', '2016-02-27 01:56:09', '2013-05-07 16:06:01');
INSERT INTO `cars` (`id`, `user_id`, `cars_models_id`, `cars_colours_id`, `release_date`, `fuel_type`, `is_electric`, `engine_power`, `created_at`, `updated_at`) VALUES (62, 43, 14, 2, '2002', 'diesel', 0, '398', '2013-04-09 04:58:37', '2012-02-12 23:34:35');
INSERT INTO `cars` (`id`, `user_id`, `cars_models_id`, `cars_colours_id`, `release_date`, `fuel_type`, `is_electric`, `engine_power`, `created_at`, `updated_at`) VALUES (63, 66, 7, 3, '1999', 'petrol', 1, '207', '2019-01-18 20:21:47', '2011-06-04 16:53:51');
INSERT INTO `cars` (`id`, `user_id`, `cars_models_id`, `cars_colours_id`, `release_date`, `fuel_type`, `is_electric`, `engine_power`, `created_at`, `updated_at`) VALUES (64, 51, 77, 4, '2017', 'diesel', 1, '144', '2018-03-22 09:04:22', '2016-12-31 10:53:03');
INSERT INTO `cars` (`id`, `user_id`, `cars_models_id`, `cars_colours_id`, `release_date`, `fuel_type`, `is_electric`, `engine_power`, `created_at`, `updated_at`) VALUES (65, 20, 77, 5, '1996', 'petrol', 0, '215', '2020-06-19 05:55:59', '2011-12-07 22:55:00');
INSERT INTO `cars` (`id`, `user_id`, `cars_models_id`, `cars_colours_id`, `release_date`, `fuel_type`, `is_electric`, `engine_power`, `created_at`, `updated_at`) VALUES (66, 61, 45, 6, '2019', 'diesel', 1, '238', '2016-11-12 22:22:22', '2016-05-10 00:47:13');
INSERT INTO `cars` (`id`, `user_id`, `cars_models_id`, `cars_colours_id`, `release_date`, `fuel_type`, `is_electric`, `engine_power`, `created_at`, `updated_at`) VALUES (67, 60, 53, 7, '2003', 'diesel', 0, '192', '2011-12-28 08:19:13', '2014-04-08 05:53:20');
INSERT INTO `cars` (`id`, `user_id`, `cars_models_id`, `cars_colours_id`, `release_date`, `fuel_type`, `is_electric`, `engine_power`, `created_at`, `updated_at`) VALUES (68, 36, 1, 8, '2014', 'diesel', 0, '247', '2018-08-26 23:37:17', '2013-06-08 01:20:09');
INSERT INTO `cars` (`id`, `user_id`, `cars_models_id`, `cars_colours_id`, `release_date`, `fuel_type`, `is_electric`, `engine_power`, `created_at`, `updated_at`) VALUES (69, 73, 43, 9, '2004', 'diesel', 1, '102', '2013-06-19 00:19:43', '2015-02-27 14:41:43');
INSERT INTO `cars` (`id`, `user_id`, `cars_models_id`, `cars_colours_id`, `release_date`, `fuel_type`, `is_electric`, `engine_power`, `created_at`, `updated_at`) VALUES (70, 98, 90, 10, '2015', 'petrol', 0, '263', '2016-10-20 19:03:17', '2015-06-13 06:34:07');
INSERT INTO `cars` (`id`, `user_id`, `cars_models_id`, `cars_colours_id`, `release_date`, `fuel_type`, `is_electric`, `engine_power`, `created_at`, `updated_at`) VALUES (71, 8, 48, 11, '2012', 'petrol', 0, '271', '2011-12-17 04:05:14', '2012-12-31 04:42:47');
INSERT INTO `cars` (`id`, `user_id`, `cars_models_id`, `cars_colours_id`, `release_date`, `fuel_type`, `is_electric`, `engine_power`, `created_at`, `updated_at`) VALUES (72, 8, 98, 12, '2008', 'diesel', 0, '244', '2012-06-24 20:58:27', '2021-04-25 01:43:46');
INSERT INTO `cars` (`id`, `user_id`, `cars_models_id`, `cars_colours_id`, `release_date`, `fuel_type`, `is_electric`, `engine_power`, `created_at`, `updated_at`) VALUES (73, 5, 37, 1, '1993', 'diesel', 0, '279', '2012-08-22 14:24:21', '2013-09-09 06:17:02');
INSERT INTO `cars` (`id`, `user_id`, `cars_models_id`, `cars_colours_id`, `release_date`, `fuel_type`, `is_electric`, `engine_power`, `created_at`, `updated_at`) VALUES (74, 89, 62, 2, '2006', 'diesel', 0, '425', '2013-02-13 18:00:46', '2020-04-17 00:40:44');
INSERT INTO `cars` (`id`, `user_id`, `cars_models_id`, `cars_colours_id`, `release_date`, `fuel_type`, `is_electric`, `engine_power`, `created_at`, `updated_at`) VALUES (75, 33, 99, 3, '2000', 'diesel', 1, '443', '2011-11-03 01:55:35', '2011-07-21 22:28:55');
INSERT INTO `cars` (`id`, `user_id`, `cars_models_id`, `cars_colours_id`, `release_date`, `fuel_type`, `is_electric`, `engine_power`, `created_at`, `updated_at`) VALUES (76, 77, 75, 4, '1990', 'diesel', 1, '372', '2021-02-04 06:32:30', '2016-06-20 05:08:04');
INSERT INTO `cars` (`id`, `user_id`, `cars_models_id`, `cars_colours_id`, `release_date`, `fuel_type`, `is_electric`, `engine_power`, `created_at`, `updated_at`) VALUES (77, 17, 66, 5, '2000', 'petrol', 0, '128', '2014-11-18 23:06:31', '2017-04-06 23:11:59');
INSERT INTO `cars` (`id`, `user_id`, `cars_models_id`, `cars_colours_id`, `release_date`, `fuel_type`, `is_electric`, `engine_power`, `created_at`, `updated_at`) VALUES (78, 41, 65, 6, '2006', 'petrol', 0, '156', '2019-10-02 22:05:35', '2016-01-05 07:22:00');
INSERT INTO `cars` (`id`, `user_id`, `cars_models_id`, `cars_colours_id`, `release_date`, `fuel_type`, `is_electric`, `engine_power`, `created_at`, `updated_at`) VALUES (79, 22, 44, 7, '1990', 'petrol', 0, '192', '2020-03-01 16:55:45', '2014-09-01 23:53:53');
INSERT INTO `cars` (`id`, `user_id`, `cars_models_id`, `cars_colours_id`, `release_date`, `fuel_type`, `is_electric`, `engine_power`, `created_at`, `updated_at`) VALUES (80, 19, 80, 8, '2000', 'diesel', 0, '283', '2018-12-15 21:30:10', '2021-03-18 06:43:57');
INSERT INTO `cars` (`id`, `user_id`, `cars_models_id`, `cars_colours_id`, `release_date`, `fuel_type`, `is_electric`, `engine_power`, `created_at`, `updated_at`) VALUES (81, 7, 52, 9, '2010', 'petrol', 0, '173', '2013-11-05 02:57:03', '2013-12-16 13:11:07');
INSERT INTO `cars` (`id`, `user_id`, `cars_models_id`, `cars_colours_id`, `release_date`, `fuel_type`, `is_electric`, `engine_power`, `created_at`, `updated_at`) VALUES (82, 51, 69, 10, '2021', 'diesel', 1, '435', '2021-04-10 05:40:23', '2017-12-25 00:01:02');
INSERT INTO `cars` (`id`, `user_id`, `cars_models_id`, `cars_colours_id`, `release_date`, `fuel_type`, `is_electric`, `engine_power`, `created_at`, `updated_at`) VALUES (83, 63, 47, 11, '2007', 'diesel', 1, '306', '2011-12-26 01:52:00', '2017-06-16 17:10:48');
INSERT INTO `cars` (`id`, `user_id`, `cars_models_id`, `cars_colours_id`, `release_date`, `fuel_type`, `is_electric`, `engine_power`, `created_at`, `updated_at`) VALUES (84, 42, 1, 12, '2004', 'petrol', 1, '149', '2019-05-16 04:42:53', '2015-08-09 16:53:21');
INSERT INTO `cars` (`id`, `user_id`, `cars_models_id`, `cars_colours_id`, `release_date`, `fuel_type`, `is_electric`, `engine_power`, `created_at`, `updated_at`) VALUES (85, 71, 38, 1, '2007', 'diesel', 1, '371', '2019-06-17 23:58:35', '2011-08-11 21:58:42');
INSERT INTO `cars` (`id`, `user_id`, `cars_models_id`, `cars_colours_id`, `release_date`, `fuel_type`, `is_electric`, `engine_power`, `created_at`, `updated_at`) VALUES (86, 88, 11, 2, '1996', 'petrol', 1, '425', '2020-04-06 20:40:34', '2018-06-29 18:38:59');
INSERT INTO `cars` (`id`, `user_id`, `cars_models_id`, `cars_colours_id`, `release_date`, `fuel_type`, `is_electric`, `engine_power`, `created_at`, `updated_at`) VALUES (87, 94, 27, 3, '1991', 'diesel', 1, '110', '2020-09-13 07:39:24', '2016-11-13 18:18:55');
INSERT INTO `cars` (`id`, `user_id`, `cars_models_id`, `cars_colours_id`, `release_date`, `fuel_type`, `is_electric`, `engine_power`, `created_at`, `updated_at`) VALUES (88, 4, 90, 4, '2007', 'petrol', 0, '423', '2013-09-19 22:55:22', '2020-12-23 22:38:50');
INSERT INTO `cars` (`id`, `user_id`, `cars_models_id`, `cars_colours_id`, `release_date`, `fuel_type`, `is_electric`, `engine_power`, `created_at`, `updated_at`) VALUES (89, 48, 86, 5, '2002', 'petrol', 1, '293', '2020-10-18 08:04:13', '2020-01-17 11:31:06');
INSERT INTO `cars` (`id`, `user_id`, `cars_models_id`, `cars_colours_id`, `release_date`, `fuel_type`, `is_electric`, `engine_power`, `created_at`, `updated_at`) VALUES (90, 63, 43, 6, '1996', 'diesel', 0, '146', '2016-02-07 20:07:36', '2013-01-02 19:30:10');
INSERT INTO `cars` (`id`, `user_id`, `cars_models_id`, `cars_colours_id`, `release_date`, `fuel_type`, `is_electric`, `engine_power`, `created_at`, `updated_at`) VALUES (91, 28, 61, 7, '2016', 'diesel', 1, '267', '2012-03-20 08:01:31', '2016-11-01 12:51:11');
INSERT INTO `cars` (`id`, `user_id`, `cars_models_id`, `cars_colours_id`, `release_date`, `fuel_type`, `is_electric`, `engine_power`, `created_at`, `updated_at`) VALUES (92, 21, 45, 8, '2000', 'petrol', 0, '493', '2013-06-09 13:37:34', '2018-06-14 15:26:07');
INSERT INTO `cars` (`id`, `user_id`, `cars_models_id`, `cars_colours_id`, `release_date`, `fuel_type`, `is_electric`, `engine_power`, `created_at`, `updated_at`) VALUES (93, 28, 13, 9, '2014', 'petrol', 1, '342', '2019-10-26 07:12:15', '2011-12-02 08:27:11');
INSERT INTO `cars` (`id`, `user_id`, `cars_models_id`, `cars_colours_id`, `release_date`, `fuel_type`, `is_electric`, `engine_power`, `created_at`, `updated_at`) VALUES (94, 65, 3, 10, '2007', 'diesel', 0, '496', '2012-08-30 00:50:03', '2017-07-16 17:01:24');
INSERT INTO `cars` (`id`, `user_id`, `cars_models_id`, `cars_colours_id`, `release_date`, `fuel_type`, `is_electric`, `engine_power`, `created_at`, `updated_at`) VALUES (95, 17, 54, 11, '2013', 'petrol', 1, '233', '2013-09-18 08:34:08', '2012-02-02 14:23:01');
INSERT INTO `cars` (`id`, `user_id`, `cars_models_id`, `cars_colours_id`, `release_date`, `fuel_type`, `is_electric`, `engine_power`, `created_at`, `updated_at`) VALUES (96, 51, 22, 12, '1996', 'petrol', 0, '418', '2012-07-05 23:08:55', '2014-03-25 15:04:59');
INSERT INTO `cars` (`id`, `user_id`, `cars_models_id`, `cars_colours_id`, `release_date`, `fuel_type`, `is_electric`, `engine_power`, `created_at`, `updated_at`) VALUES (97, 47, 91, 1, '2013', 'petrol', 0, '488', '2015-01-01 14:00:22', '2021-02-16 01:58:03');
INSERT INTO `cars` (`id`, `user_id`, `cars_models_id`, `cars_colours_id`, `release_date`, `fuel_type`, `is_electric`, `engine_power`, `created_at`, `updated_at`) VALUES (98, 15, 71, 2, '2001', 'diesel', 1, '156', '2018-02-07 17:34:40', '2016-01-25 14:31:28');
INSERT INTO `cars` (`id`, `user_id`, `cars_models_id`, `cars_colours_id`, `release_date`, `fuel_type`, `is_electric`, `engine_power`, `created_at`, `updated_at`) VALUES (99, 94, 77, 3, '1995', 'diesel', 1, '280', '2013-06-17 13:52:43', '2015-07-19 14:48:38');
INSERT INTO `cars` (`id`, `user_id`, `cars_models_id`, `cars_colours_id`, `release_date`, `fuel_type`, `is_electric`, `engine_power`, `created_at`, `updated_at`) VALUES (100, 70, 88, 4, '1991', 'diesel', 1, '288', '2016-08-17 09:15:04', '2017-11-17 13:08:19');

INSERT INTO `car_book` (`id`, `cars_id`, `user_id`, `head`, `body`, `media_id`, `is_public`, `is_archived`, `created_at`, `updated_at`) VALUES (1, 54, 90, 'nemo', 'At et dolorem possimus minima consequuntur repudiandae. Quo voluptatibus qui libero. Dolorem quod corporis est eos. Voluptate rerum corporis enim at necessitatibus quae at illum. Qui est ratione beatae.', 10, 0, 1, '2012-07-10 08:53:48', '2018-05-08 06:42:44');
INSERT INTO `car_book` (`id`, `cars_id`, `user_id`, `head`, `body`, `media_id`, `is_public`, `is_archived`, `created_at`, `updated_at`) VALUES (2, 93, 82, 'est', 'Quas unde temporibus culpa cupiditate doloribus. Non qui praesentium magni facere omnis. Ut quam doloribus fugit.', 54, 1, 1, '2018-05-11 20:52:23', '2017-12-21 21:54:02');
INSERT INTO `car_book` (`id`, `cars_id`, `user_id`, `head`, `body`, `media_id`, `is_public`, `is_archived`, `created_at`, `updated_at`) VALUES (3, 88, 86, 'eos', 'Est nihil perspiciatis et quos in omnis magnam. Mollitia dolores voluptates voluptas quia architecto et non hic. Fugiat natus fugit saepe aliquid ratione veniam. A saepe aperiam ea cum eos.', 21, 1, 0, '2017-02-05 21:56:07', '2016-09-21 20:30:15');
INSERT INTO `car_book` (`id`, `cars_id`, `user_id`, `head`, `body`, `media_id`, `is_public`, `is_archived`, `created_at`, `updated_at`) VALUES (4, 65, 92, 'sunt', 'Quidem repudiandae hic eaque. Hic voluptas id asperiores qui minus ducimus. Harum ea omnis rerum voluptatum reprehenderit odio iste.', 20, 0, 1, '2018-12-05 14:02:10', '2016-06-20 05:17:28');
INSERT INTO `car_book` (`id`, `cars_id`, `user_id`, `head`, `body`, `media_id`, `is_public`, `is_archived`, `created_at`, `updated_at`) VALUES (5, 76, 79, 'dolorum', 'Aperiam explicabo voluptas assumenda dolore ex. Rerum ducimus vel dolorum corrupti ut. Rem consequatur reiciendis sed et. Dignissimos eum sit temporibus eos.', 55, 1, 1, '2013-10-04 22:05:33', '2012-09-27 17:47:49');
INSERT INTO `car_book` (`id`, `cars_id`, `user_id`, `head`, `body`, `media_id`, `is_public`, `is_archived`, `created_at`, `updated_at`) VALUES (6, 22, 20, 'inventore', 'Id fuga aliquam temporibus reprehenderit ducimus. Ut rerum tenetur totam sunt. Suscipit dolor explicabo velit harum corporis eveniet a officiis. Numquam atque velit totam quia autem.', 83, 0, 0, '2021-01-21 09:18:58', '2020-12-05 15:36:49');
INSERT INTO `car_book` (`id`, `cars_id`, `user_id`, `head`, `body`, `media_id`, `is_public`, `is_archived`, `created_at`, `updated_at`) VALUES (7, 61, 70, 'et', 'Minima dolor sunt reiciendis. Omnis dolores non eum. Aut sed porro aut vitae explicabo.', 51, 0, 0, '2011-09-03 04:26:48', '2015-12-18 02:12:57');
INSERT INTO `car_book` (`id`, `cars_id`, `user_id`, `head`, `body`, `media_id`, `is_public`, `is_archived`, `created_at`, `updated_at`) VALUES (8, 17, 71, 'quis', 'Doloribus cum autem non qui. Aliquam est quae praesentium molestias. Eligendi voluptatem qui reprehenderit. Molestiae molestiae distinctio adipisci qui. Voluptatibus tempore odio quam est voluptatem molestias non.', 43, 0, 1, '2018-05-28 22:49:26', '2018-07-31 08:37:59');
INSERT INTO `car_book` (`id`, `cars_id`, `user_id`, `head`, `body`, `media_id`, `is_public`, `is_archived`, `created_at`, `updated_at`) VALUES (9, 95, 18, 'est', 'Architecto optio et reprehenderit reiciendis. Aut et facere repellat rerum rerum ipsa. Corporis non autem tempore sit minus necessitatibus autem. At suscipit aperiam dolores et.', 38, 1, 0, '2021-03-13 11:14:38', '2016-01-26 06:12:34');
INSERT INTO `car_book` (`id`, `cars_id`, `user_id`, `head`, `body`, `media_id`, `is_public`, `is_archived`, `created_at`, `updated_at`) VALUES (10, 39, 99, 'exercitationem', 'Odit et accusamus sed cumque. Qui quo delectus nulla sunt harum tempora. Consequatur voluptas delectus quis libero. Quae laborum praesentium rem sint dolor id fugiat.', 86, 0, 0, '2016-10-09 13:49:35', '2018-09-15 03:17:52');
INSERT INTO `car_book` (`id`, `cars_id`, `user_id`, `head`, `body`, `media_id`, `is_public`, `is_archived`, `created_at`, `updated_at`) VALUES (11, 61, 46, 'ut', 'Amet commodi et ipsa ut consequatur mollitia et dolor. Quod cupiditate aliquid excepturi labore impedit dolores voluptatem odit. Ullam necessitatibus repudiandae aut consequatur. Ipsa accusamus corporis nisi aut.', 15, 1, 1, '2017-05-21 21:48:13', '2012-02-16 14:19:27');
INSERT INTO `car_book` (`id`, `cars_id`, `user_id`, `head`, `body`, `media_id`, `is_public`, `is_archived`, `created_at`, `updated_at`) VALUES (12, 50, 38, 'necessitatibus', 'Saepe qui ut voluptate. Non est placeat recusandae ut et. Est saepe corporis fuga vero voluptas.', 83, 0, 0, '2016-05-06 06:45:38', '2017-10-26 10:13:18');
INSERT INTO `car_book` (`id`, `cars_id`, `user_id`, `head`, `body`, `media_id`, `is_public`, `is_archived`, `created_at`, `updated_at`) VALUES (13, 100, 60, 'et', 'Tempora rerum distinctio atque quos corrupti ad fugiat. Velit hic voluptatum facere alias odit.', 86, 1, 0, '2012-06-09 10:19:27', '2019-05-23 16:28:16');
INSERT INTO `car_book` (`id`, `cars_id`, `user_id`, `head`, `body`, `media_id`, `is_public`, `is_archived`, `created_at`, `updated_at`) VALUES (14, 66, 9, 'quibusdam', 'Sit sit rerum magnam aspernatur. Quae nemo aut voluptas dignissimos non consequatur. Ex dolorem soluta aut ut iure.', 61, 1, 1, '2020-03-03 09:24:01', '2017-10-19 00:45:58');
INSERT INTO `car_book` (`id`, `cars_id`, `user_id`, `head`, `body`, `media_id`, `is_public`, `is_archived`, `created_at`, `updated_at`) VALUES (15, 86, 96, 'voluptates', 'Nihil iusto corporis recusandae aliquid qui sit. Laudantium totam voluptatem esse quod inventore est. Necessitatibus eos aliquid quidem ut.', 16, 0, 0, '2014-06-20 13:07:58', '2012-08-08 07:57:08');
INSERT INTO `car_book` (`id`, `cars_id`, `user_id`, `head`, `body`, `media_id`, `is_public`, `is_archived`, `created_at`, `updated_at`) VALUES (16, 77, 86, 'in', 'Eum distinctio non omnis eius nisi praesentium. Nulla sed minus qui rem nemo. Est praesentium aperiam totam officia necessitatibus.', 26, 1, 1, '2011-11-14 17:03:07', '2013-08-30 07:52:25');
INSERT INTO `car_book` (`id`, `cars_id`, `user_id`, `head`, `body`, `media_id`, `is_public`, `is_archived`, `created_at`, `updated_at`) VALUES (17, 81, 66, 'nulla', 'Vitae eaque porro vitae necessitatibus ea placeat voluptatem. Doloribus distinctio aut debitis eius rerum reiciendis est. Recusandae dolorem et autem nulla quis rerum eum cupiditate.', 96, 1, 0, '2011-06-26 21:12:00', '2017-07-25 09:28:28');
INSERT INTO `car_book` (`id`, `cars_id`, `user_id`, `head`, `body`, `media_id`, `is_public`, `is_archived`, `created_at`, `updated_at`) VALUES (18, 76, 41, 'autem', 'Veritatis inventore autem commodi et aut officia. Dolorem est nihil cupiditate consectetur enim animi iste cumque. Eius iure quas qui et ea.', 96, 0, 1, '2012-04-19 02:56:15', '2017-12-27 20:14:43');
INSERT INTO `car_book` (`id`, `cars_id`, `user_id`, `head`, `body`, `media_id`, `is_public`, `is_archived`, `created_at`, `updated_at`) VALUES (19, 22, 22, 'deserunt', 'Atque deserunt eum ut. Nemo magni sit blanditiis iusto doloremque dolores repudiandae. Id possimus magni quos non veritatis.', 37, 1, 0, '2021-05-06 20:46:33', '2015-01-23 04:37:01');
INSERT INTO `car_book` (`id`, `cars_id`, `user_id`, `head`, `body`, `media_id`, `is_public`, `is_archived`, `created_at`, `updated_at`) VALUES (20, 6, 69, 'odit', 'Ab est quis aut dolores veritatis. Ut magni voluptatum aut rerum. Quam sint cumque placeat ducimus. Et placeat maiores vel possimus minima quo.', 22, 0, 0, '2016-01-02 07:03:38', '2018-07-24 22:36:03');
INSERT INTO `car_book` (`id`, `cars_id`, `user_id`, `head`, `body`, `media_id`, `is_public`, `is_archived`, `created_at`, `updated_at`) VALUES (21, 98, 95, 'nemo', 'Recusandae dicta earum asperiores aut voluptas. Beatae omnis debitis ab recusandae quaerat harum architecto consequatur. Asperiores enim porro maiores qui iure accusamus dolor dolores.', 68, 1, 1, '2017-01-21 12:53:51', '2014-10-06 01:21:42');
INSERT INTO `car_book` (`id`, `cars_id`, `user_id`, `head`, `body`, `media_id`, `is_public`, `is_archived`, `created_at`, `updated_at`) VALUES (22, 20, 17, 'et', 'Nobis maxime aliquid fugiat enim laudantium. Eos impedit nisi quasi sit et consequatur necessitatibus. Deleniti debitis magni dolorum error. Modi dicta voluptas minus voluptatem.', 89, 0, 0, '2019-06-04 00:52:03', '2011-11-20 02:47:38');
INSERT INTO `car_book` (`id`, `cars_id`, `user_id`, `head`, `body`, `media_id`, `is_public`, `is_archived`, `created_at`, `updated_at`) VALUES (23, 74, 56, 'eveniet', 'Saepe hic occaecati provident quibusdam et cumque et. Delectus odit doloribus ab possimus corporis delectus. Et similique sapiente qui similique aliquid aut.', 45, 0, 1, '2015-11-17 00:25:52', '2018-03-22 06:40:13');
INSERT INTO `car_book` (`id`, `cars_id`, `user_id`, `head`, `body`, `media_id`, `is_public`, `is_archived`, `created_at`, `updated_at`) VALUES (24, 77, 63, 'cum', 'Tenetur id distinctio quidem non impedit qui. Dolores enim odio enim quis praesentium quisquam aut asperiores. Praesentium culpa assumenda consequatur voluptatem non porro occaecati. Voluptates sunt voluptas quia recusandae eius nihil ut sunt. Dicta saepe sed eaque iusto perferendis dignissimos nemo.', 58, 1, 1, '2012-08-26 01:13:38', '2017-01-13 17:18:50');
INSERT INTO `car_book` (`id`, `cars_id`, `user_id`, `head`, `body`, `media_id`, `is_public`, `is_archived`, `created_at`, `updated_at`) VALUES (25, 92, 87, 'corrupti', 'Quia mollitia recusandae fugit magni quod. Rerum laudantium dolor cum quibusdam porro qui dolorem. Delectus earum sequi accusantium quo voluptas.', 61, 0, 0, '2014-06-11 12:06:49', '2019-04-11 14:04:53');
INSERT INTO `car_book` (`id`, `cars_id`, `user_id`, `head`, `body`, `media_id`, `is_public`, `is_archived`, `created_at`, `updated_at`) VALUES (26, 16, 24, 'corporis', 'Voluptas quibusdam nisi amet eligendi inventore sunt necessitatibus. Officia sunt quis enim ipsam sit praesentium. Doloribus quisquam debitis deserunt et corrupti dolorum aut.', 32, 1, 0, '2017-05-01 08:36:07', '2015-02-02 05:06:51');
INSERT INTO `car_book` (`id`, `cars_id`, `user_id`, `head`, `body`, `media_id`, `is_public`, `is_archived`, `created_at`, `updated_at`) VALUES (27, 73, 90, 'aut', 'Rem modi excepturi fuga praesentium perferendis accusantium ab sapiente. Temporibus hic nesciunt possimus illo. Ut quia architecto ducimus reiciendis et sequi.', 8, 1, 0, '2011-08-25 09:39:25', '2021-01-04 15:18:46');
INSERT INTO `car_book` (`id`, `cars_id`, `user_id`, `head`, `body`, `media_id`, `is_public`, `is_archived`, `created_at`, `updated_at`) VALUES (28, 65, 85, 'et', 'Qui enim tempore quia mollitia eligendi voluptatem. Exercitationem ab sit dolore numquam cum consequatur enim. Laborum blanditiis reiciendis cum voluptatem ad. Corrupti modi magnam et occaecati et.', 42, 0, 0, '2017-01-18 00:09:00', '2014-12-13 21:16:48');
INSERT INTO `car_book` (`id`, `cars_id`, `user_id`, `head`, `body`, `media_id`, `is_public`, `is_archived`, `created_at`, `updated_at`) VALUES (29, 92, 1, 'tenetur', 'Alias magnam consequatur ea qui. Magni sint unde quis molestias inventore atque totam odio. Placeat magni iste est nobis. Repellat rerum quam eos id laudantium at sint.', 36, 1, 0, '2019-03-25 11:44:33', '2020-02-26 20:50:41');
INSERT INTO `car_book` (`id`, `cars_id`, `user_id`, `head`, `body`, `media_id`, `is_public`, `is_archived`, `created_at`, `updated_at`) VALUES (30, 54, 70, 'qui', 'Exercitationem doloribus est autem sed voluptas commodi doloremque. Odio sit error earum reiciendis. Quo cumque eum adipisci aut magni. Vel hic recusandae sit iure.', 1, 0, 0, '2015-08-16 04:34:30', '2012-04-07 10:26:38');
INSERT INTO `car_book` (`id`, `cars_id`, `user_id`, `head`, `body`, `media_id`, `is_public`, `is_archived`, `created_at`, `updated_at`) VALUES (31, 59, 12, 'qui', 'Eveniet quia quas nulla et qui. Dolorem expedita maxime aut. Illum in repellendus suscipit repudiandae omnis deserunt a. Quisquam nulla voluptatum nesciunt eos impedit.', 98, 1, 0, '2012-12-11 22:40:06', '2015-04-17 12:07:07');
INSERT INTO `car_book` (`id`, `cars_id`, `user_id`, `head`, `body`, `media_id`, `is_public`, `is_archived`, `created_at`, `updated_at`) VALUES (32, 95, 25, 'dicta', 'Quas ut facere officiis vitae. Fuga consequatur aperiam soluta sint quasi reiciendis. Ipsam ipsa impedit perspiciatis voluptatem.', 75, 1, 0, '2012-08-19 12:14:44', '2014-01-04 05:13:39');
INSERT INTO `car_book` (`id`, `cars_id`, `user_id`, `head`, `body`, `media_id`, `is_public`, `is_archived`, `created_at`, `updated_at`) VALUES (33, 88, 77, 'sit', 'Facilis rerum atque labore quasi error omnis voluptates. Quis aut corporis id officia qui. Ratione dicta ipsa aut similique.', 79, 0, 0, '2015-01-19 22:20:52', '2015-11-20 19:11:04');
INSERT INTO `car_book` (`id`, `cars_id`, `user_id`, `head`, `body`, `media_id`, `is_public`, `is_archived`, `created_at`, `updated_at`) VALUES (34, 97, 60, 'in', 'Dolores dignissimos totam cupiditate dignissimos et esse omnis ipsum. Deleniti dolor in velit ut. Dicta qui qui eius aliquid.', 39, 1, 0, '2019-07-06 17:39:27', '2016-05-02 05:17:53');
INSERT INTO `car_book` (`id`, `cars_id`, `user_id`, `head`, `body`, `media_id`, `is_public`, `is_archived`, `created_at`, `updated_at`) VALUES (35, 17, 91, 'qui', 'Occaecati nisi nulla aut id sed ratione. Labore quae facere veniam laborum qui consequuntur omnis tempore. Aut hic vero minima voluptas adipisci. Molestiae veniam facilis rerum earum quasi dolorem.', 45, 1, 0, '2018-03-13 01:26:55', '2018-12-17 01:51:42');
INSERT INTO `car_book` (`id`, `cars_id`, `user_id`, `head`, `body`, `media_id`, `is_public`, `is_archived`, `created_at`, `updated_at`) VALUES (36, 28, 17, 'veniam', 'Delectus illum aut sed cupiditate. Debitis maxime totam sapiente pariatur aperiam repellendus. Tempora ut quod quibusdam quo.', 94, 0, 0, '2011-09-05 07:58:42', '2021-02-24 02:20:39');
INSERT INTO `car_book` (`id`, `cars_id`, `user_id`, `head`, `body`, `media_id`, `is_public`, `is_archived`, `created_at`, `updated_at`) VALUES (37, 91, 41, 'praesentium', 'Hic suscipit sit ut aut laudantium pariatur aut. Dolorem eligendi quia autem voluptatem voluptate. Cupiditate quam nobis voluptas consequatur quis. Corrupti atque et suscipit.', 52, 0, 0, '2014-02-02 18:47:29', '2016-08-14 19:43:45');
INSERT INTO `car_book` (`id`, `cars_id`, `user_id`, `head`, `body`, `media_id`, `is_public`, `is_archived`, `created_at`, `updated_at`) VALUES (38, 12, 40, 'nisi', 'Temporibus praesentium eos quae quis qui saepe eum. Adipisci aut ut fugiat dolor est et doloremque. Voluptate cumque consectetur est quia quae ut. Ut magnam quod dignissimos.', 52, 1, 1, '2012-03-07 08:18:18', '2013-03-29 18:05:40');
INSERT INTO `car_book` (`id`, `cars_id`, `user_id`, `head`, `body`, `media_id`, `is_public`, `is_archived`, `created_at`, `updated_at`) VALUES (39, 54, 26, 'alias', 'Nobis aut suscipit consectetur in voluptatum molestiae enim sequi. Possimus et quia magni dolorum id. Nihil enim ut corrupti dolorem velit unde maiores.', 2, 1, 0, '2019-04-14 17:15:59', '2016-12-24 07:58:37');
INSERT INTO `car_book` (`id`, `cars_id`, `user_id`, `head`, `body`, `media_id`, `is_public`, `is_archived`, `created_at`, `updated_at`) VALUES (40, 33, 84, 'tempora', 'Totam fuga natus qui enim voluptas ut odit. Et nam distinctio fugit sunt debitis unde inventore. Voluptatem impedit qui voluptates odio. Qui sequi eligendi qui qui dolorem laudantium.', 72, 0, 1, '2015-09-21 11:46:26', '2018-08-12 22:07:13');
INSERT INTO `car_book` (`id`, `cars_id`, `user_id`, `head`, `body`, `media_id`, `is_public`, `is_archived`, `created_at`, `updated_at`) VALUES (41, 9, 5, 'non', 'Tempora beatae voluptate et adipisci dolorum eos. Fuga expedita excepturi ad qui vel. Repudiandae dicta quo debitis autem debitis. Dolorum nihil quos est reiciendis reiciendis.', 81, 1, 1, '2016-09-06 17:39:46', '2012-06-13 02:06:44');
INSERT INTO `car_book` (`id`, `cars_id`, `user_id`, `head`, `body`, `media_id`, `is_public`, `is_archived`, `created_at`, `updated_at`) VALUES (42, 37, 48, 'unde', 'Aut ullam deserunt fuga rerum quia. Odit repudiandae atque nulla. Et corrupti consectetur quaerat maiores officia exercitationem consequatur. Sequi ex amet id in totam eos.', 97, 1, 1, '2018-11-19 20:04:56', '2017-07-14 02:23:15');
INSERT INTO `car_book` (`id`, `cars_id`, `user_id`, `head`, `body`, `media_id`, `is_public`, `is_archived`, `created_at`, `updated_at`) VALUES (43, 53, 49, 'dolores', 'Veniam ea nesciunt ratione et laudantium fugiat nihil. Aliquid possimus asperiores omnis. Recusandae quod molestiae consequatur eum eaque assumenda ratione suscipit.', 85, 0, 1, '2013-02-11 22:50:28', '2012-04-17 00:34:15');
INSERT INTO `car_book` (`id`, `cars_id`, `user_id`, `head`, `body`, `media_id`, `is_public`, `is_archived`, `created_at`, `updated_at`) VALUES (44, 7, 88, 'facilis', 'Ex optio et unde exercitationem repellendus reprehenderit nemo. Officiis sed molestias nam sunt odio et consequatur. Fuga commodi voluptate et id consequuntur velit et.', 81, 1, 0, '2018-09-02 20:41:19', '2020-06-30 06:17:17');
INSERT INTO `car_book` (`id`, `cars_id`, `user_id`, `head`, `body`, `media_id`, `is_public`, `is_archived`, `created_at`, `updated_at`) VALUES (45, 55, 92, 'tempora', 'Odit tenetur rem nihil ducimus nam. Eos molestias non magni soluta molestiae reiciendis. Distinctio deleniti voluptatem adipisci odit. Sit consequuntur aliquam ut est soluta illo quam.', 99, 0, 1, '2013-10-27 12:13:31', '2015-11-11 04:25:12');
INSERT INTO `car_book` (`id`, `cars_id`, `user_id`, `head`, `body`, `media_id`, `is_public`, `is_archived`, `created_at`, `updated_at`) VALUES (46, 53, 86, 'aperiam', 'Dolorum non qui eos iusto et. Assumenda soluta occaecati culpa libero est reprehenderit et. Quam porro magnam cum quia. Magni neque sint omnis.', 63, 1, 0, '2021-02-05 15:00:42', '2017-09-24 10:21:36');
INSERT INTO `car_book` (`id`, `cars_id`, `user_id`, `head`, `body`, `media_id`, `is_public`, `is_archived`, `created_at`, `updated_at`) VALUES (47, 91, 7, 'qui', 'Dolore aliquid maiores modi et sit maxime iure dolore. Aut nesciunt qui error non mollitia nesciunt. Commodi natus non dolorem quo.', 95, 1, 1, '2020-04-27 05:30:23', '2018-10-26 02:54:46');
INSERT INTO `car_book` (`id`, `cars_id`, `user_id`, `head`, `body`, `media_id`, `is_public`, `is_archived`, `created_at`, `updated_at`) VALUES (48, 50, 15, 'ad', 'Dicta in voluptatibus doloremque doloremque. Nobis et saepe soluta. Nesciunt vero rerum fugit deserunt excepturi.', 26, 0, 0, '2012-11-19 19:30:40', '2015-06-01 13:28:26');
INSERT INTO `car_book` (`id`, `cars_id`, `user_id`, `head`, `body`, `media_id`, `is_public`, `is_archived`, `created_at`, `updated_at`) VALUES (49, 41, 12, 'ut', 'Dolorem labore exercitationem dolorem necessitatibus deserunt hic saepe commodi. Eos voluptatibus autem beatae est. Sed debitis placeat deleniti sit totam harum. Dolor alias explicabo et omnis nihil placeat.', 59, 1, 1, '2014-09-01 23:00:24', '2013-12-08 06:36:34');
INSERT INTO `car_book` (`id`, `cars_id`, `user_id`, `head`, `body`, `media_id`, `is_public`, `is_archived`, `created_at`, `updated_at`) VALUES (50, 2, 78, 'quibusdam', 'Sit autem quasi adipisci quaerat aspernatur et. Qui architecto minus eveniet voluptas est modi dolor. Perferendis saepe velit molestiae et odio.', 94, 1, 0, '2018-02-19 20:02:26', '2020-11-11 06:00:36');
INSERT INTO `car_book` (`id`, `cars_id`, `user_id`, `head`, `body`, `media_id`, `is_public`, `is_archived`, `created_at`, `updated_at`) VALUES (51, 79, 31, 'quia', 'In est nihil quo voluptatem. Officiis officiis dolore animi facilis tempore itaque. Perferendis omnis consequuntur et accusantium dolorum nobis reiciendis.', 55, 1, 1, '2021-03-02 07:20:52', '2014-01-23 06:10:48');
INSERT INTO `car_book` (`id`, `cars_id`, `user_id`, `head`, `body`, `media_id`, `is_public`, `is_archived`, `created_at`, `updated_at`) VALUES (52, 97, 1, 'odit', 'Dignissimos nihil quia non aut magnam ut et. Commodi vitae ea accusantium temporibus. Dignissimos in beatae dolorem. Provident facilis neque non repellendus exercitationem.', 30, 0, 0, '2020-05-16 02:59:24', '2015-11-18 06:19:18');
INSERT INTO `car_book` (`id`, `cars_id`, `user_id`, `head`, `body`, `media_id`, `is_public`, `is_archived`, `created_at`, `updated_at`) VALUES (53, 20, 45, 'sit', 'Alias harum qui veniam perferendis officia aut odio. Porro velit necessitatibus nobis rem eos. Veniam voluptatem minus quae quam est.', 25, 0, 0, '2012-12-20 01:15:00', '2017-03-16 08:07:01');
INSERT INTO `car_book` (`id`, `cars_id`, `user_id`, `head`, `body`, `media_id`, `is_public`, `is_archived`, `created_at`, `updated_at`) VALUES (54, 65, 56, 'qui', 'Earum illum magnam distinctio voluptatum harum maiores. Id soluta aut et omnis et sunt. Maiores dignissimos harum autem voluptas porro quaerat sed.', 20, 1, 1, '2017-03-26 21:52:24', '2021-01-29 06:06:22');
INSERT INTO `car_book` (`id`, `cars_id`, `user_id`, `head`, `body`, `media_id`, `is_public`, `is_archived`, `created_at`, `updated_at`) VALUES (55, 26, 48, 'sit', 'Exercitationem nostrum rerum et unde quis suscipit. Saepe esse vel veritatis. Eius beatae quis ducimus enim necessitatibus repellat dignissimos.', 59, 0, 0, '2011-09-24 15:44:05', '2020-09-29 04:57:24');
INSERT INTO `car_book` (`id`, `cars_id`, `user_id`, `head`, `body`, `media_id`, `is_public`, `is_archived`, `created_at`, `updated_at`) VALUES (56, 94, 29, 'ut', 'Illo nam fugit in quo corporis consequatur. Ea eveniet consequatur quae soluta dolorum. Sequi qui neque porro cumque dolores recusandae architecto.', 24, 0, 0, '2017-11-27 17:44:10', '2020-06-09 10:27:07');
INSERT INTO `car_book` (`id`, `cars_id`, `user_id`, `head`, `body`, `media_id`, `is_public`, `is_archived`, `created_at`, `updated_at`) VALUES (57, 5, 34, 'et', 'Tempora ea voluptatum consequatur deleniti voluptas distinctio. Provident in veritatis accusantium rem consequatur aut nemo autem. Aspernatur eaque dolorem beatae dolores quam quod qui. Eaque suscipit adipisci incidunt ipsam reprehenderit esse incidunt.', 29, 0, 1, '2016-02-13 11:56:59', '2011-06-20 22:41:03');
INSERT INTO `car_book` (`id`, `cars_id`, `user_id`, `head`, `body`, `media_id`, `is_public`, `is_archived`, `created_at`, `updated_at`) VALUES (58, 23, 77, 'eligendi', 'Accusamus voluptatem quod sunt. Voluptatem quos doloribus ipsa harum. Natus eos et dolorem facere quis. Illum aspernatur velit facere officia asperiores earum cumque corporis.', 53, 1, 1, '2021-03-01 19:18:51', '2013-10-15 00:00:05');
INSERT INTO `car_book` (`id`, `cars_id`, `user_id`, `head`, `body`, `media_id`, `is_public`, `is_archived`, `created_at`, `updated_at`) VALUES (59, 42, 90, 'ducimus', 'Consectetur voluptas voluptatum sit molestiae est. Aliquid voluptatum quos consequatur in. Sint sint id nobis similique voluptates temporibus deserunt. Placeat corporis iste dolorem laborum necessitatibus ut eius.', 90, 0, 1, '2014-05-14 05:08:19', '2017-09-25 18:05:32');
INSERT INTO `car_book` (`id`, `cars_id`, `user_id`, `head`, `body`, `media_id`, `is_public`, `is_archived`, `created_at`, `updated_at`) VALUES (60, 40, 65, 'voluptatem', 'Nihil ad commodi nam quas. Error hic officiis sapiente eaque quia omnis. Voluptas dolor dolore rerum id est.', 32, 0, 1, '2015-11-15 05:51:05', '2019-10-22 05:14:17');
INSERT INTO `car_book` (`id`, `cars_id`, `user_id`, `head`, `body`, `media_id`, `is_public`, `is_archived`, `created_at`, `updated_at`) VALUES (61, 58, 28, 'labore', 'Qui id totam distinctio et rerum et aut. Molestiae modi rerum dolore nisi temporibus. Veniam quas in adipisci rerum. Molestiae sed nam vero est illum.', 35, 1, 0, '2015-11-18 12:58:53', '2013-03-23 20:24:05');
INSERT INTO `car_book` (`id`, `cars_id`, `user_id`, `head`, `body`, `media_id`, `is_public`, `is_archived`, `created_at`, `updated_at`) VALUES (62, 12, 44, 'ea', 'Laboriosam ex qui magni qui. Aut dolores eaque et odio eos quo vero. Enim consequatur officia ducimus aut accusantium est. Doloribus eveniet veniam earum culpa voluptates. Laboriosam temporibus voluptate cumque.', 43, 1, 0, '2017-12-27 16:50:58', '2013-12-16 15:13:03');
INSERT INTO `car_book` (`id`, `cars_id`, `user_id`, `head`, `body`, `media_id`, `is_public`, `is_archived`, `created_at`, `updated_at`) VALUES (63, 47, 56, 'rerum', 'Rerum id aspernatur possimus voluptatem praesentium. Voluptatem assumenda qui possimus minima. Tempora tenetur nobis et ipsa.', 25, 1, 0, '2015-12-27 18:32:44', '2013-12-19 04:10:31');
INSERT INTO `car_book` (`id`, `cars_id`, `user_id`, `head`, `body`, `media_id`, `is_public`, `is_archived`, `created_at`, `updated_at`) VALUES (64, 26, 62, 'facere', 'Qui est rerum magnam porro. Molestiae suscipit incidunt dolor. Aut quia distinctio modi.', 58, 1, 0, '2021-02-18 19:00:48', '2017-05-08 12:25:45');
INSERT INTO `car_book` (`id`, `cars_id`, `user_id`, `head`, `body`, `media_id`, `is_public`, `is_archived`, `created_at`, `updated_at`) VALUES (65, 41, 39, 'nesciunt', 'Eaque ducimus enim saepe velit rerum aut. Aut ut autem occaecati suscipit qui est. Neque quod ipsa laboriosam et. Beatae vero rerum nostrum ut aut dolorem labore.', 90, 0, 1, '2016-02-02 05:53:11', '2015-07-30 11:51:47');
INSERT INTO `car_book` (`id`, `cars_id`, `user_id`, `head`, `body`, `media_id`, `is_public`, `is_archived`, `created_at`, `updated_at`) VALUES (66, 83, 10, 'enim', 'Adipisci maxime deleniti temporibus quas eum aut ullam quas. Velit aut rerum quia ut. Assumenda nihil qui natus impedit iusto.', 5, 1, 0, '2014-09-26 06:44:43', '2018-06-08 02:19:19');
INSERT INTO `car_book` (`id`, `cars_id`, `user_id`, `head`, `body`, `media_id`, `is_public`, `is_archived`, `created_at`, `updated_at`) VALUES (67, 3, 82, 'delectus', 'Dolores voluptatem iure numquam tenetur voluptates. Asperiores natus quia repudiandae ut quam. Molestiae ducimus ut labore eos porro rerum alias.', 91, 1, 0, '2013-01-30 16:01:22', '2019-07-20 03:41:49');
INSERT INTO `car_book` (`id`, `cars_id`, `user_id`, `head`, `body`, `media_id`, `is_public`, `is_archived`, `created_at`, `updated_at`) VALUES (68, 41, 48, 'fugit', 'Facere vel iure et iste ut nihil fugit ullam. Quae facere impedit vero sit eaque. Ut esse quia impedit rem. Repudiandae quis rerum corporis qui amet et eos. Voluptatem laborum sit quas magni qui ab qui.', 62, 0, 1, '2014-12-07 21:58:06', '2018-01-10 08:21:00');
INSERT INTO `car_book` (`id`, `cars_id`, `user_id`, `head`, `body`, `media_id`, `is_public`, `is_archived`, `created_at`, `updated_at`) VALUES (69, 76, 34, 'natus', 'Nobis qui et enim delectus veritatis nostrum. Odit alias officiis nihil consectetur nesciunt reiciendis voluptas. Illo fugiat a aut vitae minus. Expedita magnam laudantium mollitia ut. Magni ut reiciendis error est aspernatur esse.', 78, 1, 1, '2020-11-27 03:56:38', '2018-01-12 10:09:56');
INSERT INTO `car_book` (`id`, `cars_id`, `user_id`, `head`, `body`, `media_id`, `is_public`, `is_archived`, `created_at`, `updated_at`) VALUES (70, 1, 96, 'neque', 'Expedita ea maxime cupiditate architecto. Repellendus ea sunt voluptatem dolor itaque nihil consequatur. Voluptate et eveniet non labore aliquid ad iusto nulla.', 8, 1, 1, '2020-07-25 17:30:52', '2018-05-04 01:00:42');
INSERT INTO `car_book` (`id`, `cars_id`, `user_id`, `head`, `body`, `media_id`, `is_public`, `is_archived`, `created_at`, `updated_at`) VALUES (71, 55, 77, 'voluptatibus', 'Laborum aut nemo quia consequatur voluptates iste iste. Maxime quis consequatur asperiores doloremque repellat. Ducimus molestiae doloribus omnis odit incidunt odit perspiciatis. Quia id incidunt sed omnis labore mollitia laudantium.', 48, 0, 0, '2021-04-19 18:10:38', '2017-09-30 21:24:31');
INSERT INTO `car_book` (`id`, `cars_id`, `user_id`, `head`, `body`, `media_id`, `is_public`, `is_archived`, `created_at`, `updated_at`) VALUES (72, 76, 83, 'magni', 'Et consequatur qui laboriosam. Dolor veniam consequuntur et ab maxime ut. Sint fugit eos cum cum commodi.', 71, 0, 1, '2016-10-12 07:56:41', '2015-01-09 00:32:05');
INSERT INTO `car_book` (`id`, `cars_id`, `user_id`, `head`, `body`, `media_id`, `is_public`, `is_archived`, `created_at`, `updated_at`) VALUES (73, 30, 99, 'aut', 'Quisquam enim accusamus velit ducimus. Eum corrupti suscipit atque voluptatem voluptas molestias sunt possimus. Totam est voluptatibus ut dolore qui. Sed non laboriosam eum in.', 15, 0, 1, '2012-04-30 11:42:55', '2020-06-09 08:16:41');
INSERT INTO `car_book` (`id`, `cars_id`, `user_id`, `head`, `body`, `media_id`, `is_public`, `is_archived`, `created_at`, `updated_at`) VALUES (74, 54, 77, 'et', 'Ut ut non est assumenda. Iusto maxime omnis sit nihil consequatur sunt. Sequi unde adipisci rerum eum dicta ullam provident molestiae.', 91, 1, 1, '2018-01-30 01:49:45', '2020-08-18 05:19:23');
INSERT INTO `car_book` (`id`, `cars_id`, `user_id`, `head`, `body`, `media_id`, `is_public`, `is_archived`, `created_at`, `updated_at`) VALUES (75, 88, 77, 'iusto', 'Consequuntur rerum alias voluptate. Ad eum ad perferendis similique beatae eaque voluptatem eveniet. Ab est nihil sit repellendus. Doloremque asperiores aperiam dolorum quia quasi placeat et ea.', 44, 0, 1, '2011-10-09 09:30:21', '2016-08-18 09:12:30');
INSERT INTO `car_book` (`id`, `cars_id`, `user_id`, `head`, `body`, `media_id`, `is_public`, `is_archived`, `created_at`, `updated_at`) VALUES (76, 96, 60, 'voluptates', 'Maxime odio amet vel quam consequuntur. Rerum numquam qui cupiditate tempore fugiat molestias. Itaque fuga veritatis qui facilis repellendus.', 59, 1, 1, '2021-04-05 06:55:14', '2012-12-14 23:11:53');
INSERT INTO `car_book` (`id`, `cars_id`, `user_id`, `head`, `body`, `media_id`, `is_public`, `is_archived`, `created_at`, `updated_at`) VALUES (77, 73, 10, 'magnam', 'Alias voluptatem voluptas facere totam repellat consectetur non. Vel temporibus nostrum ea consequatur. Est error perspiciatis nesciunt sit esse.', 99, 0, 1, '2018-09-09 14:37:49', '2020-09-23 14:23:36');
INSERT INTO `car_book` (`id`, `cars_id`, `user_id`, `head`, `body`, `media_id`, `is_public`, `is_archived`, `created_at`, `updated_at`) VALUES (78, 8, 43, 'excepturi', 'At qui qui consequatur ut voluptatem velit et voluptatem. Perspiciatis minus autem ea. Nihil magni dolor ut autem eum. Voluptas libero eius expedita voluptas.', 5, 1, 0, '2014-10-26 01:58:15', '2014-12-13 08:04:33');
INSERT INTO `car_book` (`id`, `cars_id`, `user_id`, `head`, `body`, `media_id`, `is_public`, `is_archived`, `created_at`, `updated_at`) VALUES (79, 88, 13, 'distinctio', 'Magni nihil qui voluptate. Quo et ut reiciendis sunt. Dicta repudiandae exercitationem quasi qui deleniti enim.', 54, 1, 1, '2014-07-28 02:35:35', '2021-02-13 22:53:45');
INSERT INTO `car_book` (`id`, `cars_id`, `user_id`, `head`, `body`, `media_id`, `is_public`, `is_archived`, `created_at`, `updated_at`) VALUES (80, 31, 80, 'veniam', 'Molestiae et asperiores voluptates voluptate corporis. Molestiae officiis est sed sit quam placeat sit. In perspiciatis quisquam odio id.', 56, 0, 0, '2016-01-13 00:33:56', '2012-08-04 11:50:37');
INSERT INTO `car_book` (`id`, `cars_id`, `user_id`, `head`, `body`, `media_id`, `is_public`, `is_archived`, `created_at`, `updated_at`) VALUES (81, 59, 20, 'occaecati', 'Tempore dolores sint sunt ut. Porro ad nam cupiditate quia. Ut nostrum quas culpa corporis provident est.', 81, 0, 1, '2018-10-08 13:58:36', '2012-12-16 23:42:50');
INSERT INTO `car_book` (`id`, `cars_id`, `user_id`, `head`, `body`, `media_id`, `is_public`, `is_archived`, `created_at`, `updated_at`) VALUES (82, 75, 92, 'et', 'Dolore quo vero ipsam quisquam aut aut dolorem. Eaque iusto voluptate quis minima et et. Aut autem odit nemo voluptatibus natus. Qui quos aut recusandae natus sunt.', 76, 0, 0, '2013-06-15 02:11:00', '2017-01-27 12:52:05');
INSERT INTO `car_book` (`id`, `cars_id`, `user_id`, `head`, `body`, `media_id`, `is_public`, `is_archived`, `created_at`, `updated_at`) VALUES (83, 39, 28, 'aut', 'Est quaerat officia qui. Provident expedita natus ullam et tempore. Est ab ea quibusdam.', 86, 0, 0, '2016-04-30 06:06:47', '2021-04-17 07:51:50');
INSERT INTO `car_book` (`id`, `cars_id`, `user_id`, `head`, `body`, `media_id`, `is_public`, `is_archived`, `created_at`, `updated_at`) VALUES (84, 29, 70, 'asperiores', 'Esse in et ipsum qui consequatur illum eligendi. Fuga tempora qui quasi quas eos tempora. Assumenda fugiat perspiciatis corporis debitis atque ipsum.', 48, 1, 0, '2014-08-15 03:37:18', '2011-11-30 04:49:56');
INSERT INTO `car_book` (`id`, `cars_id`, `user_id`, `head`, `body`, `media_id`, `is_public`, `is_archived`, `created_at`, `updated_at`) VALUES (85, 69, 45, 'placeat', 'Corrupti laudantium quae blanditiis error sapiente nobis. Vel libero dolorem qui.', 8, 1, 0, '2014-10-25 10:54:07', '2020-07-01 16:21:21');
INSERT INTO `car_book` (`id`, `cars_id`, `user_id`, `head`, `body`, `media_id`, `is_public`, `is_archived`, `created_at`, `updated_at`) VALUES (86, 97, 5, 'quo', 'Culpa sit distinctio ipsum et. Repudiandae excepturi non omnis dignissimos excepturi. Nisi aut velit excepturi mollitia ut qui.', 23, 1, 0, '2017-01-25 03:52:30', '2012-11-30 20:33:41');
INSERT INTO `car_book` (`id`, `cars_id`, `user_id`, `head`, `body`, `media_id`, `is_public`, `is_archived`, `created_at`, `updated_at`) VALUES (87, 10, 74, 'quo', 'Doloremque est eveniet aspernatur quisquam. Pariatur reiciendis sunt vel quibusdam enim architecto rerum. Quaerat perspiciatis illo et cupiditate magni iste repellendus. Beatae in debitis voluptatem atque vel et.', 71, 1, 1, '2014-05-31 12:52:32', '2013-05-15 21:03:38');
INSERT INTO `car_book` (`id`, `cars_id`, `user_id`, `head`, `body`, `media_id`, `is_public`, `is_archived`, `created_at`, `updated_at`) VALUES (88, 30, 24, 'error', 'Sapiente ex suscipit voluptates qui architecto. Temporibus in fuga placeat dolore voluptatem veritatis. Mollitia porro fuga dolor fugiat in numquam. Nulla autem illo consequatur ut.', 18, 1, 0, '2012-11-04 12:12:45', '2012-04-22 15:22:25');
INSERT INTO `car_book` (`id`, `cars_id`, `user_id`, `head`, `body`, `media_id`, `is_public`, `is_archived`, `created_at`, `updated_at`) VALUES (89, 39, 31, 'nobis', 'Vitae deleniti facere nihil. Ratione et porro molestias non et explicabo. Voluptas tempora eos unde quos et eaque. Consequuntur pariatur facilis qui asperiores dolores dignissimos omnis.', 39, 0, 0, '2015-07-03 10:50:41', '2016-05-29 15:46:59');
INSERT INTO `car_book` (`id`, `cars_id`, `user_id`, `head`, `body`, `media_id`, `is_public`, `is_archived`, `created_at`, `updated_at`) VALUES (90, 77, 90, 'ea', 'Aperiam accusamus laboriosam aperiam vitae laboriosam sed. Consequatur et modi sint culpa tempore aut qui et. Eveniet sed qui at est vitae consequatur eos dolores.', 82, 1, 1, '2018-11-26 01:55:39', '2016-06-07 22:36:48');
INSERT INTO `car_book` (`id`, `cars_id`, `user_id`, `head`, `body`, `media_id`, `is_public`, `is_archived`, `created_at`, `updated_at`) VALUES (91, 62, 60, 'labore', 'Quos perspiciatis ad consequatur minima. Quis nostrum est libero velit magni beatae. Natus est ut sequi.', 36, 1, 0, '2013-08-27 21:49:56', '2013-08-02 19:26:16');
INSERT INTO `car_book` (`id`, `cars_id`, `user_id`, `head`, `body`, `media_id`, `is_public`, `is_archived`, `created_at`, `updated_at`) VALUES (92, 17, 61, 'adipisci', 'Pariatur sint autem nobis ex sunt consequuntur sed. Similique reprehenderit est provident et voluptatum. Laborum voluptas quas maiores ea itaque.', 19, 1, 1, '2019-12-24 03:40:44', '2020-04-01 04:45:53');
INSERT INTO `car_book` (`id`, `cars_id`, `user_id`, `head`, `body`, `media_id`, `is_public`, `is_archived`, `created_at`, `updated_at`) VALUES (93, 78, 64, 'quis', 'Doloribus in odit labore qui. Qui repudiandae deleniti et est quos assumenda. Dolorum est et saepe optio recusandae voluptatem.', 30, 1, 1, '2011-10-22 06:54:02', '2011-06-19 15:37:53');
INSERT INTO `car_book` (`id`, `cars_id`, `user_id`, `head`, `body`, `media_id`, `is_public`, `is_archived`, `created_at`, `updated_at`) VALUES (94, 76, 36, 'at', 'In magni dolorum quo quisquam aliquid atque perferendis est. Distinctio doloribus veritatis dolorem in.', 39, 1, 1, '2021-02-10 13:17:50', '2012-03-23 05:10:37');
INSERT INTO `car_book` (`id`, `cars_id`, `user_id`, `head`, `body`, `media_id`, `is_public`, `is_archived`, `created_at`, `updated_at`) VALUES (95, 88, 93, 'sit', 'Quo aut quia fuga perspiciatis sed quia reiciendis. Neque voluptatibus error quasi excepturi numquam quia.', 63, 1, 0, '2013-04-17 10:02:29', '2019-01-28 16:15:09');
INSERT INTO `car_book` (`id`, `cars_id`, `user_id`, `head`, `body`, `media_id`, `is_public`, `is_archived`, `created_at`, `updated_at`) VALUES (96, 50, 84, 'neque', 'Aut modi tempore quo. Molestiae ratione est aliquid nihil iste incidunt consequatur enim. Ad reiciendis similique illum quo quos.', 35, 1, 1, '2017-05-23 02:13:48', '2013-08-15 09:05:32');
INSERT INTO `car_book` (`id`, `cars_id`, `user_id`, `head`, `body`, `media_id`, `is_public`, `is_archived`, `created_at`, `updated_at`) VALUES (97, 58, 53, 'quae', 'Earum quo ipsum hic occaecati. Omnis autem a et inventore debitis aut consectetur. Est atque consequatur cum veritatis. Corporis doloribus soluta id ab.', 81, 0, 1, '2016-01-09 12:46:43', '2013-09-15 16:11:07');
INSERT INTO `car_book` (`id`, `cars_id`, `user_id`, `head`, `body`, `media_id`, `is_public`, `is_archived`, `created_at`, `updated_at`) VALUES (98, 99, 49, 'possimus', 'Eaque reprehenderit et veniam repudiandae voluptates voluptatibus. Necessitatibus dolorem sed ea quia fugiat sint tenetur. Tenetur quidem quidem voluptas ipsum. Et recusandae dicta et dolor eum.', 23, 1, 1, '2015-11-12 17:05:23', '2011-08-15 08:53:39');
INSERT INTO `car_book` (`id`, `cars_id`, `user_id`, `head`, `body`, `media_id`, `is_public`, `is_archived`, `created_at`, `updated_at`) VALUES (99, 10, 97, 'distinctio', 'Quas alias veritatis deleniti aut fuga. Dolores blanditiis et laborum et. Quos veritatis quo ut et sit. Culpa ipsa fugit est perferendis et ut.', 76, 0, 0, '2016-09-12 09:23:08', '2019-02-06 23:58:00');
INSERT INTO `car_book` (`id`, `cars_id`, `user_id`, `head`, `body`, `media_id`, `is_public`, `is_archived`, `created_at`, `updated_at`) VALUES (100, 73, 23, 'nostrum', 'Eius est magnam qui minima molestiae et facere. Dignissimos aut enim autem. Magnam quis similique voluptate quam necessitatibus autem qui.', 56, 0, 0, '2017-07-18 15:56:24', '2018-02-19 12:34:16');

INSERT INTO `auto_service` (`id`, `name`, `cars_brands_id`, `email`, `phone`, `address`, `created_at`, `updated_at`) VALUES (1, 'repudiandae', 1, 'lenore95@example.net', '05509585591', '15280 Reinger View\nEast Lila, WI 33967-3059', '2012-03-20 16:34:46', '2017-10-02 22:44:43');
INSERT INTO `auto_service` (`id`, `name`, `cars_brands_id`, `email`, `phone`, `address`, `created_at`, `updated_at`) VALUES (2, 'explicabo', 2, 'kenny.oberbrunner@example.com', '1-272-098-9843x92060', '074 Vinnie Roads\nPort Martachester, HI 04377', '2016-05-12 23:29:39', '2019-08-22 05:13:34');
INSERT INTO `auto_service` (`id`, `name`, `cars_brands_id`, `email`, `phone`, `address`, `created_at`, `updated_at`) VALUES (3, 'aliquid', 3, 'ibode@example.net', '1-436-299-5508', '7958 Upton Union Suite 971\nHeathcotemouth, AR 18490', '2011-09-24 09:55:28', '2014-11-07 08:23:55');
INSERT INTO `auto_service` (`id`, `name`, `cars_brands_id`, `email`, `phone`, `address`, `created_at`, `updated_at`) VALUES (4, 'hic', 4, 'schuster.trycia@example.net', '723-025-5510', '3116 Goyette Square\nDuBuquehaven, MN 27263', '2014-03-26 04:43:42', '2017-01-04 11:11:22');
INSERT INTO `auto_service` (`id`, `name`, `cars_brands_id`, `email`, `phone`, `address`, `created_at`, `updated_at`) VALUES (5, 'deleniti', 5, 'garrett.conroy@example.org', '(381)647-3229x22157', '8545 Malcolm Knolls\nNorth Demario, MD 81606', '2015-11-12 02:21:11', '2018-10-03 08:27:27');
INSERT INTO `auto_service` (`id`, `name`, `cars_brands_id`, `email`, `phone`, `address`, `created_at`, `updated_at`) VALUES (6, 'sunt', 6, 'elias33@example.net', '05738867415', '93359 Jay Haven\nTierraberg, AZ 67863-2190', '2018-11-11 19:46:41', '2017-03-03 19:53:11');
INSERT INTO `auto_service` (`id`, `name`, `cars_brands_id`, `email`, `phone`, `address`, `created_at`, `updated_at`) VALUES (7, 'cupiditate', 7, 'qmacejkovic@example.net', '722-123-7567x60203', '40287 Domenic Junction\nWest Nakiastad, ND 75380', '2015-02-05 00:01:42', '2018-04-02 13:30:25');
INSERT INTO `auto_service` (`id`, `name`, `cars_brands_id`, `email`, `phone`, `address`, `created_at`, `updated_at`) VALUES (8, 'numquam', 8, 'jarret.christiansen@example.com', '103.483.0019x5997', '208 Wintheiser Fords\nEast Emeryland, AL 68010-2259', '2015-05-27 13:27:54', '2012-10-23 10:23:17');
INSERT INTO `auto_service` (`id`, `name`, `cars_brands_id`, `email`, `phone`, `address`, `created_at`, `updated_at`) VALUES (9, 'voluptas', 9, 'hannah.romaguera@example.org', '(646)540-5642x58840', '95883 Huel Union Suite 396\nSouth Candace, TN 03967', '2017-01-06 09:43:39', '2016-06-23 10:49:08');
INSERT INTO `auto_service` (`id`, `name`, `cars_brands_id`, `email`, `phone`, `address`, `created_at`, `updated_at`) VALUES (10, 'corrupti', 10, 'zora.simonis@example.com', '821-630-1423', '625 Liana Extension\nKrajcikville, HI 05502-5498', '2021-03-22 11:14:09', '2019-07-11 19:39:47');
INSERT INTO `auto_service` (`id`, `name`, `cars_brands_id`, `email`, `phone`, `address`, `created_at`, `updated_at`) VALUES (11, 'aut', 11, 'marvin.ivory@example.org', '08358275673', '32376 Renner Village\nAlfredobury, WY 47006-3844', '2020-04-11 03:11:52', '2018-11-28 00:31:47');
INSERT INTO `auto_service` (`id`, `name`, `cars_brands_id`, `email`, `phone`, `address`, `created_at`, `updated_at`) VALUES (12, 'suscipit', 12, 'mjaskolski@example.net', '1-400-312-8409', '3775 Erdman Parkway\nEast Camylleland, DE 22013-6599', '2015-09-28 13:10:06', '2013-02-05 17:57:00');
INSERT INTO `auto_service` (`id`, `name`, `cars_brands_id`, `email`, `phone`, `address`, `created_at`, `updated_at`) VALUES (13, 'dolores', 13, 'buford25@example.org', '1-492-900-9488x3730', '2903 Thiel Knolls Suite 932\nNorth Jarrodport, WY 66796-8275', '2020-08-26 06:49:27', '2015-09-06 01:27:02');
INSERT INTO `auto_service` (`id`, `name`, `cars_brands_id`, `email`, `phone`, `address`, `created_at`, `updated_at`) VALUES (14, 'quos', 14, 'pgreenfelder@example.org', '1-682-665-0962x52687', '1272 Karson Roads Suite 489\nNew Felixmouth, OH 62989-1621', '2011-05-16 08:35:04', '2018-08-25 14:56:40');
INSERT INTO `auto_service` (`id`, `name`, `cars_brands_id`, `email`, `phone`, `address`, `created_at`, `updated_at`) VALUES (15, 'maxime', 15, 'benny97@example.org', '1-863-448-9995x7198', '1442 Cormier Lane Suite 223\nLeliaside, AK 49792-1464', '2013-09-03 14:02:17', '2012-04-05 23:46:15');
INSERT INTO `auto_service` (`id`, `name`, `cars_brands_id`, `email`, `phone`, `address`, `created_at`, `updated_at`) VALUES (16, 'atque', 16, 'boyd.little@example.net', '(942)269-8657x54662', '82015 Connor Parkway Apt. 896\nSouth Naomie, VA 73761', '2016-07-18 01:35:42', '2019-02-19 12:36:51');
INSERT INTO `auto_service` (`id`, `name`, `cars_brands_id`, `email`, `phone`, `address`, `created_at`, `updated_at`) VALUES (17, 'incidunt', 17, 'ortiz.rashawn@example.com', '03457277245', '9016 Waters Harbor Apt. 371\nLake Audra, OH 40888', '2012-01-26 21:04:04', '2016-10-29 22:03:06');
INSERT INTO `auto_service` (`id`, `name`, `cars_brands_id`, `email`, `phone`, `address`, `created_at`, `updated_at`) VALUES (18, 'quas', 18, 'konopelski.margaret@example.com', '1-427-650-6621x11523', '8921 Hershel Valleys Suite 752\nGradystad, WV 29054', '2018-05-26 12:26:00', '2019-01-20 00:29:24');
INSERT INTO `auto_service` (`id`, `name`, `cars_brands_id`, `email`, `phone`, `address`, `created_at`, `updated_at`) VALUES (19, 'sed', 19, 'sfay@example.net', '748.394.7074x12457', '7658 Winston View Suite 433\nBatzstad, DC 10050-7128', '2017-10-26 12:18:54', '2016-05-08 17:05:27');
INSERT INTO `auto_service` (`id`, `name`, `cars_brands_id`, `email`, `phone`, `address`, `created_at`, `updated_at`) VALUES (20, 'ullam', 20, 'carlee.fahey@example.org', '756.536.7974x673', '3670 Verna Valley Apt. 377\nLake Edisonville, ND 72573', '2013-03-17 00:33:33', '2019-11-29 15:57:36');
INSERT INTO `auto_service` (`id`, `name`, `cars_brands_id`, `email`, `phone`, `address`, `created_at`, `updated_at`) VALUES (21, 'a', 21, 'qwindler@example.com', '1-848-358-3037x60076', '0621 Lebsack Canyon Suite 293\nPort Heidi, DC 07136', '2019-09-16 17:49:35', '2019-05-18 11:27:45');
INSERT INTO `auto_service` (`id`, `name`, `cars_brands_id`, `email`, `phone`, `address`, `created_at`, `updated_at`) VALUES (22, 'dolorem', 22, 'cristian46@example.org', '(384)722-3530', '507 Mayer Summit\nGulgowskifurt, AK 53198-5557', '2017-06-19 10:55:53', '2015-08-20 03:59:14');
INSERT INTO `auto_service` (`id`, `name`, `cars_brands_id`, `email`, `phone`, `address`, `created_at`, `updated_at`) VALUES (23, 'ipsum', 23, 'flavie74@example.net', '185-650-5743', '67748 Kuhic Street\nRathland, CT 71391', '2020-11-18 14:17:54', '2020-01-15 09:30:57');
INSERT INTO `auto_service` (`id`, `name`, `cars_brands_id`, `email`, `phone`, `address`, `created_at`, `updated_at`) VALUES (24, 'et', 24, 'lang.darrion@example.com', '602-445-5670x0225', '06942 Noemie Roads\nEast Lia, PA 30223-1054', '2015-08-30 18:36:31', '2018-10-31 21:44:39');
INSERT INTO `auto_service` (`id`, `name`, `cars_brands_id`, `email`, `phone`, `address`, `created_at`, `updated_at`) VALUES (25, 'doloribus', 25, 'sipes.virgie@example.com', '+01(9)2392080695', '611 Huel Inlet Apt. 924\nWest Jeremie, KS 51071', '2019-03-11 07:50:59', '2013-06-06 10:48:39');
INSERT INTO `auto_service` (`id`, `name`, `cars_brands_id`, `email`, `phone`, `address`, `created_at`, `updated_at`) VALUES (26, 'vero', 26, 'funk.hugh@example.com', '(350)837-8403x8406', '10975 Pollich Squares\nNew Darrion, KS 98844-4176', '2020-09-07 12:29:26', '2015-06-16 23:21:19');
INSERT INTO `auto_service` (`id`, `name`, `cars_brands_id`, `email`, `phone`, `address`, `created_at`, `updated_at`) VALUES (27, 'illum', 27, 'carson07@example.net', '(629)027-4588x8769', '9220 Laron Road\nAmaliachester, NM 54355', '2012-10-25 15:54:41', '2012-09-26 10:37:28');
INSERT INTO `auto_service` (`id`, `name`, `cars_brands_id`, `email`, `phone`, `address`, `created_at`, `updated_at`) VALUES (28, 'totam', 28, 'keeling.lucio@example.org', '121-278-1449x0557', '122 Myrtie Stream Suite 208\nKovacekborough, OH 00002', '2021-01-20 01:55:19', '2012-06-10 10:45:46');
INSERT INTO `auto_service` (`id`, `name`, `cars_brands_id`, `email`, `phone`, `address`, `created_at`, `updated_at`) VALUES (29, 'vel', 29, 'fmoen@example.org', '168.578.8757x0066', '659 Elfrieda Locks\nNew Lempi, NE 26124-1702', '2020-09-21 09:54:38', '2013-01-10 13:30:55');
INSERT INTO `auto_service` (`id`, `name`, `cars_brands_id`, `email`, `phone`, `address`, `created_at`, `updated_at`) VALUES (30, 'asperiores', 30, 'kautzer.francisca@example.org', '227.316.1120x669', '047 Lemke Prairie\nOcieshire, VT 90090', '2021-03-20 13:35:42', '2017-01-13 06:40:56');
INSERT INTO `auto_service` (`id`, `name`, `cars_brands_id`, `email`, `phone`, `address`, `created_at`, `updated_at`) VALUES (31, 'dolor', 31, 'reymundo09@example.net', '(027)326-2521x03091', '566 Halvorson Ville Suite 212\nRobynmouth, TX 36563', '2017-02-15 12:54:53', '2017-04-13 15:41:48');
INSERT INTO `auto_service` (`id`, `name`, `cars_brands_id`, `email`, `phone`, `address`, `created_at`, `updated_at`) VALUES (32, 'omnis', 32, 'bdaniel@example.net', '1-672-064-0200x7309', '60163 Toy Mission Apt. 484\nArthurshire, PA 13350', '2018-11-30 04:04:26', '2017-12-13 19:00:45');
INSERT INTO `auto_service` (`id`, `name`, `cars_brands_id`, `email`, `phone`, `address`, `created_at`, `updated_at`) VALUES (33, 'sint', 33, 'blanda.jerry@example.com', '(599)449-2398x94158', '691 Rice Motorway\nHoustonshire, MD 52725-2010', '2021-02-07 17:03:45', '2016-04-29 20:57:46');
INSERT INTO `auto_service` (`id`, `name`, `cars_brands_id`, `email`, `phone`, `address`, `created_at`, `updated_at`) VALUES (34, 'nemo', 34, 'frederik12@example.org', '(902)233-5393x770', '965 Mann Heights Suite 774\nLabadieton, KS 23041', '2015-05-15 03:09:03', '2014-07-02 13:47:32');
INSERT INTO `auto_service` (`id`, `name`, `cars_brands_id`, `email`, `phone`, `address`, `created_at`, `updated_at`) VALUES (35, 'velit', 35, 'doyle.sofia@example.org', '1-488-298-8139x6350', '50396 Nicolas Canyon\nNew Angie, OH 26319', '2011-12-31 01:34:29', '2015-04-25 20:31:24');
INSERT INTO `auto_service` (`id`, `name`, `cars_brands_id`, `email`, `phone`, `address`, `created_at`, `updated_at`) VALUES (36, 'similique', 36, 'myra71@example.org', '090.654.4330x42980', '41027 Nedra Motorway Apt. 498\nWest Gardnerview, NM 88989', '2018-12-05 02:27:31', '2012-06-07 07:55:30');
INSERT INTO `auto_service` (`id`, `name`, `cars_brands_id`, `email`, `phone`, `address`, `created_at`, `updated_at`) VALUES (37, 'harum', 37, 'zheidenreich@example.net', '362.693.6077x95667', '3903 Tate Overpass\nSouth Isabelle, MS 93856', '2012-04-15 20:41:46', '2013-03-08 19:48:40');
INSERT INTO `auto_service` (`id`, `name`, `cars_brands_id`, `email`, `phone`, `address`, `created_at`, `updated_at`) VALUES (38, 'facilis', 38, 'rowena.heathcote@example.org', '032.765.9890x80847', '494 Jaiden Inlet Apt. 294\nKariton, HI 31759', '2020-01-25 08:39:49', '2013-09-21 04:02:18');
INSERT INTO `auto_service` (`id`, `name`, `cars_brands_id`, `email`, `phone`, `address`, `created_at`, `updated_at`) VALUES (39, 'at', 39, 'derick41@example.com', '305.180.9641x04277', '439 Kutch Prairie\nSouth Carlotta, MI 54196', '2016-08-08 15:41:23', '2021-01-21 22:36:02');
INSERT INTO `auto_service` (`id`, `name`, `cars_brands_id`, `email`, `phone`, `address`, `created_at`, `updated_at`) VALUES (40, 'est', 40, 'elvie.kris@example.com', '(019)195-6813x572', '494 Ernest Crossing\nLangoshtown, KY 01846-9569', '2015-08-26 20:40:31', '2012-07-28 16:09:25');
INSERT INTO `auto_service` (`id`, `name`, `cars_brands_id`, `email`, `phone`, `address`, `created_at`, `updated_at`) VALUES (41, 'repellendus', 41, 'wolff.deron@example.net', '(479)923-4802x22749', '090 Lizeth Passage Suite 785\nRonfurt, TX 90907-8545', '2015-08-24 19:14:25', '2013-11-07 12:59:17');
INSERT INTO `auto_service` (`id`, `name`, `cars_brands_id`, `email`, `phone`, `address`, `created_at`, `updated_at`) VALUES (42, 'voluptatem', 42, 'gmante@example.net', '1-705-315-9160x93915', '9258 Beth Neck\nReingermouth, DE 83726-4320', '2014-03-20 16:03:21', '2017-08-28 19:17:14');
INSERT INTO `auto_service` (`id`, `name`, `cars_brands_id`, `email`, `phone`, `address`, `created_at`, `updated_at`) VALUES (43, 'eum', 43, 'wlubowitz@example.net', '882.888.5013x709', '368 Charley Dam\nHoegerton, NM 16494', '2019-09-04 03:04:55', '2019-06-20 16:05:02');
INSERT INTO `auto_service` (`id`, `name`, `cars_brands_id`, `email`, `phone`, `address`, `created_at`, `updated_at`) VALUES (44, 'voluptatum', 44, 'hane.larry@example.net', '1-865-064-2175x5813', '10776 Williamson Plaza\nNorth Boris, LA 22164', '2019-12-30 12:31:51', '2014-03-19 11:37:50');
INSERT INTO `auto_service` (`id`, `name`, `cars_brands_id`, `email`, `phone`, `address`, `created_at`, `updated_at`) VALUES (45, 'tenetur', 45, 'harry38@example.com', '189.675.5560x50180', '9041 Sibyl Underpass\nMarianchester, DC 72945-7318', '2020-11-11 23:38:58', '2012-04-01 14:34:39');
INSERT INTO `auto_service` (`id`, `name`, `cars_brands_id`, `email`, `phone`, `address`, `created_at`, `updated_at`) VALUES (46, 'quaerat', 46, 'paucek.kacie@example.org', '086-948-5583', '206 Jennie Points Suite 774\nStammmouth, ME 95100-3486', '2013-09-26 00:52:45', '2018-02-11 20:27:56');
INSERT INTO `auto_service` (`id`, `name`, `cars_brands_id`, `email`, `phone`, `address`, `created_at`, `updated_at`) VALUES (47, 'quia', 47, 'ufritsch@example.net', '(391)407-6805x837', '588 Ruben Inlet\nKyliemouth, UT 98511', '2014-06-05 17:05:09', '2019-10-30 14:13:13');
INSERT INTO `auto_service` (`id`, `name`, `cars_brands_id`, `email`, `phone`, `address`, `created_at`, `updated_at`) VALUES (48, 'quis', 48, 'bahringer.herminia@example.org', '939.143.4060', '841 Langosh Turnpike Suite 586\nWest Henryland, SD 11075', '2017-03-31 07:52:17', '2012-01-20 02:28:27');
INSERT INTO `auto_service` (`id`, `name`, `cars_brands_id`, `email`, `phone`, `address`, `created_at`, `updated_at`) VALUES (49, 'sit', 49, 'vbartoletti@example.org', '+67(1)3669924506', '899 Carissa Crossroad\nSouth Bernhard, WA 82796', '2013-03-30 03:28:24', '2017-10-21 19:50:37');
INSERT INTO `auto_service` (`id`, `name`, `cars_brands_id`, `email`, `phone`, `address`, `created_at`, `updated_at`) VALUES (50, 'consequuntur', 50, 'wryan@example.net', '+54(2)1291868866', '6586 Crooks Path Suite 563\nNorth Margaretthaven, IL 17163', '2018-01-24 14:03:16', '2017-08-22 12:37:22');
INSERT INTO `auto_service` (`id`, `name`, `cars_brands_id`, `email`, `phone`, `address`, `created_at`, `updated_at`) VALUES (51, 'ea', 51, 'eulalia70@example.net', '(640)446-4704x2194', '29380 Alessia Bypass\nLake Titostad, AL 20770', '2014-10-13 17:50:05', '2013-10-09 12:17:52');
INSERT INTO `auto_service` (`id`, `name`, `cars_brands_id`, `email`, `phone`, `address`, `created_at`, `updated_at`) VALUES (52, 'rem', 52, 'earnestine73@example.com', '098.383.6875x896', '963 Schmitt Stravenue\nNew Adolphusport, TN 39621-6969', '2019-08-05 22:43:07', '2017-12-16 20:18:16');
INSERT INTO `auto_service` (`id`, `name`, `cars_brands_id`, `email`, `phone`, `address`, `created_at`, `updated_at`) VALUES (53, 'aperiam', 53, 'dolores.orn@example.net', '1-250-008-8529x935', '84296 Wilkinson Spur Suite 431\nNew Devonte, MD 07991-6588', '2016-05-17 15:23:25', '2012-02-14 07:03:15');
INSERT INTO `auto_service` (`id`, `name`, `cars_brands_id`, `email`, `phone`, `address`, `created_at`, `updated_at`) VALUES (54, 'doloremque', 54, 'mills.kenton@example.org', '017-308-9034x408', '233 Wuckert Islands Apt. 685\nSouth Providenciborough, NM 52151-1354', '2019-09-15 13:56:42', '2012-12-14 04:14:42');
INSERT INTO `auto_service` (`id`, `name`, `cars_brands_id`, `email`, `phone`, `address`, `created_at`, `updated_at`) VALUES (55, 'rerum', 55, 'eulalia.breitenberg@example.org', '884-970-3548x7256', '591 Wilhelmine Rapids\nKshlerinshire, KS 68538-6272', '2019-10-11 23:51:02', '2019-12-25 16:13:09');
INSERT INTO `auto_service` (`id`, `name`, `cars_brands_id`, `email`, `phone`, `address`, `created_at`, `updated_at`) VALUES (56, 'dolore', 56, 'sheldon64@example.com', '164.228.4968', '53861 Gloria Passage\nJayneside, MN 72616-3761', '2015-03-28 12:35:11', '2012-10-28 08:02:01');
INSERT INTO `auto_service` (`id`, `name`, `cars_brands_id`, `email`, `phone`, `address`, `created_at`, `updated_at`) VALUES (57, 'modi', 57, 'shand@example.net', '1-446-614-9541x927', '213 Ledner Mews\nRueckerburgh, CT 24922', '2020-05-15 17:28:43', '2016-03-23 19:34:09');
INSERT INTO `auto_service` (`id`, `name`, `cars_brands_id`, `email`, `phone`, `address`, `created_at`, `updated_at`) VALUES (58, 'ratione', 58, 'stroman.myra@example.org', '02141090307', '828 Gottlieb Crossroad\nWest Kevenbury, ID 34430-1105', '2021-04-04 17:59:43', '2016-01-02 10:34:15');
INSERT INTO `auto_service` (`id`, `name`, `cars_brands_id`, `email`, `phone`, `address`, `created_at`, `updated_at`) VALUES (59, 'dignissimos', 59, 'rryan@example.org', '(621)388-6239', '0721 Klein Inlet\nNew Joannie, RI 13409', '2016-12-21 12:07:11', '2014-02-22 08:20:14');
INSERT INTO `auto_service` (`id`, `name`, `cars_brands_id`, `email`, `phone`, `address`, `created_at`, `updated_at`) VALUES (60, 'cum', 60, 'kohler.geovany@example.org', '03954182104', '955 Lowe Estates Apt. 293\nKarichester, HI 16617-8476', '2021-01-09 20:30:57', '2011-05-15 05:39:18');
INSERT INTO `auto_service` (`id`, `name`, `cars_brands_id`, `email`, `phone`, `address`, `created_at`, `updated_at`) VALUES (61, 'ducimus', 61, 'irowe@example.com', '374-477-1524', '54474 Fay Fort Apt. 333\nEast Consuelo, WI 04052-7652', '2012-09-24 04:13:10', '2021-02-04 21:01:44');
INSERT INTO `auto_service` (`id`, `name`, `cars_brands_id`, `email`, `phone`, `address`, `created_at`, `updated_at`) VALUES (62, 'libero', 62, 'mueller.melody@example.org', '413-797-2425x029', '3271 Watsica Cape Suite 257\nKamrynfurt, NJ 74745-0098', '2019-01-28 22:30:00', '2018-07-10 00:59:12');
INSERT INTO `auto_service` (`id`, `name`, `cars_brands_id`, `email`, `phone`, `address`, `created_at`, `updated_at`) VALUES (63, 'nostrum', 63, 'christina29@example.com', '495.564.6330x24313', '682 Adams Street\nEast Nyah, OR 88587', '2015-01-05 12:13:58', '2020-11-23 05:59:12');
INSERT INTO `auto_service` (`id`, `name`, `cars_brands_id`, `email`, `phone`, `address`, `created_at`, `updated_at`) VALUES (64, 'in', 64, 'abe51@example.org', '956-294-5140x371', '72072 Velda Walks Suite 397\nWest Tania, TX 29723-0882', '2018-07-25 02:02:16', '2011-11-25 23:01:11');
INSERT INTO `auto_service` (`id`, `name`, `cars_brands_id`, `email`, `phone`, `address`, `created_at`, `updated_at`) VALUES (65, 'quo', 65, 'albin.o\'kon@example.com', '671.844.0634', '275 Bernadette Haven\nTayaport, VT 31979', '2015-05-18 03:42:35', '2011-07-13 08:33:49');
INSERT INTO `auto_service` (`id`, `name`, `cars_brands_id`, `email`, `phone`, `address`, `created_at`, `updated_at`) VALUES (66, 'necessitatibus', 66, 'rswift@example.org', '1-330-525-0882', '19182 Aurelia Square\nBashirianmouth, CO 06075', '2017-11-21 22:24:45', '2015-12-24 20:00:35');
INSERT INTO `auto_service` (`id`, `name`, `cars_brands_id`, `email`, `phone`, `address`, `created_at`, `updated_at`) VALUES (67, 'nesciunt', 67, 'kayla91@example.net', '(892)015-7037', '931 Wisozk Brooks\nNorth Geovanniland, NV 62080-3177', '2019-11-03 08:45:08', '2015-09-27 17:48:04');
INSERT INTO `auto_service` (`id`, `name`, `cars_brands_id`, `email`, `phone`, `address`, `created_at`, `updated_at`) VALUES (68, 'voluptates', 68, 'zblick@example.net', '(791)395-4634', '9722 Garnet Lakes\nNew Chazmouth, MO 72784-7553', '2013-02-11 19:49:00', '2011-06-06 20:35:01');
INSERT INTO `auto_service` (`id`, `name`, `cars_brands_id`, `email`, `phone`, `address`, `created_at`, `updated_at`) VALUES (69, 'expedita', 69, 'ro\'reilly@example.org', '1-241-005-0541x27860', '3269 Wilkinson Junctions\nRaphaellehaven, TN 43667', '2017-03-18 09:11:32', '2015-10-02 02:06:45');
INSERT INTO `auto_service` (`id`, `name`, `cars_brands_id`, `email`, `phone`, `address`, `created_at`, `updated_at`) VALUES (70, 'aspernatur', 70, 'kertzmann.cynthia@example.org', '+04(6)0572808769', '30581 Dariana Extension Apt. 199\nNew Joeltown, VA 84247-1403', '2020-07-30 15:06:54', '2014-08-16 01:52:40');
INSERT INTO `auto_service` (`id`, `name`, `cars_brands_id`, `email`, `phone`, `address`, `created_at`, `updated_at`) VALUES (71, 'labore', 71, 'russell.larson@example.net', '+58(2)9452006353', '33270 Jacobi Ridge Apt. 062\nNorth Emery, MA 02019-3025', '2013-01-11 21:47:32', '2014-06-11 23:40:32');
INSERT INTO `auto_service` (`id`, `name`, `cars_brands_id`, `email`, `phone`, `address`, `created_at`, `updated_at`) VALUES (72, 'occaecati', 72, 'claudie14@example.org', '614-472-8180x0810', '6561 Sonya Roads Apt. 887\nOrtizberg, OK 00728-2978', '2013-06-20 22:43:04', '2017-10-26 14:07:39');
INSERT INTO `auto_service` (`id`, `name`, `cars_brands_id`, `email`, `phone`, `address`, `created_at`, `updated_at`) VALUES (73, 'eligendi', 73, 'clotilde.kuhlman@example.net', '09900862581', '019 Morris Summit\nStephenfort, AR 79653-2512', '2013-11-14 06:58:31', '2013-11-11 11:00:06');
INSERT INTO `auto_service` (`id`, `name`, `cars_brands_id`, `email`, `phone`, `address`, `created_at`, `updated_at`) VALUES (74, 'unde', 74, 'schuyler30@example.org', '786-052-7519', '8878 Adelbert Locks\nConsidineport, KS 34304', '2017-10-29 13:17:51', '2017-08-04 10:19:45');
INSERT INTO `auto_service` (`id`, `name`, `cars_brands_id`, `email`, `phone`, `address`, `created_at`, `updated_at`) VALUES (75, 'consequatur', 75, 'xstehr@example.net', '453-575-4663x369', '91805 Abigale Shoal\nElianeside, GA 50121', '2014-05-27 03:43:00', '2013-05-23 08:44:39');
INSERT INTO `auto_service` (`id`, `name`, `cars_brands_id`, `email`, `phone`, `address`, `created_at`, `updated_at`) VALUES (76, 'sequi', 76, 'carlo.pacocha@example.org', '454.153.5541x29459', '24182 Flossie Pike\nKevonberg, DE 49547-7535', '2011-07-04 07:35:41', '2018-07-14 17:19:50');
INSERT INTO `auto_service` (`id`, `name`, `cars_brands_id`, `email`, `phone`, `address`, `created_at`, `updated_at`) VALUES (77, 'ut', 77, 'metz.ilene@example.org', '1-917-042-2296', '0835 Elsie Parkway\nNorth Valerie, ME 62502', '2016-03-31 15:06:46', '2013-06-14 08:21:33');
INSERT INTO `auto_service` (`id`, `name`, `cars_brands_id`, `email`, `phone`, `address`, `created_at`, `updated_at`) VALUES (78, 'reiciendis', 78, 'ford11@example.com', '934.928.5550x1709', '7700 Webster Trafficway Suite 880\nBlockview, HI 60719-9646', '2013-08-07 21:15:17', '2019-12-19 09:55:39');
INSERT INTO `auto_service` (`id`, `name`, `cars_brands_id`, `email`, `phone`, `address`, `created_at`, `updated_at`) VALUES (79, 'mollitia', 79, 'maximillia.o\'keefe@example.com', '425-984-4516', '1558 Arvel Inlet\nLake Katrine, WI 56751-6146', '2017-11-02 04:35:56', '2011-05-11 12:24:40');
INSERT INTO `auto_service` (`id`, `name`, `cars_brands_id`, `email`, `phone`, `address`, `created_at`, `updated_at`) VALUES (80, 'animi', 80, 'antone.hansen@example.org', '+54(3)2227214273', '085 Schulist Ferry\nHicklemouth, MN 65740-2038', '2011-05-22 08:51:05', '2017-12-16 01:37:55');
INSERT INTO `auto_service` (`id`, `name`, `cars_brands_id`, `email`, `phone`, `address`, `created_at`, `updated_at`) VALUES (81, 'qui', 81, 'lance.zieme@example.com', '884.542.7433', '350 Gutmann Brook\nNorth Brianne, MA 71348-9800', '2019-01-09 16:46:52', '2020-04-13 07:57:30');
INSERT INTO `auto_service` (`id`, `name`, `cars_brands_id`, `email`, `phone`, `address`, `created_at`, `updated_at`) VALUES (82, 'laudantium', 82, 'ujones@example.com', '05060137559', '8488 Tremayne Rest Suite 232\nWest Mortimerbury, LA 96318-0239', '2018-07-14 10:41:01', '2015-04-22 06:52:38');
INSERT INTO `auto_service` (`id`, `name`, `cars_brands_id`, `email`, `phone`, `address`, `created_at`, `updated_at`) VALUES (83, 'accusantium', 83, 'schmidt.suzanne@example.net', '(145)673-1445', '38954 Okuneva Freeway\nJosephville, NV 84680-1437', '2013-07-12 18:23:44', '2012-05-09 19:09:15');
INSERT INTO `auto_service` (`id`, `name`, `cars_brands_id`, `email`, `phone`, `address`, `created_at`, `updated_at`) VALUES (84, 'laborum', 84, 'deven.larkin@example.org', '233.768.6016x9620', '627 Talon Radial Suite 346\nPort Heavenville, NJ 42327-5905', '2015-07-02 11:29:40', '2017-11-14 21:12:44');
INSERT INTO `auto_service` (`id`, `name`, `cars_brands_id`, `email`, `phone`, `address`, `created_at`, `updated_at`) VALUES (85, 'placeat', 85, 'kirsten.beatty@example.net', '833.343.3644x28714', '476 Germaine Lodge Apt. 317\nJamarport, WV 30088', '2018-09-25 22:50:24', '2013-03-10 01:24:16');
INSERT INTO `auto_service` (`id`, `name`, `cars_brands_id`, `email`, `phone`, `address`, `created_at`, `updated_at`) VALUES (86, 'reprehenderit', 86, 'gkertzmann@example.com', '(745)506-8612x146', '7375 Maverick Street Apt. 270\nLupeshire, PA 51643-6755', '2014-04-27 11:50:47', '2017-05-02 21:11:44');
INSERT INTO `auto_service` (`id`, `name`, `cars_brands_id`, `email`, `phone`, `address`, `created_at`, `updated_at`) VALUES (87, 'eius', 87, 'ccarroll@example.com', '1-358-428-1651', '3925 Sporer Walks\nNorth Florian, DC 99366-1885', '2015-10-30 04:59:27', '2012-05-31 23:12:30');
INSERT INTO `auto_service` (`id`, `name`, `cars_brands_id`, `email`, `phone`, `address`, `created_at`, `updated_at`) VALUES (88, 'provident', 88, 'kenya93@example.com', '472-007-5886x635', '70165 Nienow Ford Apt. 975\nPagacton, GA 51112', '2015-10-01 17:11:25', '2015-12-15 02:32:39');
INSERT INTO `auto_service` (`id`, `name`, `cars_brands_id`, `email`, `phone`, `address`, `created_at`, `updated_at`) VALUES (89, 'quod', 89, 'astrosin@example.net', '09108929453', '39834 Kenny Expressway\nMetzton, MT 02420-2167', '2014-06-27 02:21:37', '2018-10-19 21:26:21');
INSERT INTO `auto_service` (`id`, `name`, `cars_brands_id`, `email`, `phone`, `address`, `created_at`, `updated_at`) VALUES (90, 'ex', 90, 'kboyer@example.net', '159.144.3139', '5680 Schaden Avenue\nAylinland, RI 81326', '2014-10-26 06:23:02', '2020-10-18 20:31:36');
INSERT INTO `auto_service` (`id`, `name`, `cars_brands_id`, `email`, `phone`, `address`, `created_at`, `updated_at`) VALUES (91, 'ipsam', 91, 'breanne.harvey@example.org', '924.946.4615x383', '363 Yundt Loop Suite 308\nNew Kristy, NE 24572-2515', '2020-05-01 02:13:39', '2017-01-09 22:08:16');
INSERT INTO `auto_service` (`id`, `name`, `cars_brands_id`, `email`, `phone`, `address`, `created_at`, `updated_at`) VALUES (92, 'odit', 92, 'emery62@example.org', '799.503.0976', '13960 Price Square\nNew Kayli, VA 21730-4507', '2017-06-08 05:18:50', '2012-04-26 13:16:36');
INSERT INTO `auto_service` (`id`, `name`, `cars_brands_id`, `email`, `phone`, `address`, `created_at`, `updated_at`) VALUES (93, 'beatae', 93, 'hilpert.brandt@example.org', '06552897807', '20036 Reichert Extensions\nNew Giovanna, MD 22380', '2013-09-02 02:24:45', '2015-10-13 00:21:57');
INSERT INTO `auto_service` (`id`, `name`, `cars_brands_id`, `email`, `phone`, `address`, `created_at`, `updated_at`) VALUES (94, 'nihil', 94, 'orval.howell@example.com', '995.463.1479x84839', '3699 Damon Overpass\nEast Arthur, MO 01279', '2020-04-29 09:23:09', '2015-08-09 10:28:12');
INSERT INTO `auto_service` (`id`, `name`, `cars_brands_id`, `email`, `phone`, `address`, `created_at`, `updated_at`) VALUES (95, 'fuga', 95, 'kjacobs@example.com', '170.409.8299', '473 Mills Spurs\nNorth Nelsonmouth, ID 98905-2611', '2012-07-07 13:31:07', '2013-01-10 05:48:01');
INSERT INTO `auto_service` (`id`, `name`, `cars_brands_id`, `email`, `phone`, `address`, `created_at`, `updated_at`) VALUES (96, 'iure', 96, 'bria08@example.com', '667-609-5727x92396', '87371 Dickinson Inlet Suite 357\nWest Willard, DC 81307', '2011-12-11 15:04:25', '2019-11-22 21:22:06');
INSERT INTO `auto_service` (`id`, `name`, `cars_brands_id`, `email`, `phone`, `address`, `created_at`, `updated_at`) VALUES (97, 'delectus', 97, 'yfritsch@example.org', '402-588-0507x9207', '177 Agnes Mountain Suite 269\nRickiefort, DC 69069', '2016-11-06 10:20:22', '2017-01-30 18:45:35');
INSERT INTO `auto_service` (`id`, `name`, `cars_brands_id`, `email`, `phone`, `address`, `created_at`, `updated_at`) VALUES (98, 'quasi', 98, 'stehr.nina@example.org', '479-145-3423x178', '13267 Weber Corners Apt. 635\nNorth Ernestine, PA 42938-3311', '2016-03-19 17:11:49', '2020-11-26 10:34:39');
INSERT INTO `auto_service` (`id`, `name`, `cars_brands_id`, `email`, `phone`, `address`, `created_at`, `updated_at`) VALUES (99, 'officiis', 99, 'huels.alexandria@example.net', '595-793-3856', '33392 Huel Gardens Suite 730\nNorth Jordon, MA 21968', '2020-07-12 22:49:02', '2019-04-30 19:46:54');
INSERT INTO `auto_service` (`id`, `name`, `cars_brands_id`, `email`, `phone`, `address`, `created_at`, `updated_at`) VALUES (100, 'quisquam', 100, 'gabriella.graham@example.net', '776-083-9061', '7255 Gulgowski Street\nKattieland, ID 90780-9287', '2020-12-30 01:00:04', '2015-12-12 05:10:19');

INSERT INTO `auto_service_cars_brands` (`auto_service_id`, `cars_brands_id`, `created_at`) VALUES (1, 16, '2018-03-28 18:39:01');
INSERT INTO `auto_service_cars_brands` (`auto_service_id`, `cars_brands_id`, `created_at`) VALUES (1, 42, '2014-02-24 07:17:56');
INSERT INTO `auto_service_cars_brands` (`auto_service_id`, `cars_brands_id`, `created_at`) VALUES (2, 30, '2014-04-16 02:43:22');
INSERT INTO `auto_service_cars_brands` (`auto_service_id`, `cars_brands_id`, `created_at`) VALUES (3, 34, '2020-03-18 02:00:31');
INSERT INTO `auto_service_cars_brands` (`auto_service_id`, `cars_brands_id`, `created_at`) VALUES (8, 72, '2018-04-30 12:09:07');
INSERT INTO `auto_service_cars_brands` (`auto_service_id`, `cars_brands_id`, `created_at`) VALUES (8, 110, '2013-11-28 08:44:20');
INSERT INTO `auto_service_cars_brands` (`auto_service_id`, `cars_brands_id`, `created_at`) VALUES (9, 104, '2019-08-12 14:07:06');
INSERT INTO `auto_service_cars_brands` (`auto_service_id`, `cars_brands_id`, `created_at`) VALUES (10, 102, '2012-07-04 19:13:44');
INSERT INTO `auto_service_cars_brands` (`auto_service_id`, `cars_brands_id`, `created_at`) VALUES (11, 41, '2017-03-27 05:13:49');
INSERT INTO `auto_service_cars_brands` (`auto_service_id`, `cars_brands_id`, `created_at`) VALUES (13, 51, '2020-04-03 11:01:02');
INSERT INTO `auto_service_cars_brands` (`auto_service_id`, `cars_brands_id`, `created_at`) VALUES (16, 4, '2016-10-25 18:32:02');
INSERT INTO `auto_service_cars_brands` (`auto_service_id`, `cars_brands_id`, `created_at`) VALUES (18, 19, '2020-08-09 08:47:32');
INSERT INTO `auto_service_cars_brands` (`auto_service_id`, `cars_brands_id`, `created_at`) VALUES (19, 88, '2013-03-04 19:27:50');
INSERT INTO `auto_service_cars_brands` (`auto_service_id`, `cars_brands_id`, `created_at`) VALUES (19, 89, '2014-10-27 00:57:03');
INSERT INTO `auto_service_cars_brands` (`auto_service_id`, `cars_brands_id`, `created_at`) VALUES (21, 12, '2014-10-14 06:16:02');
INSERT INTO `auto_service_cars_brands` (`auto_service_id`, `cars_brands_id`, `created_at`) VALUES (21, 74, '2017-04-11 10:16:51');
INSERT INTO `auto_service_cars_brands` (`auto_service_id`, `cars_brands_id`, `created_at`) VALUES (23, 107, '2018-10-27 05:00:31');
INSERT INTO `auto_service_cars_brands` (`auto_service_id`, `cars_brands_id`, `created_at`) VALUES (24, 18, '2017-04-22 23:44:37');
INSERT INTO `auto_service_cars_brands` (`auto_service_id`, `cars_brands_id`, `created_at`) VALUES (24, 32, '2012-12-11 21:20:52');
INSERT INTO `auto_service_cars_brands` (`auto_service_id`, `cars_brands_id`, `created_at`) VALUES (24, 52, '2012-09-15 09:52:03');
INSERT INTO `auto_service_cars_brands` (`auto_service_id`, `cars_brands_id`, `created_at`) VALUES (25, 22, '2021-04-24 03:33:28');
INSERT INTO `auto_service_cars_brands` (`auto_service_id`, `cars_brands_id`, `created_at`) VALUES (25, 93, '2019-08-27 12:45:48');
INSERT INTO `auto_service_cars_brands` (`auto_service_id`, `cars_brands_id`, `created_at`) VALUES (26, 48, '2014-10-15 11:53:06');
INSERT INTO `auto_service_cars_brands` (`auto_service_id`, `cars_brands_id`, `created_at`) VALUES (29, 59, '2019-09-29 21:38:58');
INSERT INTO `auto_service_cars_brands` (`auto_service_id`, `cars_brands_id`, `created_at`) VALUES (29, 101, '2017-08-08 20:41:41');
INSERT INTO `auto_service_cars_brands` (`auto_service_id`, `cars_brands_id`, `created_at`) VALUES (31, 17, '2011-07-08 01:02:03');
INSERT INTO `auto_service_cars_brands` (`auto_service_id`, `cars_brands_id`, `created_at`) VALUES (31, 40, '2016-10-07 23:16:36');
INSERT INTO `auto_service_cars_brands` (`auto_service_id`, `cars_brands_id`, `created_at`) VALUES (32, 36, '2012-11-24 06:57:38');
INSERT INTO `auto_service_cars_brands` (`auto_service_id`, `cars_brands_id`, `created_at`) VALUES (37, 87, '2020-07-15 01:52:37');
INSERT INTO `auto_service_cars_brands` (`auto_service_id`, `cars_brands_id`, `created_at`) VALUES (39, 13, '2014-01-30 22:05:05');
INSERT INTO `auto_service_cars_brands` (`auto_service_id`, `cars_brands_id`, `created_at`) VALUES (40, 7, '2016-12-09 19:02:07');
INSERT INTO `auto_service_cars_brands` (`auto_service_id`, `cars_brands_id`, `created_at`) VALUES (40, 39, '2011-10-03 08:43:46');
INSERT INTO `auto_service_cars_brands` (`auto_service_id`, `cars_brands_id`, `created_at`) VALUES (40, 76, '2018-08-08 05:17:20');
INSERT INTO `auto_service_cars_brands` (`auto_service_id`, `cars_brands_id`, `created_at`) VALUES (41, 63, '2020-05-16 08:05:01');
INSERT INTO `auto_service_cars_brands` (`auto_service_id`, `cars_brands_id`, `created_at`) VALUES (42, 80, '2015-11-15 05:00:19');
INSERT INTO `auto_service_cars_brands` (`auto_service_id`, `cars_brands_id`, `created_at`) VALUES (44, 27, '2012-03-18 01:20:42');
INSERT INTO `auto_service_cars_brands` (`auto_service_id`, `cars_brands_id`, `created_at`) VALUES (44, 37, '2020-08-06 00:01:31');
INSERT INTO `auto_service_cars_brands` (`auto_service_id`, `cars_brands_id`, `created_at`) VALUES (47, 21, '2014-03-13 14:47:26');
INSERT INTO `auto_service_cars_brands` (`auto_service_id`, `cars_brands_id`, `created_at`) VALUES (47, 103, '2018-02-12 14:03:03');
INSERT INTO `auto_service_cars_brands` (`auto_service_id`, `cars_brands_id`, `created_at`) VALUES (48, 8, '2015-07-21 19:33:05');
INSERT INTO `auto_service_cars_brands` (`auto_service_id`, `cars_brands_id`, `created_at`) VALUES (48, 26, '2018-09-24 00:51:29');
INSERT INTO `auto_service_cars_brands` (`auto_service_id`, `cars_brands_id`, `created_at`) VALUES (49, 33, '2015-06-13 11:59:10');
INSERT INTO `auto_service_cars_brands` (`auto_service_id`, `cars_brands_id`, `created_at`) VALUES (50, 54, '2016-08-17 18:49:44');
INSERT INTO `auto_service_cars_brands` (`auto_service_id`, `cars_brands_id`, `created_at`) VALUES (50, 55, '2018-11-20 17:12:01');
INSERT INTO `auto_service_cars_brands` (`auto_service_id`, `cars_brands_id`, `created_at`) VALUES (50, 106, '2011-08-30 17:20:54');
INSERT INTO `auto_service_cars_brands` (`auto_service_id`, `cars_brands_id`, `created_at`) VALUES (51, 23, '2020-06-23 06:44:35');
INSERT INTO `auto_service_cars_brands` (`auto_service_id`, `cars_brands_id`, `created_at`) VALUES (51, 69, '2018-10-09 23:44:44');
INSERT INTO `auto_service_cars_brands` (`auto_service_id`, `cars_brands_id`, `created_at`) VALUES (52, 61, '2019-05-20 22:36:32');
INSERT INTO `auto_service_cars_brands` (`auto_service_id`, `cars_brands_id`, `created_at`) VALUES (52, 84, '2013-08-05 15:06:58');
INSERT INTO `auto_service_cars_brands` (`auto_service_id`, `cars_brands_id`, `created_at`) VALUES (53, 38, '2016-09-27 21:09:11');
INSERT INTO `auto_service_cars_brands` (`auto_service_id`, `cars_brands_id`, `created_at`) VALUES (54, 25, '2017-11-10 12:20:06');
INSERT INTO `auto_service_cars_brands` (`auto_service_id`, `cars_brands_id`, `created_at`) VALUES (55, 31, '2016-02-20 21:12:00');
INSERT INTO `auto_service_cars_brands` (`auto_service_id`, `cars_brands_id`, `created_at`) VALUES (56, 109, '2018-04-27 08:02:15');
INSERT INTO `auto_service_cars_brands` (`auto_service_id`, `cars_brands_id`, `created_at`) VALUES (57, 20, '2017-09-10 04:02:08');
INSERT INTO `auto_service_cars_brands` (`auto_service_id`, `cars_brands_id`, `created_at`) VALUES (58, 86, '2019-01-13 02:53:44');
INSERT INTO `auto_service_cars_brands` (`auto_service_id`, `cars_brands_id`, `created_at`) VALUES (59, 58, '2016-02-27 09:48:03');
INSERT INTO `auto_service_cars_brands` (`auto_service_id`, `cars_brands_id`, `created_at`) VALUES (60, 95, '2016-01-06 01:03:32');
INSERT INTO `auto_service_cars_brands` (`auto_service_id`, `cars_brands_id`, `created_at`) VALUES (61, 15, '2015-11-26 20:53:04');
INSERT INTO `auto_service_cars_brands` (`auto_service_id`, `cars_brands_id`, `created_at`) VALUES (61, 68, '2015-08-18 14:22:04');
INSERT INTO `auto_service_cars_brands` (`auto_service_id`, `cars_brands_id`, `created_at`) VALUES (66, 43, '2018-10-27 04:41:21');
INSERT INTO `auto_service_cars_brands` (`auto_service_id`, `cars_brands_id`, `created_at`) VALUES (69, 45, '2015-10-12 05:21:28');
INSERT INTO `auto_service_cars_brands` (`auto_service_id`, `cars_brands_id`, `created_at`) VALUES (70, 79, '2016-04-30 14:10:17');
INSERT INTO `auto_service_cars_brands` (`auto_service_id`, `cars_brands_id`, `created_at`) VALUES (74, 46, '2013-01-11 05:59:46');
INSERT INTO `auto_service_cars_brands` (`auto_service_id`, `cars_brands_id`, `created_at`) VALUES (74, 100, '2012-03-30 02:46:01');
INSERT INTO `auto_service_cars_brands` (`auto_service_id`, `cars_brands_id`, `created_at`) VALUES (75, 75, '2017-08-06 07:18:09');
INSERT INTO `auto_service_cars_brands` (`auto_service_id`, `cars_brands_id`, `created_at`) VALUES (76, 94, '2015-10-12 02:56:26');
INSERT INTO `auto_service_cars_brands` (`auto_service_id`, `cars_brands_id`, `created_at`) VALUES (78, 35, '2013-10-25 20:44:17');
INSERT INTO `auto_service_cars_brands` (`auto_service_id`, `cars_brands_id`, `created_at`) VALUES (78, 56, '2017-12-24 02:23:08');
INSERT INTO `auto_service_cars_brands` (`auto_service_id`, `cars_brands_id`, `created_at`) VALUES (78, 81, '2019-09-06 16:31:55');
INSERT INTO `auto_service_cars_brands` (`auto_service_id`, `cars_brands_id`, `created_at`) VALUES (78, 91, '2015-01-25 04:32:34');
INSERT INTO `auto_service_cars_brands` (`auto_service_id`, `cars_brands_id`, `created_at`) VALUES (78, 96, '2015-02-24 22:40:59');
INSERT INTO `auto_service_cars_brands` (`auto_service_id`, `cars_brands_id`, `created_at`) VALUES (78, 105, '2014-02-17 18:30:45');
INSERT INTO `auto_service_cars_brands` (`auto_service_id`, `cars_brands_id`, `created_at`) VALUES (80, 10, '2019-08-06 00:45:39');
INSERT INTO `auto_service_cars_brands` (`auto_service_id`, `cars_brands_id`, `created_at`) VALUES (80, 65, '2013-10-02 17:40:02');
INSERT INTO `auto_service_cars_brands` (`auto_service_id`, `cars_brands_id`, `created_at`) VALUES (80, 83, '2016-11-21 16:50:09');
INSERT INTO `auto_service_cars_brands` (`auto_service_id`, `cars_brands_id`, `created_at`) VALUES (81, 5, '2018-12-05 08:03:34');
INSERT INTO `auto_service_cars_brands` (`auto_service_id`, `cars_brands_id`, `created_at`) VALUES (81, 62, '2013-07-08 03:32:08');
INSERT INTO `auto_service_cars_brands` (`auto_service_id`, `cars_brands_id`, `created_at`) VALUES (84, 11, '2015-02-23 01:01:26');
INSERT INTO `auto_service_cars_brands` (`auto_service_id`, `cars_brands_id`, `created_at`) VALUES (84, 53, '2015-08-03 18:22:23');
INSERT INTO `auto_service_cars_brands` (`auto_service_id`, `cars_brands_id`, `created_at`) VALUES (85, 3, '2019-04-13 06:23:36');
INSERT INTO `auto_service_cars_brands` (`auto_service_id`, `cars_brands_id`, `created_at`) VALUES (86, 60, '2013-08-06 15:47:14');
INSERT INTO `auto_service_cars_brands` (`auto_service_id`, `cars_brands_id`, `created_at`) VALUES (87, 9, '2011-11-05 13:56:51');
INSERT INTO `auto_service_cars_brands` (`auto_service_id`, `cars_brands_id`, `created_at`) VALUES (87, 49, '2019-05-01 22:30:32');
INSERT INTO `auto_service_cars_brands` (`auto_service_id`, `cars_brands_id`, `created_at`) VALUES (90, 29, '2015-09-22 14:52:40');
INSERT INTO `auto_service_cars_brands` (`auto_service_id`, `cars_brands_id`, `created_at`) VALUES (90, 57, '2019-04-07 05:40:25');
INSERT INTO `auto_service_cars_brands` (`auto_service_id`, `cars_brands_id`, `created_at`) VALUES (90, 77, '2015-01-04 14:45:35');
INSERT INTO `auto_service_cars_brands` (`auto_service_id`, `cars_brands_id`, `created_at`) VALUES (90, 78, '2011-08-24 01:53:59');
INSERT INTO `auto_service_cars_brands` (`auto_service_id`, `cars_brands_id`, `created_at`) VALUES (92, 1, '2013-01-18 08:42:17');
INSERT INTO `auto_service_cars_brands` (`auto_service_id`, `cars_brands_id`, `created_at`) VALUES (92, 44, '2019-01-09 09:19:53');
INSERT INTO `auto_service_cars_brands` (`auto_service_id`, `cars_brands_id`, `created_at`) VALUES (93, 64, '2011-10-17 07:19:48');
INSERT INTO `auto_service_cars_brands` (`auto_service_id`, `cars_brands_id`, `created_at`) VALUES (93, 90, '2012-01-24 12:52:28');
INSERT INTO `auto_service_cars_brands` (`auto_service_id`, `cars_brands_id`, `created_at`) VALUES (94, 24, '2017-10-27 18:05:10');
INSERT INTO `auto_service_cars_brands` (`auto_service_id`, `cars_brands_id`, `created_at`) VALUES (95, 66, '2012-10-31 12:29:41');
INSERT INTO `auto_service_cars_brands` (`auto_service_id`, `cars_brands_id`, `created_at`) VALUES (96, 70, '2021-04-01 14:02:52');
INSERT INTO `auto_service_cars_brands` (`auto_service_id`, `cars_brands_id`, `created_at`) VALUES (96, 71, '2020-06-12 15:04:12');
INSERT INTO `auto_service_cars_brands` (`auto_service_id`, `cars_brands_id`, `created_at`) VALUES (97, 6, '2017-01-23 20:31:01');
INSERT INTO `auto_service_cars_brands` (`auto_service_id`, `cars_brands_id`, `created_at`) VALUES (97, 85, '2015-12-21 06:13:15');
INSERT INTO `auto_service_cars_brands` (`auto_service_id`, `cars_brands_id`, `created_at`) VALUES (98, 28, '2013-10-19 19:53:18');
INSERT INTO `auto_service_cars_brands` (`auto_service_id`, `cars_brands_id`, `created_at`) VALUES (99, 98, '2014-11-13 19:14:38');
INSERT INTO `auto_service_cars_brands` (`auto_service_id`, `cars_brands_id`, `created_at`) VALUES (100, 2, '2014-06-26 17:54:39');

INSERT INTO `orders` (`id`, `user_id`, `created_at`, `updated_at`) VALUES ('1', 1, '2015-11-12 16:47:25', '2014-09-17 04:50:43');
INSERT INTO `orders` (`id`, `user_id`, `created_at`, `updated_at`) VALUES ('2', 80, '2017-06-19 13:17:44', '2016-01-09 11:43:44');
INSERT INTO `orders` (`id`, `user_id`, `created_at`, `updated_at`) VALUES ('3', 2, '2014-10-18 11:51:59', '2013-11-21 11:29:16');
INSERT INTO `orders` (`id`, `user_id`, `created_at`, `updated_at`) VALUES ('4', 28, '2019-11-30 09:43:43', '2017-03-20 00:41:45');
INSERT INTO `orders` (`id`, `user_id`, `created_at`, `updated_at`) VALUES ('5', 79, '2011-09-13 10:23:44', '2016-09-08 15:28:06');
INSERT INTO `orders` (`id`, `user_id`, `created_at`, `updated_at`) VALUES ('6', 88, '2016-06-19 18:12:38', '2013-08-11 03:30:14');
INSERT INTO `orders` (`id`, `user_id`, `created_at`, `updated_at`) VALUES ('7', 20, '2020-03-19 10:29:01', '2020-03-01 06:00:06');
INSERT INTO `orders` (`id`, `user_id`, `created_at`, `updated_at`) VALUES ('8', 35, '2013-02-25 06:18:47', '2015-12-12 11:36:59');
INSERT INTO `orders` (`id`, `user_id`, `created_at`, `updated_at`) VALUES ('9', 20, '2015-09-04 07:28:17', '2016-07-21 15:14:08');
INSERT INTO `orders` (`id`, `user_id`, `created_at`, `updated_at`) VALUES ('10', 10, '2020-04-15 13:22:53', '2020-01-14 08:38:22');
INSERT INTO `orders` (`id`, `user_id`, `created_at`, `updated_at`) VALUES ('11', 6, '2020-06-28 06:46:56', '2020-05-01 08:10:53');
INSERT INTO `orders` (`id`, `user_id`, `created_at`, `updated_at`) VALUES ('12', 10, '2016-07-13 09:46:15', '2011-08-30 12:43:10');
INSERT INTO `orders` (`id`, `user_id`, `created_at`, `updated_at`) VALUES ('13', 5, '2018-05-08 18:15:24', '2020-12-27 09:16:06');
INSERT INTO `orders` (`id`, `user_id`, `created_at`, `updated_at`) VALUES ('14', 86, '2013-05-31 01:41:04', '2021-04-15 16:53:40');
INSERT INTO `orders` (`id`, `user_id`, `created_at`, `updated_at`) VALUES ('15', 8, '2019-04-22 04:41:06', '2019-09-24 22:59:08');
INSERT INTO `orders` (`id`, `user_id`, `created_at`, `updated_at`) VALUES ('16', 45, '2017-03-05 17:05:22', '2020-08-20 23:00:52');
INSERT INTO `orders` (`id`, `user_id`, `created_at`, `updated_at`) VALUES ('17', 68, '2014-11-05 22:24:13', '2014-09-01 13:40:18');
INSERT INTO `orders` (`id`, `user_id`, `created_at`, `updated_at`) VALUES ('18', 29, '2014-07-26 21:27:51', '2015-08-27 19:30:35');
INSERT INTO `orders` (`id`, `user_id`, `created_at`, `updated_at`) VALUES ('19', 8, '2016-03-16 22:22:56', '2013-02-24 22:51:45');
INSERT INTO `orders` (`id`, `user_id`, `created_at`, `updated_at`) VALUES ('20', 57, '2012-05-24 07:03:53', '2014-11-26 22:34:29');
INSERT INTO `orders` (`id`, `user_id`, `created_at`, `updated_at`) VALUES ('21', 81, '2014-07-02 06:18:32', '2011-09-27 21:04:09');
INSERT INTO `orders` (`id`, `user_id`, `created_at`, `updated_at`) VALUES ('22', 32, '2014-01-23 23:53:46', '2015-06-08 01:44:29');
INSERT INTO `orders` (`id`, `user_id`, `created_at`, `updated_at`) VALUES ('23', 13, '2012-03-26 18:21:02', '2012-12-28 14:08:56');
INSERT INTO `orders` (`id`, `user_id`, `created_at`, `updated_at`) VALUES ('24', 8, '2017-05-28 10:03:58', '2017-05-04 06:18:16');
INSERT INTO `orders` (`id`, `user_id`, `created_at`, `updated_at`) VALUES ('25', 80, '2015-12-28 20:25:11', '2016-12-15 02:22:05');
INSERT INTO `orders` (`id`, `user_id`, `created_at`, `updated_at`) VALUES ('26', 3, '2013-05-11 22:17:24', '2012-09-11 10:46:32');
INSERT INTO `orders` (`id`, `user_id`, `created_at`, `updated_at`) VALUES ('27', 56, '2013-02-27 11:05:03', '2020-09-07 02:18:13');
INSERT INTO `orders` (`id`, `user_id`, `created_at`, `updated_at`) VALUES ('28', 82, '2016-10-04 04:43:14', '2018-05-05 13:36:50');
INSERT INTO `orders` (`id`, `user_id`, `created_at`, `updated_at`) VALUES ('29', 15, '2019-04-13 08:19:21', '2021-03-23 11:00:00');
INSERT INTO `orders` (`id`, `user_id`, `created_at`, `updated_at`) VALUES ('30', 63, '2013-11-11 15:25:22', '2016-12-10 04:39:21');
INSERT INTO `orders` (`id`, `user_id`, `created_at`, `updated_at`) VALUES ('31', 20, '2020-09-11 10:49:51', '2013-02-17 07:23:47');
INSERT INTO `orders` (`id`, `user_id`, `created_at`, `updated_at`) VALUES ('32', 35, '2015-10-15 15:57:35', '2016-07-20 10:05:22');
INSERT INTO `orders` (`id`, `user_id`, `created_at`, `updated_at`) VALUES ('33', 30, '2016-10-06 00:17:15', '2013-10-24 00:58:46');
INSERT INTO `orders` (`id`, `user_id`, `created_at`, `updated_at`) VALUES ('34', 21, '2016-02-26 10:25:56', '2014-07-30 11:02:42');
INSERT INTO `orders` (`id`, `user_id`, `created_at`, `updated_at`) VALUES ('35', 77, '2016-04-13 21:41:09', '2021-04-28 13:57:41');
INSERT INTO `orders` (`id`, `user_id`, `created_at`, `updated_at`) VALUES ('36', 95, '2014-08-10 09:03:08', '2018-08-17 15:09:34');
INSERT INTO `orders` (`id`, `user_id`, `created_at`, `updated_at`) VALUES ('37', 72, '2019-01-22 22:02:24', '2012-02-20 08:59:21');
INSERT INTO `orders` (`id`, `user_id`, `created_at`, `updated_at`) VALUES ('38', 63, '2014-06-10 19:55:46', '2016-08-24 13:33:21');
INSERT INTO `orders` (`id`, `user_id`, `created_at`, `updated_at`) VALUES ('39', 67, '2013-04-22 16:27:03', '2012-04-24 05:11:32');
INSERT INTO `orders` (`id`, `user_id`, `created_at`, `updated_at`) VALUES ('40', 93, '2012-01-15 13:33:05', '2020-02-10 23:00:48');
INSERT INTO `orders` (`id`, `user_id`, `created_at`, `updated_at`) VALUES ('41', 40, '2020-12-06 12:49:41', '2012-12-30 16:41:56');
INSERT INTO `orders` (`id`, `user_id`, `created_at`, `updated_at`) VALUES ('42', 51, '2020-03-15 12:18:51', '2013-12-15 23:57:14');
INSERT INTO `orders` (`id`, `user_id`, `created_at`, `updated_at`) VALUES ('43', 21, '2017-05-07 15:05:44', '2014-05-29 05:14:42');
INSERT INTO `orders` (`id`, `user_id`, `created_at`, `updated_at`) VALUES ('44', 66, '2015-07-10 05:56:16', '2018-06-15 12:27:00');
INSERT INTO `orders` (`id`, `user_id`, `created_at`, `updated_at`) VALUES ('45', 59, '2013-09-07 12:53:01', '2016-07-26 19:23:56');
INSERT INTO `orders` (`id`, `user_id`, `created_at`, `updated_at`) VALUES ('46', 16, '2014-04-22 09:06:38', '2012-04-15 00:06:55');
INSERT INTO `orders` (`id`, `user_id`, `created_at`, `updated_at`) VALUES ('47', 8, '2018-02-11 18:27:37', '2017-06-02 21:23:42');
INSERT INTO `orders` (`id`, `user_id`, `created_at`, `updated_at`) VALUES ('48', 97, '2016-03-17 21:18:58', '2015-11-15 05:20:02');
INSERT INTO `orders` (`id`, `user_id`, `created_at`, `updated_at`) VALUES ('49', 66, '2011-12-02 19:46:55', '2019-06-28 06:39:58');
INSERT INTO `orders` (`id`, `user_id`, `created_at`, `updated_at`) VALUES ('50', 10, '2014-04-06 18:03:42', '2012-07-20 00:25:07');
INSERT INTO `orders` (`id`, `user_id`, `created_at`, `updated_at`) VALUES ('51', 94, '2013-07-19 02:54:03', '2013-04-07 22:41:46');
INSERT INTO `orders` (`id`, `user_id`, `created_at`, `updated_at`) VALUES ('52', 12, '2018-07-28 22:02:13', '2020-06-19 02:03:42');
INSERT INTO `orders` (`id`, `user_id`, `created_at`, `updated_at`) VALUES ('53', 97, '2019-03-27 00:08:44', '2017-03-05 09:31:15');
INSERT INTO `orders` (`id`, `user_id`, `created_at`, `updated_at`) VALUES ('54', 59, '2013-07-16 10:16:05', '2017-11-11 08:12:17');
INSERT INTO `orders` (`id`, `user_id`, `created_at`, `updated_at`) VALUES ('55', 9, '2013-04-17 03:10:34', '2017-09-27 15:35:34');
INSERT INTO `orders` (`id`, `user_id`, `created_at`, `updated_at`) VALUES ('56', 69, '2017-06-17 19:32:59', '2018-09-13 09:48:10');
INSERT INTO `orders` (`id`, `user_id`, `created_at`, `updated_at`) VALUES ('57', 17, '2021-03-22 05:27:21', '2014-05-28 11:49:22');
INSERT INTO `orders` (`id`, `user_id`, `created_at`, `updated_at`) VALUES ('58', 77, '2019-05-21 02:05:19', '2019-10-26 23:12:28');
INSERT INTO `orders` (`id`, `user_id`, `created_at`, `updated_at`) VALUES ('59', 41, '2019-04-28 06:18:52', '2015-11-26 20:54:58');
INSERT INTO `orders` (`id`, `user_id`, `created_at`, `updated_at`) VALUES ('60', 45, '2016-05-03 21:56:46', '2019-09-25 03:07:22');
INSERT INTO `orders` (`id`, `user_id`, `created_at`, `updated_at`) VALUES ('61', 89, '2013-05-12 02:54:29', '2018-01-20 01:44:23');
INSERT INTO `orders` (`id`, `user_id`, `created_at`, `updated_at`) VALUES ('62', 43, '2019-07-15 14:42:55', '2020-12-06 01:51:58');
INSERT INTO `orders` (`id`, `user_id`, `created_at`, `updated_at`) VALUES ('63', 81, '2018-07-18 00:42:44', '2016-09-27 00:24:04');
INSERT INTO `orders` (`id`, `user_id`, `created_at`, `updated_at`) VALUES ('64', 22, '2016-11-05 18:59:25', '2016-08-02 18:17:11');
INSERT INTO `orders` (`id`, `user_id`, `created_at`, `updated_at`) VALUES ('65', 55, '2012-11-12 18:35:25', '2015-11-18 10:00:51');
INSERT INTO `orders` (`id`, `user_id`, `created_at`, `updated_at`) VALUES ('66', 97, '2016-10-16 12:46:43', '2013-01-01 13:10:31');
INSERT INTO `orders` (`id`, `user_id`, `created_at`, `updated_at`) VALUES ('67', 80, '2018-08-05 20:02:14', '2012-12-24 02:49:54');
INSERT INTO `orders` (`id`, `user_id`, `created_at`, `updated_at`) VALUES ('68', 39, '2012-06-27 07:02:35', '2020-08-20 17:06:01');
INSERT INTO `orders` (`id`, `user_id`, `created_at`, `updated_at`) VALUES ('69', 14, '2016-02-28 07:48:11', '2018-07-11 13:34:18');
INSERT INTO `orders` (`id`, `user_id`, `created_at`, `updated_at`) VALUES ('70', 17, '2021-01-03 19:38:27', '2011-06-09 19:47:33');
INSERT INTO `orders` (`id`, `user_id`, `created_at`, `updated_at`) VALUES ('71', 100, '2016-07-23 17:00:13', '2012-06-09 21:52:34');
INSERT INTO `orders` (`id`, `user_id`, `created_at`, `updated_at`) VALUES ('72', 26, '2013-07-15 06:24:49', '2019-09-29 08:51:04');
INSERT INTO `orders` (`id`, `user_id`, `created_at`, `updated_at`) VALUES ('73', 70, '2021-03-09 04:55:11', '2018-03-26 10:35:12');
INSERT INTO `orders` (`id`, `user_id`, `created_at`, `updated_at`) VALUES ('74', 71, '2019-01-01 01:10:17', '2016-04-13 01:42:12');
INSERT INTO `orders` (`id`, `user_id`, `created_at`, `updated_at`) VALUES ('75', 23, '2020-02-07 20:01:37', '2012-09-15 06:42:41');
INSERT INTO `orders` (`id`, `user_id`, `created_at`, `updated_at`) VALUES ('76', 30, '2014-08-30 21:09:13', '2016-12-10 22:24:59');
INSERT INTO `orders` (`id`, `user_id`, `created_at`, `updated_at`) VALUES ('77', 27, '2018-04-19 17:52:13', '2018-10-30 06:10:07');
INSERT INTO `orders` (`id`, `user_id`, `created_at`, `updated_at`) VALUES ('78', 26, '2012-12-14 23:10:12', '2014-08-25 04:09:00');
INSERT INTO `orders` (`id`, `user_id`, `created_at`, `updated_at`) VALUES ('79', 98, '2019-06-11 06:46:06', '2012-05-10 00:57:54');
INSERT INTO `orders` (`id`, `user_id`, `created_at`, `updated_at`) VALUES ('80', 52, '2014-04-20 01:18:37', '2020-08-29 20:59:39');
INSERT INTO `orders` (`id`, `user_id`, `created_at`, `updated_at`) VALUES ('81', 67, '2013-04-04 07:40:29', '2017-06-02 22:06:25');
INSERT INTO `orders` (`id`, `user_id`, `created_at`, `updated_at`) VALUES ('82', 100, '2012-01-06 23:25:06', '2018-08-26 05:13:44');
INSERT INTO `orders` (`id`, `user_id`, `created_at`, `updated_at`) VALUES ('83', 25, '2013-12-16 19:52:29', '2016-08-09 06:12:48');
INSERT INTO `orders` (`id`, `user_id`, `created_at`, `updated_at`) VALUES ('84', 3, '2014-01-19 11:12:42', '2011-12-15 20:31:36');
INSERT INTO `orders` (`id`, `user_id`, `created_at`, `updated_at`) VALUES ('85', 37, '2019-07-03 15:11:34', '2014-02-25 08:25:28');
INSERT INTO `orders` (`id`, `user_id`, `created_at`, `updated_at`) VALUES ('86', 38, '2011-12-15 04:34:43', '2016-10-09 08:08:38');
INSERT INTO `orders` (`id`, `user_id`, `created_at`, `updated_at`) VALUES ('87', 14, '2016-11-19 22:23:46', '2017-10-20 07:08:05');
INSERT INTO `orders` (`id`, `user_id`, `created_at`, `updated_at`) VALUES ('88', 91, '2017-05-27 10:42:58', '2018-05-25 04:55:19');
INSERT INTO `orders` (`id`, `user_id`, `created_at`, `updated_at`) VALUES ('89', 96, '2019-02-20 16:02:24', '2018-01-05 04:48:58');
INSERT INTO `orders` (`id`, `user_id`, `created_at`, `updated_at`) VALUES ('90', 73, '2016-12-10 12:54:55', '2013-10-25 12:37:57');
INSERT INTO `orders` (`id`, `user_id`, `created_at`, `updated_at`) VALUES ('91', 78, '2015-09-12 23:54:49', '2014-12-11 10:22:36');
INSERT INTO `orders` (`id`, `user_id`, `created_at`, `updated_at`) VALUES ('92', 88, '2012-05-28 14:39:12', '2011-07-25 13:31:10');
INSERT INTO `orders` (`id`, `user_id`, `created_at`, `updated_at`) VALUES ('93', 63, '2013-10-25 20:19:55', '2016-02-01 21:32:26');
INSERT INTO `orders` (`id`, `user_id`, `created_at`, `updated_at`) VALUES ('94', 52, '2021-03-15 09:13:43', '2014-05-29 00:52:28');
INSERT INTO `orders` (`id`, `user_id`, `created_at`, `updated_at`) VALUES ('95', 4, '2020-10-28 00:54:31', '2013-08-12 16:58:53');
INSERT INTO `orders` (`id`, `user_id`, `created_at`, `updated_at`) VALUES ('96', 83, '2018-12-04 21:26:39', '2016-07-31 06:57:43');
INSERT INTO `orders` (`id`, `user_id`, `created_at`, `updated_at`) VALUES ('97', 67, '2013-12-02 20:22:15', '2018-12-04 06:46:38');
INSERT INTO `orders` (`id`, `user_id`, `created_at`, `updated_at`) VALUES ('98', 10, '2017-04-12 19:24:09', '2017-05-01 22:22:22');
INSERT INTO `orders` (`id`, `user_id`, `created_at`, `updated_at`) VALUES ('99', 51, '2012-11-26 14:31:10', '2021-01-28 07:34:42');
INSERT INTO `orders` (`id`, `user_id`, `created_at`, `updated_at`) VALUES ('100', 46, '2016-03-27 15:08:02', '2018-10-23 00:58:55');

INSERT INTO `vote` (`cars_id`, `user_id`, `vote`, `created_at`, `updated_at`) VALUES (90, 81, 7, '2014-07-03 12:42:51', '2016-05-26 04:52:04');
INSERT INTO `vote` (`cars_id`, `user_id`, `vote`, `created_at`, `updated_at`) VALUES (15, 50, 5, '2015-07-31 22:49:01', '2019-06-01 09:13:36');
INSERT INTO `vote` (`cars_id`, `user_id`, `vote`, `created_at`, `updated_at`) VALUES (66, 71, 5, '2015-07-23 19:10:55', '2019-08-06 16:31:58');
INSERT INTO `vote` (`cars_id`, `user_id`, `vote`, `created_at`, `updated_at`) VALUES (19, 44, 4, '2018-01-05 09:26:57', '2018-10-23 16:24:02');
INSERT INTO `vote` (`cars_id`, `user_id`, `vote`, `created_at`, `updated_at`) VALUES (64, 52, 7, '2019-06-13 14:56:43', '2015-07-04 07:49:28');
INSERT INTO `vote` (`cars_id`, `user_id`, `vote`, `created_at`, `updated_at`) VALUES (59, 98, 3, '2018-04-21 23:40:29', '2017-07-31 18:32:43');
INSERT INTO `vote` (`cars_id`, `user_id`, `vote`, `created_at`, `updated_at`) VALUES (97, 64, 2, '2014-10-16 22:09:00', '2014-05-18 17:37:13');
INSERT INTO `vote` (`cars_id`, `user_id`, `vote`, `created_at`, `updated_at`) VALUES (55, 36, 4, '2018-04-20 06:24:14', '2021-02-26 11:28:30');
INSERT INTO `vote` (`cars_id`, `user_id`, `vote`, `created_at`, `updated_at`) VALUES (92, 65, 4, '2015-08-11 15:47:05', '2012-03-24 23:49:51');
INSERT INTO `vote` (`cars_id`, `user_id`, `vote`, `created_at`, `updated_at`) VALUES (51, 88, 6, '2018-06-14 20:01:02', '2012-02-26 19:01:32');
INSERT INTO `vote` (`cars_id`, `user_id`, `vote`, `created_at`, `updated_at`) VALUES (46, 84, 2, '2018-04-26 03:52:20', '2016-09-30 07:47:38');
INSERT INTO `vote` (`cars_id`, `user_id`, `vote`, `created_at`, `updated_at`) VALUES (17, 6, 8, '2019-11-10 08:48:33', '2013-01-20 02:09:57');
INSERT INTO `vote` (`cars_id`, `user_id`, `vote`, `created_at`, `updated_at`) VALUES (38, 93, 5, '2017-01-18 16:13:58', '2014-06-05 20:19:07');
INSERT INTO `vote` (`cars_id`, `user_id`, `vote`, `created_at`, `updated_at`) VALUES (96, 45, 4, '2020-03-19 01:43:46', '2019-06-19 13:09:03');
INSERT INTO `vote` (`cars_id`, `user_id`, `vote`, `created_at`, `updated_at`) VALUES (32, 57, 4, '2016-01-14 18:41:11', '2015-11-30 21:40:49');
INSERT INTO `vote` (`cars_id`, `user_id`, `vote`, `created_at`, `updated_at`) VALUES (40, 32, 6, '2012-11-15 10:04:56', '2020-02-22 12:07:46');
INSERT INTO `vote` (`cars_id`, `user_id`, `vote`, `created_at`, `updated_at`) VALUES (84, 30, 3, '2013-05-12 18:08:04', '2012-05-24 05:02:16');
INSERT INTO `vote` (`cars_id`, `user_id`, `vote`, `created_at`, `updated_at`) VALUES (80, 19, 4, '2019-04-10 02:57:59', '2019-12-17 14:35:55');
INSERT INTO `vote` (`cars_id`, `user_id`, `vote`, `created_at`, `updated_at`) VALUES (38, 26, 7, '2018-01-23 03:40:53', '2014-11-02 12:06:01');
INSERT INTO `vote` (`cars_id`, `user_id`, `vote`, `created_at`, `updated_at`) VALUES (18, 71, 8, '2013-08-21 11:09:43', '2011-05-22 06:19:55');
INSERT INTO `vote` (`cars_id`, `user_id`, `vote`, `created_at`, `updated_at`) VALUES (30, 17, 5, '2013-12-18 08:52:03', '2013-08-22 02:32:42');
INSERT INTO `vote` (`cars_id`, `user_id`, `vote`, `created_at`, `updated_at`) VALUES (26, 5, 8, '2016-03-26 14:03:39', '2017-01-31 08:15:31');
INSERT INTO `vote` (`cars_id`, `user_id`, `vote`, `created_at`, `updated_at`) VALUES (79, 33, 2, '2012-06-08 17:54:47', '2012-11-04 01:38:26');
INSERT INTO `vote` (`cars_id`, `user_id`, `vote`, `created_at`, `updated_at`) VALUES (72, 1, 5, '2015-11-30 21:25:43', '2012-09-14 06:57:24');
INSERT INTO `vote` (`cars_id`, `user_id`, `vote`, `created_at`, `updated_at`) VALUES (49, 85, 2, '2020-12-28 07:22:26', '2014-01-25 00:40:57');
INSERT INTO `vote` (`cars_id`, `user_id`, `vote`, `created_at`, `updated_at`) VALUES (85, 98, 9, '2016-12-12 03:13:36', '2011-07-03 06:10:26');
INSERT INTO `vote` (`cars_id`, `user_id`, `vote`, `created_at`, `updated_at`) VALUES (1, 76, 5, '2018-03-28 14:59:06', '2018-11-12 07:21:13');
INSERT INTO `vote` (`cars_id`, `user_id`, `vote`, `created_at`, `updated_at`) VALUES (28, 91, 9, '2011-12-11 03:09:42', '2020-11-21 13:09:21');
INSERT INTO `vote` (`cars_id`, `user_id`, `vote`, `created_at`, `updated_at`) VALUES (57, 1, 8, '2016-08-29 15:03:36', '2020-03-13 23:38:34');
INSERT INTO `vote` (`cars_id`, `user_id`, `vote`, `created_at`, `updated_at`) VALUES (67, 11, 7, '2014-01-06 16:47:02', '2015-04-16 05:12:35');
INSERT INTO `vote` (`cars_id`, `user_id`, `vote`, `created_at`, `updated_at`) VALUES (54, 81, 1, '2018-12-07 23:49:02', '2019-09-19 09:14:10');
INSERT INTO `vote` (`cars_id`, `user_id`, `vote`, `created_at`, `updated_at`) VALUES (3, 20, 9, '2012-02-26 05:03:47', '2020-11-04 11:47:45');
INSERT INTO `vote` (`cars_id`, `user_id`, `vote`, `created_at`, `updated_at`) VALUES (78, 62, 7, '2019-10-22 13:17:07', '2015-08-14 22:04:18');
INSERT INTO `vote` (`cars_id`, `user_id`, `vote`, `created_at`, `updated_at`) VALUES (14, 90, 3, '2021-03-20 15:40:21', '2019-06-26 04:04:14');
INSERT INTO `vote` (`cars_id`, `user_id`, `vote`, `created_at`, `updated_at`) VALUES (34, 75, 7, '2012-07-04 19:15:41', '2011-11-03 00:04:03');
INSERT INTO `vote` (`cars_id`, `user_id`, `vote`, `created_at`, `updated_at`) VALUES (4, 44, 7, '2020-11-11 09:20:10', '2016-02-01 20:19:03');
INSERT INTO `vote` (`cars_id`, `user_id`, `vote`, `created_at`, `updated_at`) VALUES (29, 22, 7, '2016-08-13 04:16:12', '2020-12-19 00:21:23');
INSERT INTO `vote` (`cars_id`, `user_id`, `vote`, `created_at`, `updated_at`) VALUES (64, 30, 3, '2011-12-09 10:29:50', '2015-12-10 06:09:00');
INSERT INTO `vote` (`cars_id`, `user_id`, `vote`, `created_at`, `updated_at`) VALUES (56, 59, 5, '2018-03-28 15:58:49', '2017-04-27 14:36:11');
INSERT INTO `vote` (`cars_id`, `user_id`, `vote`, `created_at`, `updated_at`) VALUES (3, 84, 1, '2020-09-13 23:15:00', '2012-10-22 03:30:14');
INSERT INTO `vote` (`cars_id`, `user_id`, `vote`, `created_at`, `updated_at`) VALUES (85, 44, 5, '2019-06-10 21:05:37', '2014-01-28 01:16:11');
INSERT INTO `vote` (`cars_id`, `user_id`, `vote`, `created_at`, `updated_at`) VALUES (40, 41, 4, '2017-09-30 10:17:25', '2021-01-29 04:11:16');
INSERT INTO `vote` (`cars_id`, `user_id`, `vote`, `created_at`, `updated_at`) VALUES (48, 95, 2, '2014-06-06 10:42:03', '2017-07-08 14:51:38');
INSERT INTO `vote` (`cars_id`, `user_id`, `vote`, `created_at`, `updated_at`) VALUES (36, 65, 2, '2012-07-22 19:00:59', '2018-08-07 02:55:16');
INSERT INTO `vote` (`cars_id`, `user_id`, `vote`, `created_at`, `updated_at`) VALUES (26, 26, 6, '2017-08-25 14:02:40', '2017-03-23 18:02:42');
INSERT INTO `vote` (`cars_id`, `user_id`, `vote`, `created_at`, `updated_at`) VALUES (57, 24, 9, '2014-12-28 23:49:35', '2019-08-18 07:48:39');
INSERT INTO `vote` (`cars_id`, `user_id`, `vote`, `created_at`, `updated_at`) VALUES (66, 60, 9, '2013-11-03 03:17:23', '2014-08-02 16:44:08');
INSERT INTO `vote` (`cars_id`, `user_id`, `vote`, `created_at`, `updated_at`) VALUES (66, 42, 2, '2012-04-05 14:33:03', '2014-05-05 20:37:38');
INSERT INTO `vote` (`cars_id`, `user_id`, `vote`, `created_at`, `updated_at`) VALUES (4, 55, 2, '2020-06-02 19:16:11', '2019-10-12 21:52:59');
INSERT INTO `vote` (`cars_id`, `user_id`, `vote`, `created_at`, `updated_at`) VALUES (84, 60, 7, '2019-12-31 01:45:31', '2019-02-05 13:24:59');
INSERT INTO `vote` (`cars_id`, `user_id`, `vote`, `created_at`, `updated_at`) VALUES (65, 15, 3, '2013-12-19 06:32:46', '2015-04-02 16:29:16');
INSERT INTO `vote` (`cars_id`, `user_id`, `vote`, `created_at`, `updated_at`) VALUES (21, 99, 5, '2014-12-19 02:29:50', '2013-02-11 21:31:04');
INSERT INTO `vote` (`cars_id`, `user_id`, `vote`, `created_at`, `updated_at`) VALUES (64, 29, 6, '2016-04-24 21:04:47', '2019-05-10 19:01:01');
INSERT INTO `vote` (`cars_id`, `user_id`, `vote`, `created_at`, `updated_at`) VALUES (90, 100, 1, '2011-09-24 19:46:09', '2017-04-15 16:09:35');
INSERT INTO `vote` (`cars_id`, `user_id`, `vote`, `created_at`, `updated_at`) VALUES (5, 66, 8, '2014-07-17 02:38:21', '2016-05-13 05:36:01');
INSERT INTO `vote` (`cars_id`, `user_id`, `vote`, `created_at`, `updated_at`) VALUES (5, 45, 1, '2012-03-03 10:55:00', '2012-01-07 12:38:03');
INSERT INTO `vote` (`cars_id`, `user_id`, `vote`, `created_at`, `updated_at`) VALUES (51, 75, 8, '2015-10-04 11:22:53', '2019-12-20 05:00:02');
INSERT INTO `vote` (`cars_id`, `user_id`, `vote`, `created_at`, `updated_at`) VALUES (1, 53, 6, '2013-12-21 20:19:22', '2014-06-16 08:26:25');
INSERT INTO `vote` (`cars_id`, `user_id`, `vote`, `created_at`, `updated_at`) VALUES (54, 10, 8, '2020-12-01 14:04:59', '2019-04-17 15:06:21');
INSERT INTO `vote` (`cars_id`, `user_id`, `vote`, `created_at`, `updated_at`) VALUES (36, 82, 7, '2012-02-17 00:59:00', '2016-11-08 15:36:51');
INSERT INTO `vote` (`cars_id`, `user_id`, `vote`, `created_at`, `updated_at`) VALUES (90, 100, 1, '2020-07-15 20:48:18', '2018-08-23 05:03:46');
INSERT INTO `vote` (`cars_id`, `user_id`, `vote`, `created_at`, `updated_at`) VALUES (13, 97, 2, '2020-06-21 10:45:54', '2017-09-04 06:18:59');
INSERT INTO `vote` (`cars_id`, `user_id`, `vote`, `created_at`, `updated_at`) VALUES (42, 43, 5, '2016-12-01 21:12:41', '2020-05-19 08:05:40');
INSERT INTO `vote` (`cars_id`, `user_id`, `vote`, `created_at`, `updated_at`) VALUES (98, 49, 7, '2013-11-23 23:00:32', '2020-08-27 22:34:57');
INSERT INTO `vote` (`cars_id`, `user_id`, `vote`, `created_at`, `updated_at`) VALUES (63, 30, 9, '2012-05-18 14:22:43', '2019-05-26 16:07:08');
INSERT INTO `vote` (`cars_id`, `user_id`, `vote`, `created_at`, `updated_at`) VALUES (81, 5, 2, '2011-07-11 22:52:20', '2020-09-14 11:50:52');
INSERT INTO `vote` (`cars_id`, `user_id`, `vote`, `created_at`, `updated_at`) VALUES (46, 97, 9, '2018-04-27 19:18:47', '2015-11-16 01:27:15');
INSERT INTO `vote` (`cars_id`, `user_id`, `vote`, `created_at`, `updated_at`) VALUES (42, 63, 2, '2016-09-28 18:57:25', '2014-12-05 01:24:41');
INSERT INTO `vote` (`cars_id`, `user_id`, `vote`, `created_at`, `updated_at`) VALUES (7, 15, 1, '2019-10-20 12:12:42', '2015-01-20 09:51:12');
INSERT INTO `vote` (`cars_id`, `user_id`, `vote`, `created_at`, `updated_at`) VALUES (82, 54, 3, '2017-01-17 16:46:25', '2012-04-23 16:10:22');
INSERT INTO `vote` (`cars_id`, `user_id`, `vote`, `created_at`, `updated_at`) VALUES (45, 85, 3, '2012-06-27 04:14:11', '2019-05-16 07:54:00');
INSERT INTO `vote` (`cars_id`, `user_id`, `vote`, `created_at`, `updated_at`) VALUES (67, 100, 2, '2019-06-01 09:20:56', '2021-03-29 19:50:24');
INSERT INTO `vote` (`cars_id`, `user_id`, `vote`, `created_at`, `updated_at`) VALUES (55, 32, 1, '2019-08-15 19:09:34', '2016-07-14 02:12:22');
INSERT INTO `vote` (`cars_id`, `user_id`, `vote`, `created_at`, `updated_at`) VALUES (40, 50, 8, '2014-10-19 23:17:54', '2015-06-18 13:08:57');
INSERT INTO `vote` (`cars_id`, `user_id`, `vote`, `created_at`, `updated_at`) VALUES (15, 86, 6, '2012-10-12 07:07:24', '2013-09-16 13:38:49');
INSERT INTO `vote` (`cars_id`, `user_id`, `vote`, `created_at`, `updated_at`) VALUES (21, 100, 5, '2015-06-23 08:13:48', '2017-12-13 13:57:12');
INSERT INTO `vote` (`cars_id`, `user_id`, `vote`, `created_at`, `updated_at`) VALUES (27, 96, 7, '2017-05-26 01:22:19', '2016-05-28 04:51:23');
INSERT INTO `vote` (`cars_id`, `user_id`, `vote`, `created_at`, `updated_at`) VALUES (45, 33, 1, '2019-05-27 06:25:48', '2013-04-12 17:12:50');
INSERT INTO `vote` (`cars_id`, `user_id`, `vote`, `created_at`, `updated_at`) VALUES (94, 22, 5, '2014-12-07 12:40:40', '2020-08-07 05:14:32');
INSERT INTO `vote` (`cars_id`, `user_id`, `vote`, `created_at`, `updated_at`) VALUES (90, 65, 3, '2020-08-16 09:21:11', '2013-03-13 12:40:05');
INSERT INTO `vote` (`cars_id`, `user_id`, `vote`, `created_at`, `updated_at`) VALUES (55, 55, 7, '2013-07-09 05:44:50', '2011-11-11 19:25:54');
INSERT INTO `vote` (`cars_id`, `user_id`, `vote`, `created_at`, `updated_at`) VALUES (69, 49, 6, '2012-05-13 19:28:13', '2015-01-11 09:58:59');
INSERT INTO `vote` (`cars_id`, `user_id`, `vote`, `created_at`, `updated_at`) VALUES (77, 17, 8, '2016-05-08 06:43:46', '2018-09-03 10:29:14');
INSERT INTO `vote` (`cars_id`, `user_id`, `vote`, `created_at`, `updated_at`) VALUES (79, 43, 1, '2013-10-09 05:13:17', '2012-01-25 09:27:03');
INSERT INTO `vote` (`cars_id`, `user_id`, `vote`, `created_at`, `updated_at`) VALUES (26, 23, 6, '2020-03-28 20:28:28', '2011-10-16 13:11:26');
INSERT INTO `vote` (`cars_id`, `user_id`, `vote`, `created_at`, `updated_at`) VALUES (66, 80, 8, '2014-07-08 09:41:18', '2013-04-04 08:52:40');
INSERT INTO `vote` (`cars_id`, `user_id`, `vote`, `created_at`, `updated_at`) VALUES (96, 40, 6, '2013-01-29 05:53:18', '2014-07-29 07:26:45');
INSERT INTO `vote` (`cars_id`, `user_id`, `vote`, `created_at`, `updated_at`) VALUES (12, 59, 2, '2017-10-17 18:46:14', '2017-12-05 05:41:24');
INSERT INTO `vote` (`cars_id`, `user_id`, `vote`, `created_at`, `updated_at`) VALUES (6, 93, 3, '2015-10-27 15:17:03', '2012-10-12 20:54:52');
INSERT INTO `vote` (`cars_id`, `user_id`, `vote`, `created_at`, `updated_at`) VALUES (29, 77, 3, '2011-09-20 16:34:17', '2020-02-25 17:59:15');
INSERT INTO `vote` (`cars_id`, `user_id`, `vote`, `created_at`, `updated_at`) VALUES (42, 93, 5, '2014-12-06 02:19:41', '2011-09-20 00:56:23');
INSERT INTO `vote` (`cars_id`, `user_id`, `vote`, `created_at`, `updated_at`) VALUES (38, 32, 2, '2020-12-12 16:05:28', '2015-11-24 02:54:27');
INSERT INTO `vote` (`cars_id`, `user_id`, `vote`, `created_at`, `updated_at`) VALUES (13, 43, 2, '2017-10-31 04:12:59', '2013-01-31 10:10:12');
INSERT INTO `vote` (`cars_id`, `user_id`, `vote`, `created_at`, `updated_at`) VALUES (53, 31, 8, '2014-04-23 15:35:30', '2019-07-17 00:14:53');
INSERT INTO `vote` (`cars_id`, `user_id`, `vote`, `created_at`, `updated_at`) VALUES (83, 89, 4, '2019-09-09 10:41:57', '2015-10-06 08:01:20');
INSERT INTO `vote` (`cars_id`, `user_id`, `vote`, `created_at`, `updated_at`) VALUES (77, 54, 3, '2015-09-11 01:30:21', '2013-01-18 04:45:07');
INSERT INTO `vote` (`cars_id`, `user_id`, `vote`, `created_at`, `updated_at`) VALUES (72, 97, 6, '2012-06-04 05:31:16', '2021-01-30 18:00:31');
INSERT INTO `vote` (`cars_id`, `user_id`, `vote`, `created_at`, `updated_at`) VALUES (47, 89, 9, '2020-12-19 13:30:44', '2011-08-11 00:02:09');
INSERT INTO `vote` (`cars_id`, `user_id`, `vote`, `created_at`, `updated_at`) VALUES (28, 54, 2, '2014-11-07 11:18:00', '2012-03-07 12:32:39');
INSERT INTO `vote` (`cars_id`, `user_id`, `vote`, `created_at`, `updated_at`) VALUES (67, 95, 5, '2017-09-26 00:40:56', '2019-04-11 07:04:25');

UPDATE auto_parts SET updated_at = NOW() WHERE updated_at < created_at;
UPDATE auto_service SET updated_at = NOW() WHERE updated_at < created_at;
UPDATE profiles SET updated_at = NOW() WHERE updated_at < created_at;
UPDATE cars SET updated_at = NOW() WHERE updated_at < created_at;
UPDATE cars_models SET updated_at = NOW() WHERE updated_at < created_at;
UPDATE car_book SET updated_at = NOW() WHERE updated_at < created_at;
UPDATE auto_service SET updated_at = NOW() WHERE updated_at < created_at;
UPDATE auto_parts SET updated_at = NOW() WHERE updated_at < created_at;
UPDATE orders SET updated_at = NOW() WHERE updated_at < created_at;
UPDATE media SET updated_at = NOW() WHERE updated_at < created_at;
UPDATE media_types SET updated_at = NOW() WHERE updated_at < created_at;
UPDATE friendship SET updated_at = NOW() WHERE updated_at < created_at;
UPDATE friendship_statuses SET updated_at = NOW() WHERE updated_at < created_at;
UPDATE communities SET updated_at = NOW() WHERE updated_at < created_at;
UPDATE vote SET updated_at = NOW() WHERE updated_at < created_at;

-- ------------------------------------------------------------------------------------